customer_id,customer_name,email,country,signup_date,customer_segment,lifetime_value
1,Allison Hill,donaldgarcia@example.net,India,2024-06-17,Standard,32480.67
2,Javier Johnson,jesseguzman@example.net,India,2020-12-29,Standard,36326.82
3,Kimberly Robinson,lisa02@example.net,Canada,2022-02-10,Standard,4650.84
4,Daniel Gallagher,daviscolin@example.com,India,2023-01-07,Standard,3989.14
5,Monica Herrera,smiller@example.net,France,2023-02-03,Standard,22308.84
6,Laura Bush,stanleykendra@example.org,India,2024-04-10,Standard,6117.63
7,Jamie Chavez,francisco53@example.net,Australia,2021-05-02,Standard,23937.24
8,Maria Lynch,amandasanchez@example.com,USA,2021-11-23,Premium,40317.25
9,Margaret Hawkins DDS,perezantonio@example.com,India,2022-01-02,Standard,15032.84
10,Thomas Bradley,jason76@example.net,UK,2022-04-17,Basic,43737.42
11,David Hoffman,julie69@example.com,France,2021-10-23,Standard,3513.74
12,Brenda Snyder PhD,hernandezernest@example.net,Germany,2022-02-09,Standard,8289.42
13,James Ferrell,tasha01@example.net,UK,2024-06-03,Standard,37438.61
14,Patricia Peterson,ryan70@example.net,Australia,2024-05-18,Standard,22174.96
15,Jonathan White,harrellkenneth@example.net,USA,2022-07-15,Basic,7086.66
16,James Martin,georgetracy@example.org,India,2024-08-23,Basic,17641.63
17,Sandra Parker,allenashley@example.org,Germany,2020-06-05,Basic,12464.54
18,Mr. Philip Cannon,donnaarroyo@example.org,France,2021-04-28,Standard,30089.85
19,Jenny Lewis,jenniferross@example.net,Canada,2023-04-01,Standard,47069.83
20,Joseph Martinez,calebsmith@example.net,India,2021-02-24,Basic,43803.78
21,Benjamin Welch,carlosjohnson@example.com,USA,2020-05-09,Standard,9513.46
22,Michael Lewis,jenniferkhan@example.net,UK,2022-05-13,Standard,39211.7
23,Rhonda Lee,hopkinsmichael@example.com,Canada,2022-05-02,Standard,19355.69
24,Megan Joyce,brownjessica@example.org,USA,2021-03-30,Standard,3643.5
25,Jerry Henderson,steven17@example.net,Australia,2020-06-27,Premium,18118.8
26,Kimberly Smith,housemelinda@example.org,UK,2022-01-12,Standard,41964.77
27,Dr. Steven Martin,gallowayjoseph@example.com,UK,2021-06-04,Standard,8721.24
28,Monica Logan,smoore@example.org,Germany,2024-11-03,Basic,3742.29
29,Kimberly Adkins,williamsthomas@example.net,France,2020-10-14,Premium,10865.57
30,Angela Lopez,leonardjoe@example.org,Australia,2024-09-15,Basic,19958.95
31,Lauren Williams,barnesbrandy@example.net,UK,2021-07-31,Basic,38378.79
32,Michael Edwards,randy47@example.com,UK,2024-08-23,Standard,32062.81
33,Alexandra Howell,jonesjason@example.com,Germany,2020-08-29,Premium,4271.49
34,Benjamin Sanchez,eric84@example.net,India,2024-12-01,Basic,48718.24
35,Kendra Contreras,sarah12@example.com,USA,2020-07-29,Standard,29363.21
36,Juan Nelson,jenniferharris@example.net,Canada,2024-04-06,Standard,32193.41
37,Danielle Odonnell,davisrodney@example.com,UK,2020-03-21,Standard,47676.06
38,Carlos Whitney,joycearnold@example.com,USA,2022-10-21,Standard,46238.92
39,Tony Vazquez,amydavenport@example.net,India,2022-10-05,Standard,2845.93
40,Andrew Diaz,nolanjason@example.org,France,2023-05-02,Standard,8864.73
41,Justin Baxter,sarayoung@example.org,India,2024-11-17,Premium,666.4
42,Sierra Johnson,kimberly63@example.com,Germany,2020-10-17,Standard,25909.42
43,Janet Williams,dwalker@example.com,Canada,2021-07-11,Standard,18656.28
44,Crystal Johnson,raymondramirez@example.org,Canada,2024-10-31,Basic,36673.5
45,Martin Ross,sheila14@example.org,India,2022-11-26,Basic,16817.05
46,Mrs. Linda Reed,samuel81@example.com,Germany,2024-06-30,Standard,13221.19
47,Andrew Graham,michaeljones@example.net,Australia,2024-08-08,Standard,24857.76
48,Mary Martinez,william65@example.com,Germany,2023-06-27,Premium,42982.05
49,Cheryl Ortega,lbyrd@example.net,USA,2022-11-05,Premium,38689.11
50,Roy Torres,russellcarpenter@example.net,Australia,2021-08-11,Standard,5855.15
51,Michael Dixon,donnacampbell@example.net,Canada,2023-03-01,Premium,42948.58
52,Robert Potter,jeffrey32@example.org,India,2020-03-25,Premium,18262.43
53,Miss Patricia Gibson,jennifercruz@example.com,Australia,2021-03-21,Premium,48021.07
54,Abigail Potter,osbornejeffery@example.net,India,2022-08-03,Basic,35729.64
55,David Charles,danderson@example.net,France,2022-08-27,Standard,12488.33
56,Emily Fischer,usalazar@example.net,Australia,2022-02-18,Standard,41317.25
57,Jill Moore,wcole@example.org,France,2024-03-13,Premium,33698.95
58,Richard Washington,joshuajones@example.com,India,2021-03-04,Standard,25837.13
59,Steven Miller,jessebenson@example.net,India,2021-01-25,Standard,43861.86
60,Gary Owens,clarkrobert@example.net,Australia,2024-09-23,Basic,15603.82
61,Spencer Johnston,wsmith@example.com,India,2023-10-07,Standard,18509.08
62,Tiffany Barnes,tracynelson@example.com,UK,2020-02-22,Basic,37004.84
63,Michael Powell,marycalhoun@example.net,USA,2022-09-02,Standard,48595.7
64,Leslie Alvarado,dayderek@example.com,Australia,2020-11-27,Basic,36649.92
65,Garrett Gibson,kathleen64@example.com,Germany,2021-04-05,Basic,7613.26
66,Alec Ryan,jeffrey10@example.org,Australia,2024-09-29,Premium,27123.11
67,Alex Hernandez,thomaswilson@example.org,France,2022-04-29,Standard,578.78
68,Jacob Obrien,stricklandfrank@example.com,UK,2020-07-16,Basic,18876.11
69,Eric Byrd,tsanders@example.org,Canada,2020-05-18,Standard,10339.2
70,Lori Garcia,melissa91@example.net,Australia,2023-11-30,Standard,48063.13
71,Jeffrey Wood,alexander67@example.org,Australia,2022-03-02,Premium,14063.28
72,Steven Stevens,ryangross@example.net,India,2021-05-08,Standard,42290.66
73,Kimberly Webb,lpetersen@example.com,UK,2021-08-11,Basic,22977.06
74,Timothy Ramirez,dsanchez@example.net,Canada,2023-01-19,Standard,25320.85
75,Allen Rosales,tonykelly@example.com,France,2021-09-13,Standard,29635.6
76,Meredith Hill,blackjames@example.org,India,2023-08-07,Standard,6622.34
77,Peter Vaughn DDS,bwest@example.org,UK,2021-06-21,Basic,46309.49
78,David Beck,thomas85@example.com,UK,2024-12-24,Basic,16379.95
79,Heather Chavez,john13@example.com,Germany,2020-08-06,Standard,47183.38
80,Pamela Lopez,joannahill@example.net,India,2024-11-18,Basic,5537.74
81,Diane Garcia,kennethward@example.com,India,2020-01-26,Standard,15770.26
82,Denise Mccann,heidi27@example.org,India,2024-05-12,Standard,38539.8
83,Julie Alexander,tammyking@example.com,Germany,2020-07-27,Standard,42638.86
84,John Ray,hernandezlisa@example.com,India,2020-06-04,Basic,15280.33
85,Justin Butler,kimberlyjames@example.com,France,2021-06-26,Standard,10829.54
86,Jessica Carroll,lynchjody@example.org,Canada,2023-02-16,Premium,35586.75
87,Brad Allen,moorericky@example.net,Australia,2022-12-20,Standard,2542.64
88,David Mann,ojones@example.com,UK,2023-12-09,Basic,8776.0
89,Mary Peck,owilson@example.net,Australia,2020-09-29,Basic,27842.09
90,Charles Brown,brooke94@example.com,Germany,2020-08-15,Premium,5185.18
91,Melissa Bender,mkim@example.org,Canada,2024-06-12,Premium,3177.29
92,Lindsey Johnson,suzannehuff@example.net,Canada,2022-12-08,Standard,9986.84
93,Phillip Underwood,hinesgregory@example.net,UK,2023-04-04,Standard,46884.99
94,Catherine Richards,ecosta@example.com,India,2022-01-15,Standard,45879.69
95,Brian Martin,ssteele@example.net,India,2024-09-21,Basic,9967.74
96,Krista Gibson,johnny16@example.net,France,2024-02-15,Basic,4689.73
97,Sean Murray,lopezmichael@example.com,Canada,2023-02-15,Basic,6214.13
98,Christina Dunn,samuel71@example.org,Australia,2024-11-11,Premium,46214.17
99,Cynthia Moore,tranchristopher@example.org,Germany,2022-04-22,Basic,24856.71
100,Ronnie Jimenez,william46@example.com,UK,2024-11-24,Standard,17761.77
101,Juan Reyes,michellehill@example.com,Australia,2021-09-12,Standard,22355.97
102,Debra Smith,mary97@example.org,USA,2022-03-26,Standard,30887.16
103,Mr. Phillip Bennett,molly39@example.com,France,2021-03-02,Standard,44150.65
104,Amanda Garner,qhughes@example.net,Germany,2024-11-25,Premium,19212.46
105,Andrew Shaw MD,sawyerscott@example.net,UK,2024-07-20,Standard,39880.18
106,Charles Pitts,charlesharrington@example.com,USA,2021-09-10,Basic,27228.47
107,Marie Christian,ofinley@example.net,India,2024-06-08,Standard,35697.2
108,Joshua Williamson II,wendy16@example.org,Germany,2023-10-20,Basic,17267.3
109,Ashlee Jackson,rebecca05@example.org,Germany,2021-06-19,Standard,13594.74
110,Charles Schmidt,georgemiller@example.com,India,2023-02-05,Standard,1562.24
111,Thomas Thomas,dlittle@example.com,Canada,2023-05-02,Standard,40451.83
112,Julie Roberts,charleslandry@example.net,Germany,2021-06-30,Standard,29241.05
113,Melissa Bryant,james67@example.org,USA,2021-03-09,Premium,12468.07
114,Laura Haney,andrew64@example.org,USA,2022-10-30,Standard,39582.74
115,Natasha Williams,swall@example.org,Canada,2023-01-13,Basic,47395.34
116,Mark Oliver,courtneyberger@example.net,France,2020-03-12,Basic,19482.28
117,Amanda Diaz,christopherphillips@example.net,Australia,2022-01-28,Basic,8768.23
118,Richard Walter,alyssa42@example.com,USA,2024-07-27,Standard,36931.44
119,Tracy Phillips,linda71@example.org,UK,2023-10-09,Standard,35202.3
120,Michael Craig,zcoffey@example.net,UK,2021-10-29,Standard,7190.9
121,Alexis Herrera,vrichardson@example.net,Australia,2021-04-23,Basic,40539.02
122,Mark Watson,thomasharvey@example.net,Australia,2021-08-21,Standard,8860.28
123,Maria Reid,tblankenship@example.net,India,2022-01-15,Premium,30122.97
124,Tracy Torres,pwilson@example.net,India,2020-09-04,Standard,16653.53
125,Michael Paul,umatthews@example.org,France,2024-06-04,Basic,17103.88
126,Sandra Gilbert,antonio53@example.com,USA,2022-03-23,Basic,43424.03
127,Jack Pollard,amy50@example.com,India,2021-05-18,Premium,35264.35
128,Tiffany Holloway,batesdarlene@example.net,India,2024-11-08,Premium,26362.11
129,Gavin Zhang,caseyhubbard@example.org,UK,2022-12-06,Premium,35256.45
130,Crystal Schroeder,ramireztracey@example.org,France,2022-09-13,Standard,16894.4
131,Ashley Delacruz,alexistyler@example.org,UK,2022-12-11,Basic,36644.37
132,Derek Martinez,vfox@example.org,Germany,2022-05-19,Standard,24411.28
133,Kayla Rodriguez,soniawilliams@example.net,UK,2022-08-10,Basic,28142.67
134,Victor Brown,bboone@example.net,Australia,2020-07-16,Standard,17905.59
135,Jill Lam,charlene12@example.com,France,2023-02-14,Basic,18981.37
136,Michelle James,shawn96@example.org,Canada,2023-12-19,Standard,8967.64
137,Matthew Rich,russellbeasley@example.com,India,2021-09-10,Basic,28684.46
138,Jason Davis,qedwards@example.com,Canada,2024-10-07,Basic,28417.39
139,Kara Davis,daviscolin@example.net,USA,2021-11-11,Standard,40459.47
140,Anthony Frye,elizabeth65@example.net,France,2024-09-14,Standard,5295.1
141,Thomas Williams,caroline51@example.net,Germany,2022-07-15,Standard,3982.55
142,John Boone,megan51@example.com,UK,2022-11-14,Standard,31845.72
143,Sarah Villegas,,Australia,2021-05-03,Basic,33534.23
144,Michael Parker,michael22@example.net,Canada,2023-04-15,Standard,668.64
145,Patrick Bonilla,reesejason@example.com,USA,2022-04-08,Standard,17589.01
146,Eric Nguyen,wareeric@example.net,Canada,2020-03-31,Basic,2502.56
147,Jeremy Coleman,nperry@example.net,Germany,2020-07-26,Standard,8400.29
148,Douglas Gregory,trose@example.org,UK,2021-02-06,Basic,17626.44
149,Mrs. Christine Dougherty,kathrynroberts@example.org,UK,2020-01-15,Basic,39457.63
150,Casey James,vincentwhitaker@example.com,France,2020-05-11,Basic,11356.58
151,Amanda Smith,atkinsbarbara@example.net,Germany,2022-01-08,Basic,1767.3
152,Donna Sullivan,george97@example.net,India,2024-08-06,Standard,5325.78
153,Ryan Sanchez,zwarren@example.com,UK,2023-09-23,Basic,8129.13
154,Richard Jones,schmidtjames@example.com,India,2021-10-03,Basic,48904.27
155,Maria Hernandez,thomasjames@example.net,UK,2020-10-06,Basic,44671.99
156,Angela Bean,kmarshall@example.net,France,2022-03-30,Standard,32716.4
157,Kristy Reid,michelle52@example.com,France,2020-05-04,Standard,2772.43
158,Eric Hill,bellcharles@example.com,UK,2022-04-05,Basic,20523.07
159,Ronald Jones,gilbertwilliam@example.com,Germany,2022-11-25,Basic,27052.26
160,Nancy Williams,marcalvarez@example.org,France,2024-10-14,Standard,4886.2
161,Robert Monroe,wagnergerald@example.org,UK,2023-07-16,Standard,24598.32
162,Kelly Bishop MD,paul59@example.org,India,2023-12-12,Premium,4472.66
163,Andrea Davis,umitchell@example.net,Canada,2024-10-27,Standard,24068.39
164,Brittany Miller,sabrinacollins@example.net,India,2023-06-29,Standard,31945.71
165,Kurt Hurley,angelica52@example.net,Australia,2023-07-07,Standard,5863.9
166,Yolanda Gaines,lucasrodney@example.com,Canada,2020-02-03,Standard,44754.39
167,Trevor Peterson,ilee@example.org,USA,2020-05-20,Standard,19437.6
168,Ashley Wise,stanleynancy@example.net,UK,2020-08-27,Standard,9410.49
169,Christopher Guerra,jenniferwilliams@example.com,India,2023-05-20,Standard,13243.7
170,Jeremy Mitchell,pyoung@example.com,Canada,2024-10-29,Standard,7641.42
171,Stephanie Lee,smurray@example.com,France,2022-07-07,Premium,33440.24
172,Christopher Gonzalez,moniquewilliams@example.com,Canada,2024-05-15,Standard,37847.2
173,Ashley Singleton,mitchellkathryn@example.com,USA,2022-03-31,Premium,19416.59
174,Sandra Davis,lisawilkerson@example.org,Germany,2022-01-27,Basic,34384.69
175,James Hughes,brooksanthony@example.org,Australia,2024-03-12,Standard,11858.54
176,Raven Taylor,samantha72@example.net,UK,2022-05-06,Standard,42711.6
177,Susan Smith,marydunn@example.net,India,2023-01-16,Standard,25889.19
178,Ricardo Young,williamsrobert@example.net,France,2022-04-14,Basic,7457.64
179,Taylor Carlson,chenbailey@example.net,Australia,2020-09-19,Standard,47458.17
180,Lucas Allen,qlopez@example.org,USA,2022-08-13,Standard,9717.03
181,Troy Stephens,myerstheodore@example.net,India,2021-12-07,Premium,34187.96
182,Paul Kelly,cooperjessica@example.net,USA,2020-07-08,Basic,7479.12
183,Nicole Anderson,amy27@example.net,France,2022-05-23,Standard,36382.44
184,Chad Baldwin,mjohnson@example.org,Canada,2023-12-15,Premium,27862.57
185,Emily Collins,ihays@example.com,Germany,2021-04-07,Basic,26032.44
186,Cheryl Kelly,glennmartin@example.org,Australia,2023-12-30,Premium,35050.56
187,James Gonzales,lmorgan@example.com,France,2023-06-17,Basic,5714.69
188,Robert Adams,acostachristian@example.net,USA,2024-12-22,Standard,29175.59
189,Edward Garcia,donna47@example.net,Australia,2023-08-03,Premium,5371.18
190,Jeremy West,christina64@example.net,Canada,2024-11-24,Basic,43387.02
191,Angela Walsh,william20@example.org,Australia,2024-03-29,Basic,13280.42
192,Jessica Martinez,kimberlydiaz@example.com,France,2024-09-29,Standard,23705.03
193,Christian Cole,nathan19@example.org,USA,2022-08-24,Standard,30950.4
194,Matthew Wright,johnsonjacob@example.net,France,2021-12-07,Standard,19850.06
195,Deborah Green,nlewis@example.com,Australia,2023-06-21,Standard,2559.62
196,Mrs. Brandy Jones MD,zosborn@example.net,Germany,2024-11-01,Standard,18684.79
197,Miss Michelle Pierce,patricia22@example.com,UK,2022-07-17,Basic,15616.37
198,Curtis Taylor,jjohnson@example.net,Canada,2021-11-04,Basic,34274.12
199,Kristen Salazar,jonesraymond@example.net,Australia,2023-08-05,Standard,15093.97
200,Patricia Morrow,martinezlogan@example.org,Canada,2022-04-01,Basic,16111.33
201,Haley Humphrey,katrinaanderson@example.net,Canada,2024-07-20,Standard,4555.41
202,Caleb Hernandez,fernandodonovan@example.org,Germany,2021-09-23,Basic,20417.8
203,Stephanie Singleton,james84@example.org,Germany,2023-02-15,Standard,18758.12
204,Anna Davidson,georgeweber@example.net,India,2021-09-08,Basic,3374.29
205,Amanda Shields,williamsdarlene@example.net,France,2021-04-28,Standard,39047.77
206,Kenneth Montgomery,jimenezcourtney@example.com,Germany,2023-03-18,Standard,8769.49
207,David Aguirre,eevans@example.net,Australia,2020-04-19,Standard,2975.61
208,John Harris,larryhiggins@example.net,India,2024-12-09,Premium,18082.72
209,James Hodges,floressteven@example.com,USA,2022-03-31,Standard,23264.5
210,Anthony Dougherty,kwright@example.com,UK,2024-09-01,Basic,34090.6
211,Cheryl Moore,tjimenez@example.com,USA,2020-02-12,Standard,22360.56
212,Kathy Levy,brandywilliams@example.com,Australia,2022-06-22,Standard,27611.55
213,Martha Ruiz,booneryan@example.com,UK,2023-08-21,Basic,13007.13
214,Holly Morales,michaelroberts@example.com,Canada,2022-07-09,Premium,1469.78
215,Diana Hays,andersoncolin@example.com,India,2023-12-22,Basic,39013.52
216,Todd Fischer,carriemorales@example.org,USA,2020-03-23,Standard,11333.09
217,Gary Wells,ghernandez@example.org,USA,2021-08-21,Standard,25712.73
218,Carla Ewing,brittney88@example.net,Australia,2022-06-13,Basic,34141.77
219,Karen Smith,emily69@example.com,Germany,2023-12-25,Premium,8742.71
220,Melissa Johnson,pbaker@example.net,Canada,2022-11-20,Standard,30456.36
221,Lauren Jackson,rhernandez@example.org,Australia,2020-02-27,Basic,35497.47
222,Ashley Smith,robert63@example.com,USA,2022-07-05,Basic,42594.15
223,Kaitlyn Charles,thorntonapril@example.net,Germany,2021-08-16,Standard,15177.04
224,Kelly Edwards,stevepatel@example.net,Germany,2021-10-08,Standard,29265.91
225,Michelle Schneider,chelsea33@example.com,India,2022-10-16,Basic,48327.62
226,William Evans,janet75@example.com,Canada,2021-09-28,Standard,29729.25
227,Rebecca Hill,berryamy@example.com,USA,2024-02-03,Standard,24138.75
228,Regina Roberts,stephanie15@example.com,UK,2023-04-12,Standard,16324.34
229,Cindy Clayton,sarah42@example.org,USA,2023-01-29,Standard,47614.17
230,Dana Santiago,danawilliams@example.com,France,2021-08-26,Premium,25912.95
231,Michael Taylor,richarddonovan@example.com,USA,2022-05-21,Premium,42880.04
232,Victor Morris,velezchristopher@example.net,Canada,2021-02-28,Standard,16047.33
233,Sarah Johnson,robertmonroe@example.org,India,2024-12-25,Premium,24918.9
234,Jon Zuniga,nancy04@example.net,UK,2023-01-05,Basic,20289.48
235,Frances Gibson,ismall@example.net,Canada,2022-05-04,Standard,49738.21
236,Brian Martin,twong@example.org,Canada,2020-01-26,Standard,35697.13
237,Edward Craig,gregorychase@example.com,France,2024-02-19,Standard,23839.19
238,Angie Caldwell,tinawoods@example.org,Australia,2020-01-13,Standard,15079.72
239,Jeremy Adams,kevin90@example.com,USA,2023-04-08,Standard,27956.58
240,Amy Wilson,erik84@example.net,UK,2020-08-02,Standard,37071.85
241,Elizabeth Mendez,susanmendoza@example.com,Canada,2023-09-27,Standard,45639.98
242,Jennifer Dunn,ztodd@example.net,Australia,2024-02-16,Basic,32756.29
243,Melanie Larson,foxallison@example.com,USA,2020-05-22,Standard,43584.47
244,Amy Kelley,ashleyhernandez@example.com,UK,2024-04-09,Basic,18646.95
245,Michael Love,gdavis@example.com,France,2024-01-16,Standard,5977.3
246,Jose Bryant,hansenemily@example.com,India,2023-08-13,Standard,29057.62
247,Robert Reese,williamsmelvin@example.org,France,2022-09-15,Standard,9807.74
248,Steven Andersen,ajohnson@example.org,India,2023-11-05,Standard,26538.94
249,Veronica Brewer,ybrooks@example.com,UK,2024-05-06,Basic,7623.84
250,Jaime Vega,desireebailey@example.org,Australia,2024-12-17,Standard,49360.86
251,Cameron Irwin,avilatiffany@example.com,Australia,2023-05-14,Basic,7246.89
252,Kim Morrow,stevenmoore@example.org,Australia,2024-09-07,Premium,4132.49
253,Ashley Pacheco,bmendez@example.org,UK,2021-01-11,Basic,15739.36
254,Andrew Harper,sanchezbradley@example.com,India,2021-03-03,Standard,10548.18
255,Scott Brown,jim95@example.net,Canada,2022-12-27,Standard,8005.91
256,Erica Turner,valerieboyd@example.com,Canada,2021-07-02,Basic,6557.36
257,Travis Hobbs,conniesimmons@example.com,Germany,2020-03-26,Standard,21508.37
258,Mason James,heather62@example.com,Germany,2021-11-18,Premium,26735.75
259,Kara Atkinson,meredith27@example.org,Canada,2022-10-23,Basic,44611.12
260,Kristin Anderson,jonathanrivera@example.org,Canada,2024-08-10,Standard,994.01
261,Anna Hardy,brettbennett@example.net,India,2023-01-05,Basic,11390.66
262,Chelsea Gill,timothybooth@example.com,Australia,2021-07-07,Standard,5225.14
263,Christy Lee,burgesskaren@example.org,Germany,2023-06-24,Standard,3357.82
264,Jennifer Allen,kimberly67@example.net,India,2023-03-30,Basic,22850.72
265,Ian Andrade,ugarcia@example.com,Germany,2023-10-22,Standard,21739.89
266,Dale Edwards,hartjeffrey@example.org,France,2020-01-30,Premium,49807.33
267,Lauren Cortez,elijah53@example.com,Germany,2022-11-06,Basic,8327.69
268,Juan Harding,jonathan77@example.com,Australia,2020-11-03,Basic,1054.32
269,Caroline Cortez,iwhite@example.net,USA,2024-10-13,Basic,10638.39
270,Sara Jones,duranrobert@example.net,India,2021-02-26,Standard,6245.78
271,Alexa Wagner,bruce97@example.net,France,2022-06-09,Basic,18822.1
272,Juan Smith,amanda40@example.net,France,2024-01-24,Basic,31194.43
273,Renee Browning,hullalice@example.org,France,2020-12-16,Premium,5494.86
274,Robin Adams,zmiller@example.com,Canada,2022-10-28,Premium,5877.91
275,Courtney Sutton DVM,davisnicholas@example.net,Germany,2022-05-19,Premium,12711.64
276,Michele Miller,vnewman@example.net,France,2024-11-19,Standard,34318.43
277,Stephanie Ellison,jasonparrish@example.net,India,2022-05-18,Standard,5138.89
278,Benjamin Frost,whitemelissa@example.org,Germany,2024-10-21,Standard,35066.24
279,Nicole Marquez,thickman@example.org,UK,2022-10-26,Basic,25628.08
280,Sarah Rhodes,patrick21@example.net,France,2023-09-23,Standard,39259.53
281,Brent Hall,petersonkayla@example.net,Germany,2021-12-25,Standard,38920.15
282,Alyssa Nelson,whenry@example.net,Canada,2024-09-14,Basic,17960.3
283,Michael Guerrero,bartonkenneth@example.org,UK,2023-07-26,Premium,27452.12
284,Christian Dawson,jodistewart@example.org,Australia,2020-06-16,Standard,24085.13
285,Jill Juarez,andersonjacob@example.com,USA,2022-10-14,Premium,4541.24
286,Ashley Davis,carlsonkristen@example.com,India,2020-01-23,Standard,24755.79
287,Richard Hardy,ashleyjackson@example.com,Australia,2020-11-05,Basic,3844.91
288,Derrick Thomas,ryanfisher@example.com,Canada,2023-11-30,Basic,32252.41
289,Tony Le,mwheeler@example.com,Germany,2020-07-14,Basic,13279.84
290,Travis Cook,vbrock@example.com,India,2021-09-03,Basic,43719.61
291,Shannon Mccann,kevinmorrison@example.net,Canada,2021-01-01,Standard,33870.65
292,Vincent Novak,jessica79@example.org,UK,2021-08-18,Premium,42577.17
293,Richard Diaz,brittanygardner@example.net,Australia,2023-11-02,Premium,7005.88
294,Nicholas Hahn,samuelcarter@example.net,France,2020-05-06,Standard,44736.93
295,Rebecca Chambers,cynthiaallen@example.net,Australia,2020-10-08,Standard,36680.09
296,James Cole,iaguilar@example.net,UK,2024-08-13,Standard,5780.22
297,Jennifer Johnson,jacqueline89@example.net,UK,2024-07-27,Standard,41801.85
298,David Ortega,deborahwilliams@example.net,France,2023-05-22,Standard,21144.82
299,Paul Sheppard,grodriguez@example.com,Australia,2021-02-09,Premium,6712.33
300,Kristin Watts,seanmyers@example.net,Canada,2022-12-10,Basic,42233.06
301,Haley Johnson,phillipssamantha@example.org,India,2020-07-30,Basic,24185.48
302,Brenda Collins,hmueller@example.com,Germany,2021-09-27,Standard,30605.03
303,Nathan Chavez,evanslisa@example.org,Canada,2020-02-11,Standard,43142.53
304,Brian Marsh,zacharyarnold@example.com,Australia,2022-10-19,Basic,44598.96
305,Crystal Sullivan,jacobsandoval@example.com,Germany,2020-02-23,Standard,44390.94
306,Christina Vargas,nsmith@example.org,Germany,2021-05-23,Premium,32783.18
307,Rebecca Ray,michaelgonzalez@example.org,India,2021-04-24,Basic,26288.41
308,Kelsey Fowler,lcarr@example.org,Canada,2021-09-27,Basic,11276.85
309,Lisa Cervantes,samantha91@example.net,Australia,2020-09-01,Basic,26003.07
310,Eric White,williambarnes@example.org,France,2022-11-15,Standard,21699.11
311,John Medina,angelaburns@example.org,Canada,2020-12-07,Standard,33219.16
312,Lisa Glenn,washingtonjames@example.com,France,2024-10-25,Premium,41339.25
313,Kathleen Cohen,cmckinney@example.com,Australia,2020-11-01,Standard,681.08
314,Rebecca Walker,hillamanda@example.org,Australia,2023-11-26,Standard,23517.52
315,Patricia Simpson,armstrongjoseph@example.net,Germany,2024-02-12,Premium,37596.36
316,Rodney Williams,bpayne@example.org,UK,2023-09-05,Standard,13980.04
317,Danielle Golden,colemichael@example.org,Germany,2022-03-12,Standard,18994.02
318,Patricia Young PhD,michelle96@example.org,Canada,2023-01-30,Premium,22265.02
319,Robin Trujillo,amanda98@example.org,France,2021-08-13,Premium,24972.96
320,Donna Adams,taylorkaren@example.com,UK,2024-08-04,Basic,37287.42
321,Sharon Martinez DVM,dustinmorris@example.org,India,2023-10-22,Standard,1888.01
322,Katherine Ray,courtney67@example.org,Germany,2023-03-03,Basic,39609.99
323,Anna Robertson,heather57@example.com,Australia,2021-08-20,Standard,44516.53
324,Raymond Oconnor,sreid@example.com,Germany,2024-04-01,Standard,22864.78
325,Jennifer Donaldson,troymorris@example.com,UK,2021-09-08,Basic,40847.78
326,Kylie Washington,patricia00@example.org,Canada,2023-02-17,Standard,38394.08
327,Alexis Noble,scottsmith@example.com,France,2021-01-04,Basic,18228.4
328,Bonnie Santos,nancymcdowell@example.org,Germany,2023-04-10,Premium,32979.62
329,Jacob Mckee,brettgarrett@example.net,India,2023-07-01,Standard,31719.69
330,Matthew Padilla,lewischristian@example.net,Canada,2021-02-17,Standard,18757.13
331,Alexandra Dominguez,mcneilrobert@example.org,India,2022-05-22,Basic,24671.86
332,Brandon Shaffer,edwardsnicole@example.org,Canada,2021-11-29,Basic,20519.62
333,Shelly May,caseyelliott@example.net,USA,2023-04-01,Premium,6125.22
334,Nathan Fuller,samanthajensen@example.com,Canada,2024-04-19,Standard,41245.25
335,Brian Goodwin,bbell@example.com,USA,2023-12-15,Standard,37881.75
336,Matthew Wright,kimberly04@example.org,India,2022-08-03,Standard,33639.87
337,Nicole Phillips,bowerslaura@example.org,India,2022-06-22,Basic,22923.66
338,Jonathan Wheeler,hatfieldsarah@example.org,France,2021-12-07,Standard,48196.35
339,Jennifer Payne,kathrynbest@example.org,India,2020-01-31,Basic,27705.99
340,Dennis Williams,,Germany,2023-02-21,Standard,46226.11
341,Jennifer Miles,davidsonamanda@example.org,Canada,2021-05-21,Basic,34621.7
342,Jorge Harris,amandamyers@example.net,USA,2023-10-25,Basic,5267.34
343,Maria Collins,pblair@example.org,France,2021-03-22,Standard,16160.0
344,Audrey Salazar,parkerjudith@example.net,Australia,2020-11-16,Standard,30488.79
345,Chad Smith,hbenton@example.net,France,2023-11-30,Standard,19953.71
346,Carol Martinez,jessica10@example.com,UK,2024-01-13,Standard,40259.36
347,Austin Joseph,crawfordwilliam@example.org,India,2022-07-01,Standard,44333.2
348,Holly Scott,shannonemily@example.org,Germany,2021-02-21,Basic,27435.52
349,Amanda Roy,brandoncox@example.org,UK,2020-11-22,Basic,27723.72
350,Amanda Pratt,pwalker@example.com,USA,2024-07-30,Standard,35747.79
351,Roger Duncan,shawrachel@example.org,France,2021-02-11,Basic,6720.32
352,Amber Morales,xcline@example.com,France,2021-08-20,Basic,8972.85
353,Aimee Gonzalez,jodi37@example.com,Germany,2022-12-16,Standard,35546.6
354,Raymond Gonzalez DVM,edwardrandolph@example.org,Canada,2021-03-01,Standard,29182.03
355,Ryan Wiley,aaron64@example.org,Australia,2021-01-09,Basic,33744.75
356,Mrs. Tonya Kaufman,jenniferdavis@example.org,Australia,2024-06-26,Standard,43886.11
357,Mercedes Watson,carpenterwilliam@example.net,UK,2024-02-06,Premium,5412.88
358,Keith Graham,joelgreen@example.com,UK,2024-08-17,Premium,2924.58
359,Ronnie Nguyen,enelson@example.org,USA,2020-09-05,Basic,49178.27
360,Ashley Garcia,aowens@example.org,France,2022-09-05,Premium,3195.44
361,Christine Parker,melissa12@example.net,Canada,2021-07-09,Standard,27104.49
362,Lindsey Lewis,eddie35@example.com,UK,2022-07-26,Standard,30843.83
363,Debbie Ewing,,France,2023-09-27,Standard,11292.94
364,Joel Lara,davidbrown@example.org,France,2020-08-26,Standard,25595.02
365,Jacqueline Mccoy,aguilarjonathan@example.org,Canada,2020-02-09,Standard,34677.51
366,Steven Ramos,christopherboone@example.com,India,2020-08-11,Standard,20886.66
367,Amber Glass,zunderwood@example.com,Canada,2020-02-23,Standard,48295.08
368,Carrie Lewis,joshuagriffin@example.org,India,2020-03-04,Basic,10234.05
369,Danielle Phillips,eandrade@example.org,Australia,2020-06-09,Basic,22208.89
370,Jason Day,crystalpham@example.org,USA,2024-12-11,Standard,35506.32
371,Heather Stephens,kcooper@example.net,UK,2021-08-10,Standard,36948.66
372,Alexander Harper,huangkimberly@example.org,USA,2024-01-16,Basic,9755.54
373,Hunter Silva,terrigarcia@example.net,Germany,2021-03-16,Basic,3816.0
374,Raven Mclaughlin,barbaramcgrath@example.com,Australia,2021-10-09,Basic,6055.76
375,Sarah Thompson,linda59@example.org,India,2023-07-08,Standard,13285.56
376,Keith Thomas,marycochran@example.com,USA,2022-09-16,Basic,381.69
377,Andrew Brown,andrewwoods@example.com,Germany,2024-08-03,Basic,2093.04
378,Carlos Love,brian29@example.net,Australia,2024-08-01,Standard,38705.68
379,Sarah Valencia,brookssheri@example.com,France,2022-12-06,Basic,15127.63
380,Frank Daugherty,fconner@example.net,Canada,2021-08-02,Standard,3736.75
381,Kristina Preston,jeffrey92@example.com,France,2021-07-14,Standard,47853.69
382,Bethany Daniel,xrosales@example.net,Germany,2020-02-29,Basic,8052.59
383,Tammy Ponce,daniellegarcia@example.com,Germany,2020-09-13,Standard,17535.21
384,Cynthia Haas,daisymccarty@example.net,Australia,2023-05-08,Standard,16620.22
385,Gabriela Smith,johnjones@example.com,UK,2023-12-08,Basic,30952.2
386,Amber Kim,acosta@example.com,Germany,2024-05-29,Standard,37631.47
387,James Poole,franciscojones@example.org,France,2021-06-22,Premium,17365.76
388,Trevor Jones,pamelamartin@example.org,USA,2022-09-25,Standard,45938.5
389,Anna Wheeler,bbush@example.net,USA,2020-10-28,Premium,44294.44
390,Brooke Garcia,terriortiz@example.net,UK,2023-08-11,Basic,5757.36
391,Deborah Campbell,codylong@example.net,USA,2024-03-13,Basic,1332.82
392,Isaac Patterson,madison97@example.org,Germany,2020-06-26,Basic,25764.02
393,Mark Rowland,tanthony@example.com,Germany,2022-05-09,Standard,14892.06
394,Deborah May,ylopez@example.com,France,2020-12-06,Standard,4209.04
395,Jeremiah Baker,anne21@example.org,India,2023-05-05,Basic,38688.59
396,Jennifer Avila,angelarandall@example.net,Germany,2022-02-03,Standard,10618.0
397,Sharon Wells,thomasmiller@example.net,France,2020-03-04,Standard,34301.72
398,Kellie Duncan,davidtodd@example.org,Canada,2024-09-28,Standard,41454.56
399,Daniel Lee,hendersonvanessa@example.com,Australia,2021-01-03,Basic,21818.36
400,Brittany Larson,,Canada,2022-10-12,Premium,34333.57
401,Shannon Stone,buchanancindy@example.net,India,2023-11-28,Basic,1990.53
402,Chase Knight,buckleyanna@example.org,India,2023-12-05,Premium,12670.21
403,Sheryl Humphrey,patrick79@example.net,India,2022-05-13,Basic,45558.23
404,Jamie Montgomery,vwilliams@example.net,UK,2021-03-09,Standard,20281.96
405,Tammie Prince,morganlaura@example.com,UK,2021-05-26,Standard,6003.46
406,Michael Garcia PhD,kevinmanning@example.com,India,2021-05-06,Basic,3255.56
407,Matthew Lopez,robinrussell@example.com,Canada,2023-10-18,Premium,42427.74
408,Samantha Robertson,cameronmckinney@example.com,UK,2020-09-04,Standard,14562.85
409,Sherry Johnson,nancygonzalez@example.org,France,2021-03-31,Standard,14147.72
410,Thomas Bush,micheal78@example.com,Australia,2023-03-06,Standard,41123.91
411,Andre Watson,ethompson@example.net,India,2022-10-03,Premium,11071.3
412,Ryan Green,mitchellpaul@example.org,Canada,2024-04-08,Basic,42488.43
413,Cindy Walker,ericaadams@example.com,UK,2022-07-26,Standard,14973.02
414,Tracy Fleming,pbuck@example.org,Australia,2023-01-02,Basic,43370.23
415,David Trujillo,jennifer46@example.com,France,2024-04-03,Basic,656.4
416,Daniel Turner,asilva@example.net,Australia,2024-12-29,Premium,2184.48
417,Sara Hoffman,kenneth17@example.org,France,2021-09-06,Standard,27421.52
418,Frederick Hill,jacob83@example.org,India,2024-01-10,Standard,37097.38
419,Lindsay Guerrero,jenniferrios@example.com,Canada,2021-04-18,Standard,45290.84
420,James Johnson,matthewreeves@example.net,Canada,2022-09-03,Premium,9281.24
421,Susan Powers,megan82@example.com,France,2020-06-27,Standard,5819.66
422,David Stokes,staceylam@example.net,France,2020-06-12,Standard,2813.98
423,Patrick Parker,nathan94@example.com,Canada,2024-04-03,Basic,27487.67
424,Sean Silva,kennedyjames@example.org,France,2024-05-03,Premium,33617.09
425,Edwin Brown,derrickgonzalez@example.com,USA,2024-12-07,Premium,29071.72
426,Victoria Thomas,kimberlyfreeman@example.net,Australia,2024-12-06,Standard,33597.65
427,Anthony Hayes,kathleenjackson@example.org,USA,2022-06-12,Standard,3583.46
428,Anita Mendez,epowell@example.com,USA,2020-01-09,Standard,16484.47
429,Monica Dodson,katherine83@example.org,France,2023-05-20,Standard,7704.51
430,Danielle Steele,larry16@example.net,Germany,2022-12-10,Basic,47937.08
431,Rodney Evans,stephen89@example.net,USA,2021-09-08,Standard,39304.44
432,Whitney Cooper,mhoward@example.org,France,2024-09-27,Standard,13906.32
433,Jennifer Perez,jasonjohnson@example.net,UK,2020-11-04,Standard,16644.99
434,Matthew Johnson,kelsey90@example.net,Germany,2024-12-21,Standard,38760.87
435,Martha Smith,butleromar@example.net,Germany,2021-04-06,Premium,32313.03
436,Christine Jennings,turnerdorothy@example.net,India,2022-08-08,Standard,41339.54
437,Mercedes Barnes,huntchristine@example.com,Australia,2020-07-27,Premium,36703.88
438,Craig Gonzalez,marie35@example.net,France,2022-01-18,Basic,44616.05
439,Joshua Lozano,arivera@example.org,Canada,2023-05-11,Standard,40650.86
440,Sara Caldwell,stacychan@example.org,France,2023-08-14,Basic,10716.76
441,David Hall,joseph01@example.org,India,2024-05-15,Standard,44709.9
442,Heather Rhodes,grodgers@example.org,Germany,2020-01-18,Standard,7516.79
443,Matthew Murphy,rfriedman@example.net,UK,2020-06-18,Basic,29521.08
444,Catherine Morales,ynelson@example.net,Australia,2024-04-02,Premium,25106.05
445,Mariah Robles,andersonjessica@example.org,India,2020-07-08,Standard,628.52
446,Karen Carroll,ywhite@example.com,USA,2023-01-21,Basic,49094.47
447,Sheryl Acosta,timothyfreeman@example.com,France,2022-03-15,Basic,7104.5
448,Matthew Smith,tiffanysantiago@example.com,USA,2022-08-05,Standard,28334.05
449,Lisa Reynolds,timothyalvarado@example.net,Australia,2021-12-03,Premium,36627.02
450,Kristin Huerta,smithsarah@example.net,Australia,2024-03-29,Premium,38097.47
451,Sheila Jones,vflores@example.com,USA,2020-04-01,Standard,11777.53
452,Mason Powell,christianwallace@example.net,France,2022-03-29,Standard,39593.88
453,Jillian Wilson,bmcgee@example.org,UK,2022-01-06,Basic,44089.44
454,Joshua Petersen,pamela83@example.net,India,2023-05-11,Standard,5250.93
455,Heidi Brown,meganrivera@example.net,Australia,2022-12-31,Standard,13747.42
456,Heidi Chavez,malonejeffrey@example.com,Canada,2021-10-10,Standard,28550.99
457,Rebecca Kelley,jacqueline02@example.com,UK,2020-09-13,Standard,29425.17
458,Mikayla Rodriguez,jacobconrad@example.com,Australia,2021-01-28,Premium,12654.16
459,Cheryl Morgan,owilliams@example.net,Australia,2022-12-11,Standard,20351.53
460,Joanna Barrett,tamarasmith@example.net,Canada,2020-03-29,Standard,39653.61
461,Sara Webb,heatherthompson@example.org,Australia,2020-07-08,Premium,44113.51
462,Lisa Morris,mbarnes@example.net,Germany,2023-10-24,Standard,25775.61
463,Victor Waller,iballard@example.com,USA,2023-01-05,Premium,7952.13
464,Kayla Cameron,jennifer83@example.org,France,2021-01-17,Basic,33089.37
465,Melissa Morse,tinasantos@example.org,UK,2022-07-09,Standard,5755.6
466,Erica Wilson,anna99@example.net,France,2023-07-20,Standard,29580.47
467,Stephanie Ferguson,hstokes@example.org,France,2020-02-16,Standard,12259.15
468,Michael Gonzalez,tonyavega@example.org,India,2024-03-12,Standard,6822.73
469,Elizabeth Molina,howardshaun@example.net,Germany,2024-05-04,Basic,7428.57
470,Sharon Newton,yyoung@example.net,USA,2021-06-09,Basic,25880.37
471,Tammy Hughes,tammy00@example.net,UK,2021-04-03,Basic,31917.37
472,Priscilla Berg,rhondabush@example.net,Australia,2021-11-02,Basic,41083.04
473,Nancy Gonzalez,kellythompson@example.net,Australia,2020-05-15,Standard,30365.64
474,Nancy Wilson,pattersonangela@example.org,Germany,2020-10-20,Standard,11046.25
475,Abigail Owens,billmcfarland@example.net,UK,2020-04-02,Premium,29174.04
476,Lisa Stanley,jtyler@example.com,Canada,2020-05-13,Standard,25589.16
477,Kelly Krueger,hartmanerik@example.net,USA,2022-09-07,Standard,46125.36
478,Daniel Lewis,mark43@example.net,France,2022-08-26,Premium,18972.75
479,Samantha Zavala MD,sean99@example.org,India,2024-10-16,Premium,26183.3
480,Erica Moon,cruzamber@example.com,Australia,2020-02-15,Standard,41343.06
481,Patricia Robertson,stucker@example.net,France,2020-12-17,Premium,45090.25
482,Tiffany Jackson,simsjason@example.net,France,2023-11-13,Basic,26618.35
483,Jessica Garcia,elucas@example.net,Canada,2023-06-06,Premium,33003.69
484,Mitchell Johnson,brownlaura@example.net,Australia,2020-05-08,Standard,159.89
485,Susan Russell,bmccoy@example.com,Australia,2020-01-31,Standard,21631.69
486,Kimberly May,avilabrenda@example.net,UK,2024-03-28,Basic,34912.38
487,Jonathan Roberts,catherine47@example.com,Germany,2021-12-22,Basic,24157.96
488,Kara Ferguson,julierobles@example.net,Canada,2021-06-22,Standard,40250.59
489,Elizabeth Eaton,susan08@example.net,Australia,2020-09-15,Basic,28848.43
490,Kenneth Long,torreskaitlin@example.net,UK,2021-09-19,Standard,38316.36
491,Matthew Hunt,jackjensen@example.com,Australia,2020-12-20,Premium,29954.79
492,Robert Phelps,enewman@example.com,Germany,2023-05-11,Standard,372.93
493,Craig Carpenter,michael31@example.com,Canada,2023-02-05,Premium,26174.78
494,Emily Hayes,heather29@example.net,Germany,2021-10-27,Standard,10350.39
495,Jeffrey Smith,kristenjoseph@example.net,Canada,2022-03-07,Standard,5418.5
496,Brandy Quinn,wford@example.com,UK,2022-06-08,Standard,13139.01
497,Matthew Miller,michele28@example.org,Germany,2021-04-25,Standard,30632.85
498,Angela Jones,atkinsoncrystal@example.net,Australia,2022-11-23,Standard,10264.31
499,Christy Johnson,amy87@example.net,Germany,2023-11-16,Standard,9018.11
500,Daniel Barton,dennis88@example.org,Germany,2021-12-25,Standard,49426.56
501,Mary Charles,katherinetaylor@example.org,France,2020-11-23,Basic,19966.67
502,Mary Faulkner,ccrosby@example.org,India,2023-10-22,Basic,6042.38
503,Dennis Young,aprilmoody@example.com,USA,2022-05-07,Basic,47467.33
504,Anthony Hooper,dakota84@example.net,India,2021-04-25,Standard,39325.45
505,Carrie Valdez,briana18@example.com,Canada,2021-11-18,Standard,34259.77
506,Kelli Gomez,tommy79@example.org,India,2022-07-05,Standard,31830.24
507,Christopher Jones,jason22@example.com,Canada,2023-01-04,Basic,23636.27
508,Mary Perry,jennifer77@example.com,France,2021-01-19,Premium,13228.29
509,Roy Johnson,andersonbrittany@example.org,UK,2023-02-23,Standard,36252.29
510,Kenneth Brown,sandra86@example.net,Australia,2024-11-04,Standard,32843.14
511,Sherry Luna,stacey37@example.net,UK,2024-12-17,Basic,2967.41
512,Carolyn Greer,laurahoover@example.org,Canada,2023-02-11,Premium,24768.98
513,Carol Jennings,ecarlson@example.org,India,2021-11-21,Basic,46544.85
514,Alan Mills,mserrano@example.org,Germany,2020-11-19,Premium,39219.58
515,Linda Rich,davisdonna@example.net,Germany,2022-09-11,Standard,30797.98
516,Todd Gregory,xboyd@example.org,France,2023-06-27,Standard,32785.45
517,Todd Olson,zbell@example.net,Australia,2024-07-15,Premium,13869.25
518,Laura Coleman,thomas31@example.com,UK,2022-12-28,Standard,20332.0
519,Deanna Smith,lanedavid@example.org,USA,2021-11-15,Premium,35210.73
520,Robert Ortiz,mooredenise@example.com,Australia,2021-04-22,Standard,36334.32
521,Krystal Carr,afischer@example.net,Germany,2023-12-02,Standard,17439.01
522,Mr. Justin King,becky62@example.net,Canada,2020-08-05,Standard,48156.55
523,Richard Avery,lewisrichard@example.com,Germany,2024-01-02,Standard,332.11
524,Melinda Williams,aoconnell@example.org,USA,2024-02-12,Standard,27975.67
525,Kyle Davis,jeffrey19@example.org,Germany,2023-08-15,Standard,5938.75
526,Jennifer Douglas,jennifer90@example.org,Germany,2023-03-15,Standard,26941.38
527,Dakota Sandoval,james98@example.net,Canada,2023-06-29,Standard,22194.16
528,Megan Ward,cantrellchristopher@example.com,UK,2023-11-24,Standard,12239.34
529,James Willis,mclaughlincasey@example.org,UK,2022-09-30,Basic,34111.57
530,Kristin Aguilar,sylvia43@example.net,Australia,2024-10-24,Basic,24150.31
531,Jared Smith,richardrodriguez@example.org,USA,2022-07-07,Standard,39453.94
532,Bruce Palmer,nancy94@example.net,USA,2022-03-19,Basic,40028.05
533,John Sanchez,susan77@example.net,UK,2024-04-23,Standard,26829.03
534,Mr. James Kramer,ericahall@example.com,France,2022-01-23,Standard,14435.75
535,Joseph Haynes,john16@example.net,UK,2023-09-29,Basic,17165.44
536,Justin White,michael94@example.org,Germany,2024-09-25,Premium,15762.25
537,Susan Porter,jimmyallen@example.com,USA,2021-01-12,Standard,9220.94
538,David Montgomery,kimberlywilson@example.org,Canada,2023-05-19,Basic,9589.36
539,Lisa Duran,charlesnathan@example.com,Canada,2022-06-18,Standard,12178.62
540,Dr. Sheila Henry,raymond92@example.org,USA,2022-08-17,Standard,41763.53
541,Todd Johnson,phillip27@example.org,Canada,2023-06-28,Standard,38969.03
542,Michael Smith,nicolasgarcia@example.com,India,2023-01-23,Premium,47793.41
543,Joshua Young,vmullen@example.com,Germany,2020-12-01,Premium,42868.76
544,Jason Goodwin,melissa47@example.org,Australia,2022-11-09,Basic,18622.71
545,Melissa Olsen,linda86@example.com,UK,2020-12-24,Basic,44061.26
546,Nancy Kennedy,thompsonvictor@example.net,France,2022-08-02,Standard,9225.31
547,Rachel Evans,rosshannah@example.org,Canada,2021-01-28,Standard,19954.19
548,Ryan Davis,jordan58@example.net,Canada,2024-08-28,Premium,26334.2
549,Alejandro Martinez,barbarasantos@example.net,UK,2020-11-14,Basic,1724.88
550,Heather Nunez,champton@example.org,UK,2021-11-26,Basic,38817.61
551,Mark Thomas,daniellemcfarland@example.com,Germany,2023-02-26,Premium,25958.44
552,Sarah Jones,matthewedwards@example.net,UK,2021-06-16,Premium,33737.74
553,Matthew Nelson,xnorman@example.net,UK,2022-12-07,Premium,18143.96
554,Jennifer White,martinezjimmy@example.com,Australia,2024-09-13,Premium,13216.17
555,Angela Jackson,davissharon@example.com,USA,2022-09-28,Basic,17220.51
556,James Hubbard,,USA,2023-04-10,Standard,21012.74
557,Ellen Wright,scott22@example.net,Canada,2024-03-11,Standard,20089.57
558,Matthew Dalton,michelle78@example.com,Germany,2022-09-28,Standard,48965.7
559,Travis Ryan,owelch@example.net,France,2022-03-05,Basic,36068.69
560,Kimberly Stout,zfernandez@example.org,Canada,2022-03-17,Standard,42829.81
561,David Torres,millskatherine@example.org,USA,2021-09-19,Basic,36953.25
562,Adam Weeks,xevans@example.com,Germany,2023-12-28,Premium,21133.88
563,Rebecca Kelley,robertcastro@example.com,India,2021-04-01,Basic,31569.53
564,Maria Clayton,josehenderson@example.org,Germany,2022-08-01,Standard,24382.35
565,Lisa Benson,justin84@example.com,USA,2020-12-09,Basic,2480.69
566,Chad Rodriguez,rwilliamson@example.net,India,2023-02-11,Premium,10851.82
567,Alec Williams,lopezcurtis@example.com,USA,2020-08-16,Basic,4905.46
568,Adam Davis,snydermatthew@example.com,Canada,2023-12-05,Standard,18079.3
569,Mr. Michael Johnson Jr.,brianrowe@example.org,Germany,2022-09-18,Basic,17272.6
570,Steven Wright,hclayton@example.net,UK,2021-03-30,Standard,34011.33
571,Jessica Rojas,gonzalezjill@example.org,France,2022-08-09,Standard,32528.29
572,Mrs. Melanie Collins,eric08@example.net,Germany,2020-08-11,Basic,14301.98
573,Mr. Isaac Williams,teresayoung@example.com,UK,2021-08-15,Standard,38759.74
574,Donald Wilson,albertwilliams@example.net,Germany,2022-05-17,Premium,30721.82
575,Jacqueline Davis,vincentparks@example.com,Germany,2024-08-26,Basic,43426.06
576,Lori Brown DDS,martinezjesse@example.net,France,2023-12-10,Basic,21148.64
577,Renee Gonzales,andrewgray@example.net,France,2020-09-03,Standard,45362.95
578,Karina Kim,amy73@example.net,India,2020-12-06,Standard,15742.75
579,Nicholas Hill,caseymoore@example.com,France,2024-02-05,Basic,30308.71
580,Jordan Parsons,bgross@example.net,UK,2024-04-13,Basic,39070.6
581,Cynthia Le,rlee@example.com,Australia,2023-10-30,Basic,26094.69
582,Douglas Ortiz,daniel81@example.org,Germany,2024-03-05,Premium,42725.17
583,Shane Harris,clee@example.net,India,2023-03-17,Standard,12657.19
584,John Hanson,brandon39@example.net,Canada,2020-05-09,Basic,10607.52
585,Christine Henry,mcdonalddanielle@example.com,UK,2022-10-15,Premium,46846.0
586,Jennifer Wood,colonjoseph@example.org,Germany,2023-09-02,Premium,38569.59
587,Angela Lewis,garciajerry@example.com,Germany,2020-12-11,Basic,5286.03
588,Danielle Garrett,angelagrant@example.net,France,2020-07-11,Premium,46586.32
589,Heather Ellis,kandrade@example.org,UK,2022-10-01,Standard,36905.9
590,Mary Ferguson,umahoney@example.net,Germany,2024-12-15,Premium,26384.44
591,Jacob Duran,umckenzie@example.net,USA,2021-03-15,Premium,17906.38
592,Jaime Pierce,michael77@example.com,Australia,2020-01-01,Basic,23412.95
593,Duane Smith,victoriaturner@example.com,Australia,2024-12-02,Basic,27472.41
594,Ethan Ingram,samantha88@example.net,India,2024-08-17,Basic,27010.45
595,Andrew Kelly,josephpreston@example.org,France,2021-03-01,Standard,37470.69
596,Anna Ross,jessicacummings@example.com,Australia,2020-11-11,Standard,32025.35
597,Melissa Johnston,larsonkevin@example.net,Germany,2024-01-16,Basic,24134.42
598,Richard Weeks,michael66@example.org,USA,2024-05-07,Premium,15462.62
599,Matthew Guzman,walterscrystal@example.org,UK,2021-07-10,Premium,626.74
600,Joshua Hernandez,ericnunez@example.com,Germany,2024-11-08,Basic,6901.39
601,Laura Davis,zroberts@example.org,UK,2020-08-29,Standard,34419.72
602,Kenneth Williams,zbaker@example.net,Germany,2022-03-04,Basic,15050.56
603,Pamela Castillo,tonypearson@example.org,Canada,2022-10-21,Basic,29890.49
604,Kelly Allen MD,kmorris@example.org,Canada,2020-07-24,Standard,9509.69
605,Jacob Lee,brittney04@example.org,Australia,2024-12-08,Standard,12569.82
606,Wanda Ramos,scottglass@example.org,Canada,2020-12-30,Standard,41438.5
607,Peter Farrell,singhjohn@example.net,USA,2024-08-19,Premium,31303.62
608,Samantha Smith,torresthomas@example.com,Germany,2021-01-16,Basic,30699.49
609,Christina Mills,ana92@example.net,France,2023-06-29,Standard,32458.01
610,Kevin Alvarado,scottbrian@example.org,Germany,2023-12-12,Standard,9481.23
611,Amy Pena,jonesdonna@example.net,India,2024-04-04,Premium,5606.78
612,Sharon Smith,yhall@example.net,Germany,2024-11-18,Standard,35053.58
613,Ethan Delacruz,lopezvincent@example.com,Germany,2022-10-20,Standard,7692.25
614,Amanda Nielsen,matthew62@example.org,Australia,2021-09-25,Premium,48619.4
615,Mario Young,lisa46@example.org,USA,2024-09-19,Premium,21976.99
616,Courtney Peterson,fsandoval@example.net,India,2021-11-28,Premium,834.77
617,Lisa Garrett,robertberry@example.com,USA,2024-11-07,Standard,39307.69
618,Erin Daniels,denisecarpenter@example.net,Germany,2023-12-31,Standard,34877.05
619,Ellen Thornton,russellstout@example.org,India,2023-04-13,Premium,37553.42
620,Brooke Jones,whitemary@example.org,USA,2023-08-20,Standard,19681.85
621,Sheryl Gutierrez,vturner@example.net,Germany,2024-08-31,Premium,44795.38
622,Richard Rodriguez,anthonyodom@example.net,USA,2021-05-02,Standard,729.51
623,Crystal Hall,howardhailey@example.com,Australia,2020-09-01,Basic,19301.42
624,Julie Banks,melissahenry@example.org,Australia,2020-10-26,Standard,49727.32
625,Jason Novak,stephanie33@example.org,USA,2020-04-30,Basic,4788.62
626,Victoria Camacho,dwatts@example.org,France,2022-02-19,Standard,19517.24
627,Lisa Holloway,phillip99@example.net,Australia,2022-08-17,Basic,8014.71
628,Rachel Meyer,cbryant@example.org,Canada,2022-08-05,Basic,27524.04
629,Nicholas Grant,leescott@example.com,India,2023-11-13,Standard,15010.77
630,Christopher Phillips,vaughnrebecca@example.com,UK,2024-02-24,Premium,33368.07
631,Nathan Wilson,phillipmorris@example.org,Australia,2020-11-22,Standard,21764.67
632,Michelle Harris,udavis@example.net,India,2023-03-30,Basic,29276.37
633,Carly Quinn,wilsonshannon@example.com,UK,2020-06-04,Standard,48444.86
634,Monica Hester,nicholasjames@example.org,France,2024-07-23,Standard,34451.49
635,Mary Hernandez,haroldjoseph@example.com,USA,2021-07-16,Basic,12511.24
636,Tonya Roberts,davidanderson@example.org,Germany,2020-01-07,Standard,16987.26
637,Alexandria Jimenez,astephens@example.net,Australia,2024-05-30,Basic,3096.61
638,Kevin Alvarez,mramos@example.net,UK,2020-01-13,Premium,26864.03
639,Diana Fuller,brandonhernandez@example.net,India,2021-09-29,Standard,15905.3
640,Andrew Lane,mark10@example.org,Germany,2022-01-31,Standard,17431.16
641,Michael Carr,tammycurry@example.com,Australia,2024-08-27,Basic,1165.51
642,Edwin Richardson,wwilkins@example.com,UK,2024-03-19,Basic,12609.74
643,John Martinez,mark68@example.org,India,2023-06-24,Basic,27995.34
644,Ashley Blair,webbhaley@example.net,Germany,2021-06-08,Standard,28378.42
645,Emily Fox,sara99@example.com,Germany,2022-08-06,Standard,23472.9
646,Katherine White,jeanettekrause@example.org,Australia,2020-08-03,Standard,43041.99
647,Robert Mclaughlin,laurenduarte@example.com,USA,2020-03-24,Standard,22524.27
648,Robert Lewis,hannahking@example.org,Canada,2021-07-15,Standard,22758.54
649,Erica Smith,matthew99@example.org,Canada,2024-02-28,Standard,36709.52
650,Roy Nielsen,zhendricks@example.org,Australia,2023-03-24,Standard,18267.35
651,Mr. Steven Herrera,steven60@example.net,France,2021-06-30,Standard,3260.75
652,Emily Herrera,barbararivera@example.com,Australia,2020-04-30,Basic,9574.49
653,Ryan Morgan,ksims@example.net,France,2023-01-10,Basic,7791.16
654,Bruce Patton,janet50@example.com,USA,2022-01-25,Standard,16169.0
655,David Hayes DVM,aliciathompson@example.com,India,2023-12-04,Standard,2284.49
656,Susan Wallace,lloydrebecca@example.org,Australia,2020-12-13,Premium,1660.56
657,Morgan Mills,douglas18@example.net,India,2024-12-17,Premium,1687.68
658,Andrew Hughes,smithsarah@example.net,France,2024-03-28,Standard,24546.49
659,Felicia Small,meyerdonna@example.com,France,2020-02-11,Standard,2549.37
660,Margaret Clark,jameshill@example.com,USA,2023-11-12,Basic,753.0
661,Denise Moore,smithcindy@example.net,Australia,2020-07-05,Standard,46427.35
662,Kirsten Nelson,audrey21@example.com,Canada,2023-01-24,Standard,31981.94
663,Jeremy Anderson,dberger@example.org,UK,2021-12-01,Basic,44532.49
664,James Bush,tjensen@example.com,Canada,2024-02-01,Basic,3009.17
665,Megan Ferguson,fbradley@example.net,France,2022-05-05,Standard,36741.59
666,Michael Mckinney,oruiz@example.org,Canada,2024-04-21,Premium,10873.41
667,Susan Myers,kristina57@example.com,Germany,2020-02-25,Premium,11627.8
668,Gregory Murray,justinbailey@example.net,UK,2020-08-20,Premium,32878.14
669,Robert Robles,angela14@example.net,Germany,2022-04-21,Basic,27965.33
670,Cynthia Sanchez,terrireyes@example.com,Germany,2021-01-15,Basic,38337.54
671,Jessica Baird,amy32@example.net,France,2023-05-07,Standard,35157.27
672,Michelle Copeland,vargassteven@example.net,UK,2020-06-27,Premium,39643.83
673,Eric Sullivan,jenningscandace@example.com,Germany,2021-08-20,Standard,32910.84
674,Amy Robinson,paigeberger@example.net,Germany,2024-01-18,Standard,46682.65
675,Mary Chavez,peter97@example.org,Australia,2021-01-10,Standard,49842.83
676,Elizabeth Bauer,samantha65@example.org,Canada,2022-11-30,Standard,31698.72
677,Kayla Abbott,bryan80@example.org,Canada,2023-07-08,Standard,12112.06
678,Heather Callahan,youngjacqueline@example.com,Germany,2023-02-15,Standard,27556.91
679,Jennifer Graham,elainewells@example.org,Canada,2022-10-11,Standard,22674.93
680,Heather Butler,whitney22@example.org,Australia,2020-05-11,Premium,1829.68
681,Nathan Tucker,iproctor@example.org,USA,2020-09-07,Premium,6840.78
682,Shannon English,dhanson@example.net,Australia,2022-02-13,Premium,49221.28
683,Janice Perez,kjacobs@example.com,USA,2024-03-26,Standard,38599.0
684,Jonathan Jenkins,arthur09@example.com,Australia,2023-07-11,Basic,45963.69
685,John Vaughn,jessicafox@example.com,Germany,2022-04-28,Standard,28623.43
686,Steve Davis,qmccoy@example.net,India,2020-05-22,Standard,7889.74
687,Rebecca Edwards,bergeramanda@example.org,USA,2022-05-06,Basic,12567.86
688,Julie Gross,zgomez@example.com,USA,2021-06-12,Standard,28567.31
689,Thomas Curry,bryan79@example.org,Germany,2022-11-12,Standard,3952.36
690,Dorothy Mclaughlin,mitchellchristopher@example.net,UK,2020-05-20,Standard,24464.99
691,Darlene Gilbert,michaela01@example.net,Australia,2020-11-14,Basic,40993.81
692,Brittany Griffin,josehaynes@example.com,India,2020-11-26,Standard,1964.84
693,Amanda Riggs,caitlinunderwood@example.com,Canada,2023-10-06,Standard,39028.08
694,James Guerrero,jasonnavarro@example.com,Australia,2020-04-09,Standard,44001.65
695,Robert Williams,tross@example.com,Germany,2023-09-24,Basic,6114.97
696,Kim James,jwells@example.net,Canada,2024-05-08,Basic,42488.96
697,Timothy Cole,suzanne01@example.net,Australia,2023-03-09,Standard,31646.46
698,Jessica Hull,matthew41@example.com,India,2023-04-09,Standard,16033.9
699,Raymond Curry,aprilbyrd@example.org,Germany,2021-07-26,Standard,34918.66
700,Adam Jones,gdavis@example.net,USA,2022-03-25,Standard,49868.63
701,Douglas Lee,harveybrian@example.net,Australia,2023-04-13,Basic,28805.22
702,Tiffany Little,millercassandra@example.com,India,2023-04-13,Standard,39339.78
703,Kylie Coffey,dominguezjon@example.com,USA,2023-04-21,Standard,23845.15
704,Jesse Carney,qschwartz@example.com,Canada,2021-04-14,Standard,13201.64
705,Destiny Brown,dcook@example.com,UK,2024-10-10,Standard,34923.74
706,Jeremiah Vasquez,chelseywhite@example.com,Canada,2020-07-16,Standard,9985.62
707,Jessica Mendez,gainesjennifer@example.org,UK,2020-03-04,Standard,28102.26
708,Nicholas Waters,mosleyeduardo@example.net,Australia,2020-01-02,Standard,12191.52
709,James Hernandez,rebecca90@example.net,USA,2023-07-16,Standard,34268.42
710,Karen Powell,fernandezaaron@example.net,France,2024-02-02,Premium,20737.74
711,Mr. Timothy Howard,richard15@example.net,UK,2024-04-07,Premium,17291.79
712,Ryan Hodges,deborah28@example.org,France,2024-11-01,Basic,8545.84
713,Elizabeth Price,mccoymichael@example.org,UK,2024-06-04,Basic,40159.52
714,Collin Johnson,,France,2021-12-10,Standard,46218.24
715,Maria Porter,blevy@example.org,USA,2021-09-11,Standard,7883.96
716,Nathan Sullivan,lindsaycontreras@example.com,Canada,2024-09-12,Premium,37005.12
717,Kimberly Figueroa,sandyjohnson@example.org,USA,2022-06-11,Standard,7469.09
718,Terry Montgomery,jacquelineanderson@example.org,Canada,2023-03-01,Standard,17229.24
719,Samantha Davis,marybrown@example.org,Canada,2020-07-27,Standard,23612.4
720,Lisa Brown,ronaldcain@example.net,UK,2023-05-23,Basic,10672.58
721,William Johnston,marcoconnell@example.org,Germany,2023-10-27,Basic,27485.12
722,Gabriela Martinez,katherinejackson@example.com,France,2022-10-07,Basic,34784.05
723,Timothy Williams,moodycrystal@example.com,France,2023-11-21,Standard,45311.41
724,John Smith,saramann@example.net,Germany,2024-06-07,Standard,3099.49
725,Robert Barton,jamiebowman@example.net,USA,2022-04-02,Standard,13636.94
726,Christopher Holt,jennifersalazar@example.org,Germany,2023-02-19,Basic,3423.23
727,Hannah Smith,jamesdowns@example.org,France,2023-02-04,Standard,45652.15
728,Victoria Romero,qtownsend@example.org,UK,2021-05-19,Premium,14695.53
729,Robert Jennings,kjimenez@example.net,Australia,2024-08-11,Standard,48991.66
730,Jackson Clark,matthew70@example.org,Germany,2023-09-14,Basic,45203.22
731,Casey Floyd,erobertson@example.org,Germany,2023-08-10,Standard,4492.23
732,Erika Gonzalez,jerry15@example.org,USA,2020-06-28,Basic,28078.31
733,Sheila Bennett,charlesrichards@example.org,France,2024-06-14,Premium,46121.28
734,Timothy Gibson,dbrooks@example.net,UK,2020-12-20,Standard,37245.1
735,Derrick Rogers,schwartzbrian@example.org,India,2020-07-21,Standard,17833.37
736,Jason Wolf,oliviamunoz@example.net,UK,2024-10-05,Basic,48931.53
737,Laura Tran,christophervincent@example.com,USA,2024-04-23,Premium,12958.2
738,John Ford,blairjill@example.org,UK,2021-03-28,Basic,49519.04
739,Daniel Pennington,robinvillanueva@example.com,Australia,2024-11-24,Basic,11356.58
740,John Mack,simmonsphillip@example.net,UK,2024-02-08,Standard,6949.31
741,David Hansen,steelerichard@example.org,Canada,2020-08-30,Standard,33931.95
742,Matthew Davis,kcaldwell@example.net,Australia,2022-04-18,Standard,20924.93
743,Lauren Bray,tingram@example.com,France,2020-12-03,Standard,15687.9
744,Lori Padilla,daltonchad@example.net,France,2021-08-30,Standard,6675.43
745,Jeffery Nelson,kristinmiller@example.com,France,2023-09-05,Standard,34234.03
746,Tony Leonard,rodriguezmichael@example.net,USA,2020-03-15,Premium,34457.75
747,Matthew Bush,devonrogers@example.net,Australia,2020-07-26,Basic,21560.21
748,Todd Carpenter,karenhodges@example.com,Australia,2021-10-06,Basic,32845.96
749,Michael Ramirez,watsonshaun@example.net,Germany,2022-08-19,Premium,3483.92
750,Michael Gregory,shannon51@example.org,Germany,2024-06-16,Basic,9288.35
751,Bobby Hurst,susan11@example.org,Canada,2021-05-18,Premium,1571.22
752,Kathleen Golden,cartertara@example.net,UK,2024-08-28,Basic,48063.69
753,Jason Rojas,carterbryan@example.org,UK,2024-03-04,Basic,41102.76
754,Gabriella Lane,todd88@example.com,France,2022-04-16,Basic,7682.66
755,Stephanie Parker,jeremy54@example.org,USA,2020-09-27,Premium,1407.29
756,Tyler Montgomery,jennifermitchell@example.org,Australia,2024-03-12,Standard,30319.67
757,Mary Hernandez,darylchaney@example.net,France,2020-08-18,Standard,11622.53
758,Cody Hart,wadetiffany@example.org,India,2021-11-11,Premium,39013.33
759,Carla Turner,sullivanvictor@example.org,India,2024-09-26,Basic,23491.3
760,Brittney Cordova,deborah47@example.com,France,2024-11-05,Premium,19434.27
761,Wendy Estrada,hmorgan@example.net,Germany,2022-05-24,Premium,11391.03
762,Michael Wilson,moralesmary@example.com,UK,2021-10-14,Basic,46279.21
763,Lee Lee,kimberlywang@example.org,Australia,2020-02-11,Standard,33599.82
764,Jill Powers,daughertypreston@example.com,USA,2021-08-03,Standard,8936.2
765,Terri Kerr,raymond65@example.com,Australia,2021-11-11,Standard,30891.26
766,Gregory Madden,lewispamela@example.net,France,2024-12-17,Basic,44390.59
767,Donna Shaffer,achandler@example.org,UK,2024-03-05,Basic,30435.7
768,Briana Turner,carl96@example.org,Canada,2020-01-13,Basic,19768.12
769,Denise Thompson,wpage@example.org,Australia,2020-12-29,Standard,26854.35
770,Donna Henry,mary47@example.net,France,2023-09-12,Basic,2021.75
771,Rick Moore,stephanie71@example.net,India,2023-04-30,Standard,43900.57
772,Christopher Knox,anthonyhubbard@example.com,Australia,2024-12-20,Standard,26939.67
773,Patrick Perkins,ooneill@example.net,Australia,2022-05-19,Premium,19431.15
774,Barbara Hunt,brucefrancisco@example.org,Canada,2020-09-23,Basic,9573.53
775,Michael Howard,nelsonrobert@example.com,Germany,2020-03-29,Basic,38706.48
776,Mark Jones,katiewhite@example.org,UK,2022-12-29,Premium,14791.54
777,Frank Stewart,joseph51@example.net,Australia,2022-11-25,Standard,45193.41
778,Alexandria Holmes,kimberly65@example.org,Germany,2020-07-06,Standard,4613.0
779,Daniel Lopez,butlersabrina@example.org,Germany,2024-02-04,Premium,29313.84
780,Karen Collins,don79@example.net,Australia,2023-10-26,Standard,19714.03
781,Michael Johnson,walkermelissa@example.org,UK,2023-06-10,Premium,22738.67
782,Daniel Zavala,yvazquez@example.org,Australia,2020-05-21,Basic,44139.17
783,Nicole Williams,johnsondonna@example.net,India,2020-04-18,Standard,32463.96
784,David Jones,websterkimberly@example.net,France,2021-01-10,Premium,36689.79
785,Cathy Bell,thomasjulie@example.com,India,2024-09-28,Basic,31740.21
786,Christopher Mason,williamjones@example.net,India,2023-10-25,Basic,36371.0
787,Michelle Brandt,rachelmedina@example.net,Australia,2020-06-29,Standard,8078.99
788,Jonathan Zimmerman,helen27@example.net,Germany,2024-10-14,Premium,8627.16
789,Henry Gray,willierussell@example.com,UK,2020-08-13,Basic,43147.36
790,Chad Farmer,angela01@example.com,USA,2022-06-20,Premium,38480.92
791,Jesus Fitzgerald,aperez@example.com,India,2024-12-03,Standard,36535.07
792,Scott Jacobson,xcrosby@example.org,Australia,2020-01-24,Standard,9116.73
793,Megan Sanders,wilsonralph@example.net,Australia,2022-12-14,Basic,276.29
794,Timothy Levine,coxjames@example.org,Canada,2022-12-22,Premium,24931.62
795,Barbara Massey DDS,kathy99@example.com,Germany,2023-10-13,Basic,30438.4
796,Terri Kelly,garcher@example.com,Germany,2020-09-26,Standard,33007.58
797,Bryan Burns,courtneytaylor@example.org,Germany,2023-09-09,Standard,30100.71
798,Kathleen Johnson,patrickshelton@example.org,India,2021-07-06,Basic,13977.84
799,Paige Guerrero,msparks@example.com,France,2023-04-23,Basic,10461.12
800,Dennis Cooper PhD,,USA,2024-05-26,Premium,17516.09
801,Jerry Farrell,cstevens@example.org,USA,2022-10-13,Premium,28946.83
802,Elizabeth Mccarthy,tjordan@example.net,France,2021-12-11,Standard,4476.36
803,Laura Henry,kalvarez@example.net,India,2020-04-11,Basic,8150.63
804,Kevin Gray,katie45@example.org,USA,2020-02-21,Standard,35022.36
805,Russell Bailey,hubbardcolleen@example.com,France,2020-06-26,Standard,48318.03
806,Hunter Bell,johnwong@example.net,Canada,2020-06-04,Standard,1888.42
807,Sheila Wilson,andrewnguyen@example.com,Canada,2023-04-16,Standard,44886.74
808,Jose Fisher,dominguezbrianna@example.com,Canada,2021-11-20,Basic,42181.15
809,Kenneth Stokes,vazquezjamie@example.com,India,2022-07-07,Standard,6188.96
810,Gina Mendez,tara37@example.net,Australia,2024-03-27,Standard,20746.52
811,Sara Herrera,joseph49@example.com,USA,2024-01-09,Standard,3003.41
812,Tina Robbins,vargasjoshua@example.net,Germany,2024-01-02,Basic,26494.44
813,Daniel Flynn,william46@example.net,India,2022-09-12,Basic,30278.42
814,James Weber,jpowers@example.org,Canada,2024-05-27,Basic,21409.97
815,Kelli Lopez,vlewis@example.com,Canada,2021-05-04,Standard,28799.62
816,Rhonda Farrell,umichael@example.net,France,2020-04-19,Basic,30753.07
817,Joel Allen,megan65@example.org,Germany,2023-03-03,Basic,24937.28
818,Debra Mitchell,jonathanburke@example.com,Canada,2021-03-11,Basic,11712.81
819,Alexis Robles,steven86@example.com,UK,2023-03-27,Premium,5998.54
820,Christopher Taylor,kristine48@example.org,Germany,2023-03-22,Basic,36899.67
821,Nathan Casey,heathchristopher@example.net,USA,2021-06-28,Standard,20790.14
822,Troy Mosley,sandersmary@example.org,India,2021-03-07,Standard,40321.57
823,Kathryn Martinez,tyler13@example.net,USA,2020-08-11,Standard,34531.85
824,Erin Silva,vshaffer@example.org,USA,2024-09-04,Premium,15084.17
825,Brian Lewis,scott49@example.org,Germany,2022-06-14,Basic,5780.45
826,Travis Stewart,pwells@example.com,UK,2024-05-24,Standard,28489.18
827,Heidi Baldwin,andrew90@example.net,Australia,2023-04-24,Basic,9781.38
828,Melissa Mccormick,johnnycruz@example.net,Canada,2024-10-16,Basic,24007.5
829,Robert Martinez,miaprice@example.com,Germany,2024-08-20,Premium,6874.12
830,Elizabeth Mayer,kennethvillarreal@example.org,USA,2024-07-30,Standard,43274.7
831,Sherry Wang,rmccormick@example.org,Australia,2024-02-12,Standard,40726.91
832,Kaitlin Gutierrez,jennifer12@example.net,Australia,2021-04-21,Premium,26101.55
833,Jason Daniel,shawn00@example.net,Germany,2023-03-17,Standard,27803.34
834,Rachel Taylor,tgonzalez@example.com,India,2022-11-17,Standard,16652.79
835,David Reeves,melaniejennings@example.com,Australia,2022-04-04,Basic,3404.03
836,Brandi Thompson,lauren31@example.com,USA,2021-11-02,Basic,17023.71
837,James Davenport,andrewjohnson@example.net,UK,2023-03-27,Standard,8381.88
838,Susan Mccann,josechristian@example.org,France,2022-01-02,Premium,5930.55
839,David Davis,george91@example.org,Canada,2023-08-05,Standard,42905.19
840,Thomas Chavez,twilson@example.org,France,2020-12-13,Standard,4431.21
841,Rachael Roberts,breyes@example.org,Australia,2022-12-31,Standard,41489.93
842,Diane Byrd MD,bsparks@example.com,UK,2024-11-17,Standard,8833.14
843,Jerry Wright,emiller@example.org,UK,2024-05-10,Premium,10184.71
844,Jennifer Lewis,verickson@example.net,India,2021-04-12,Standard,39971.36
845,Anthony Cook,thomasgomez@example.net,Australia,2024-09-11,Premium,17071.78
846,Linda Goodman,smithwilliam@example.com,Germany,2021-07-06,Basic,15586.9
847,Jacob Donaldson,carpenterjorge@example.net,UK,2022-06-18,Basic,5002.75
848,John Davis,hthomas@example.com,Australia,2020-03-21,Standard,49636.75
849,Seth Davenport,sara44@example.net,USA,2024-02-23,Premium,19440.65
850,Kelly Graham,leslievang@example.org,Australia,2022-10-11,Premium,15617.97
851,Mallory Gonzales,edgarhall@example.org,India,2022-05-08,Basic,43606.57
852,John Wilson,wwilliams@example.net,UK,2022-10-21,Basic,5244.83
853,Brian Cortez,daviddavis@example.com,Canada,2020-11-25,Basic,1221.77
854,Jordan Nelson,brandybonilla@example.net,Canada,2023-11-01,Standard,10571.3
855,Thomas Sanchez,vrhodes@example.org,USA,2021-06-03,Standard,26660.56
856,Mrs. Jacqueline Hickman,hooderic@example.org,Canada,2022-04-20,Standard,13705.44
857,Karen Fuller,brooke05@example.org,USA,2023-04-13,Premium,47919.07
858,Erika Dennis,jasonwilliams@example.net,Germany,2021-05-31,Premium,27172.18
859,Natasha Payne,qdavis@example.org,Germany,2021-03-14,Standard,47169.56
860,Jennifer Smith,frankchan@example.com,Canada,2023-03-27,Standard,8646.62
861,Brittany Evans,tfitzgerald@example.net,UK,2023-01-07,Basic,27074.8
862,Brendan Richardson,tracymcclure@example.com,India,2021-05-05,Premium,45174.29
863,Ann Henderson,christina66@example.org,India,2020-03-14,Standard,4397.37
864,John Walker,sarahrose@example.net,UK,2022-08-16,Basic,44574.67
865,Jeffrey Solomon,ievans@example.net,France,2024-07-06,Standard,22347.23
866,Kelly Phillips,arnoldsamantha@example.net,UK,2020-07-15,Standard,9987.54
867,Brandon Guerrero,,Canada,2020-01-30,Basic,4019.43
868,Julie Hartman,awilliams@example.net,Australia,2021-06-27,Basic,28432.69
869,Jordan Santiago,matthew23@example.org,India,2020-05-22,Basic,34960.11
870,Mrs. Megan Hamilton,smithdarryl@example.org,India,2023-04-12,Standard,32256.49
871,Jared Sandoval,nturner@example.com,Canada,2023-06-15,Standard,47377.67
872,Megan Ballard,martinezalexander@example.org,USA,2024-01-29,Basic,12976.83
873,Chelsea Johnson,pwong@example.org,UK,2022-03-06,Premium,45871.49
874,Rachel Lee,kayla27@example.com,UK,2020-02-09,Basic,16305.58
875,Christian Park,cruiz@example.net,Germany,2021-03-19,Premium,5733.06
876,Ronald Myers,alan66@example.com,Germany,2023-09-07,Basic,14184.64
877,Kristen Roberts,gross@example.net,UK,2023-08-16,Standard,25446.69
878,Susan Dillon,jenniferrice@example.com,UK,2022-11-18,Basic,5438.37
879,Debra Wong,nwilson@example.net,Germany,2021-09-25,Premium,15175.69
880,Alisha Roberts,taylorkim@example.net,Germany,2021-02-05,Standard,12004.91
881,Gina Guzman,sanderson@example.net,USA,2023-07-22,Premium,24170.5
882,Sandra Nunez,laura29@example.org,India,2021-05-30,Standard,34733.59
883,Mary Anderson,ericvasquez@example.com,Germany,2024-09-18,Basic,28403.84
884,David Hawkins DVM,nicole52@example.org,UK,2024-02-20,Standard,8736.96
885,Amanda Brown,owilson@example.org,France,2022-10-23,Basic,35624.25
886,Dr. Richard Hammond,paula89@example.net,Canada,2020-07-09,Premium,29844.17
887,Tracy Lloyd,villegaskimberly@example.net,UK,2023-11-29,Premium,22316.29
888,Samantha Williams,jacksondavid@example.org,UK,2024-07-21,Standard,29953.13
889,Edgar Alexander,goconnor@example.org,France,2023-03-27,Standard,41011.3
890,Chad Allison,xmontes@example.org,UK,2021-03-23,Standard,3167.96
891,Gloria Wagner,adamsjennifer@example.com,USA,2021-10-20,Premium,29080.32
892,Brittany Molina,icobb@example.com,Canada,2022-01-24,Basic,37878.18
893,Jimmy Phelps,sherry72@example.org,France,2023-08-03,Standard,14646.01
894,Andrea Morgan,kholden@example.com,France,2020-04-22,Standard,10362.52
895,Mary May,levinetina@example.net,Australia,2024-05-18,Standard,39737.9
896,Jennifer Blackwell,jennifer55@example.org,France,2024-02-19,Basic,46840.16
897,Lisa Thomas,ngriffin@example.net,Canada,2023-02-14,Basic,49515.43
898,Jessica Reed,trowe@example.org,France,2020-03-08,Standard,25570.15
899,Neil Singh,abigailfernandez@example.org,Canada,2020-06-18,Basic,3214.29
900,Kelly Sherman,andrewzamora@example.net,Australia,2022-12-17,Basic,142.08
901,Raymond Barber,dennismckenzie@example.com,Germany,2023-02-18,Basic,5573.95
902,Anthony Curtis,westashley@example.org,USA,2022-04-07,Premium,21642.6
903,Dr. Virginia Cunningham,michaelmitchell@example.net,France,2022-11-11,Standard,35617.51
904,James Mclaughlin,murphybrandi@example.com,UK,2022-04-09,Standard,10639.68
905,Jeffery Jenkins,brownpamela@example.com,USA,2021-01-27,Premium,27815.54
906,Michael Powell,lwiggins@example.com,Canada,2023-03-08,Standard,20920.05
907,Melissa Gould PhD,jcolon@example.net,UK,2020-08-20,Basic,6364.9
908,Beverly Bush,bensonstanley@example.org,India,2023-09-25,Standard,7285.39
909,Jaclyn Crane,xrodriguez@example.net,Australia,2021-06-12,Standard,48751.25
910,Autumn Torres,kevin70@example.org,India,2020-09-16,Premium,40316.49
911,Amber Shannon,jason70@example.org,Australia,2022-09-26,Basic,34799.99
912,Andrew Olson,ariel56@example.com,Australia,2024-03-03,Standard,22774.28
913,Brandi Taylor,qgill@example.com,UK,2020-09-29,Basic,19297.26
914,Ann Weber,zhughes@example.com,USA,2022-09-14,Standard,470.76
915,Stacy Fitzgerald,clinejasmine@example.net,Germany,2023-02-24,Basic,35635.29
916,Ellen Brewer,leechristine@example.net,USA,2023-10-15,Basic,28859.98
917,Kelly Christensen,martinezsharon@example.org,India,2024-10-23,Premium,24215.08
918,Daniel Gallegos,imiller@example.net,UK,2021-08-08,Standard,48090.71
919,Katherine Peck,samuel60@example.net,India,2021-08-02,Basic,26367.76
920,Brian Garcia,justinwhite@example.org,Australia,2020-10-08,Basic,14043.08
921,Meghan Brown,howard04@example.com,Germany,2020-06-29,Standard,30542.52
922,Steven Scott,williamsjohn@example.net,USA,2022-12-06,Standard,33220.47
923,Paul Cruz Jr.,floresangela@example.org,France,2022-06-03,Standard,27005.94
924,David Mercado,angela91@example.org,France,2023-10-25,Standard,45188.91
925,Beth Carroll,omiller@example.net,Germany,2021-01-06,Premium,22756.34
926,Jacqueline Galloway,amandahenderson@example.net,Australia,2022-04-04,Standard,16642.55
927,John Calderon,denise20@example.org,UK,2024-08-31,Basic,14801.44
928,Mr. Ryan James,megan39@example.net,USA,2021-05-28,Standard,29922.06
929,Joseph Jones,fosterdavid@example.org,UK,2023-08-16,Basic,13096.11
930,Dr. Christine Wagner PhD,cynthia74@example.org,France,2023-04-24,Standard,28685.71
931,Daniel Haley,allen20@example.net,France,2022-05-20,Standard,36895.27
932,Megan Gutierrez,ifarmer@example.org,India,2023-12-08,Standard,6428.38
933,Angela Johnson,wchambers@example.com,India,2024-02-19,Basic,12677.34
934,Christopher Tate,martinezmitchell@example.org,France,2022-03-22,Standard,12922.09
935,Alejandro Campbell,james94@example.net,Canada,2021-02-07,Standard,45515.56
936,Tracy Johnson,tconway@example.net,Canada,2021-01-16,Standard,18551.36
937,Roberto Foster,ashley72@example.net,USA,2020-12-19,Basic,11886.17
938,Megan Morrison,cameronanderson@example.org,USA,2020-08-20,Standard,1751.22
939,Savannah Ibarra,james08@example.net,Australia,2021-04-06,Basic,29817.65
940,Jordan Pace,nashmarcus@example.com,Canada,2021-05-15,Basic,37662.79
941,Julie Ward,stephensonjeffrey@example.com,UK,2024-08-03,Standard,33067.3
942,Emily Myers,christopher90@example.net,Canada,2021-02-15,Premium,28930.09
943,Tina Stark,frankcollins@example.net,Canada,2023-02-15,Premium,13293.34
944,Jeffrey Johnson,mary31@example.com,Canada,2021-03-11,Premium,23254.34
945,Anthony Cook,sherryparsons@example.net,Germany,2022-03-11,Standard,47417.76
946,Jeremy Martinez,rangelnicholas@example.net,Australia,2020-04-28,Standard,34207.15
947,Thomas Ramos,cheryl61@example.org,UK,2023-05-22,Standard,26569.06
948,Elizabeth James,williamsonrobert@example.net,Germany,2023-12-08,Standard,39885.72
949,Jody Marshall,nhobbs@example.org,UK,2021-09-12,Standard,26559.65
950,Rachel Gibson,briana11@example.org,Australia,2022-12-22,Premium,26611.54
951,Richard Lee,danascott@example.com,UK,2022-05-29,Basic,30563.23
952,Charlene Taylor,brownlarry@example.com,France,2022-07-25,Standard,13589.27
953,Heather Silva,dylanparker@example.com,Canada,2021-06-15,Standard,29250.42
954,Kelly Sandoval,brianhunter@example.net,Germany,2024-04-16,Standard,12165.67
955,Craig Gonzalez,kristenpeterson@example.net,France,2022-05-18,Basic,26045.62
956,Julie Schwartz,christina65@example.org,France,2020-07-10,Basic,15732.16
957,Susan Crawford,fowlerheather@example.com,India,2023-02-13,Premium,3490.8
958,Nicholas Cisneros,lindsay63@example.com,UK,2020-12-02,Standard,34306.43
959,Heidi Jones MD,thomasscott@example.net,UK,2022-12-05,Basic,12669.62
960,Amanda Johnson,justinrobinson@example.com,India,2023-08-05,Standard,2938.41
961,Julian White,thompsonjose@example.org,France,2020-02-08,Basic,10919.55
962,Jamie Cobb,morganjason@example.com,France,2021-03-14,Premium,47893.99
963,Mary Pugh,ejohns@example.org,India,2020-09-20,Standard,18860.33
964,Rebecca Lee,ubenson@example.net,Canada,2022-02-23,Standard,40179.68
965,Tammy Hines,melissaphillips@example.org,USA,2021-08-21,Premium,9294.72
966,Robert Salas,fclark@example.com,UK,2023-12-15,Standard,3878.14
967,Carol Hughes,victor72@example.com,Germany,2023-07-25,Basic,38491.02
968,Karen Sosa,zadams@example.net,France,2024-08-09,Standard,38528.97
969,Amanda Robinson,shannonyoung@example.org,USA,2021-07-12,Basic,13936.65
970,Laura Walls,jonathan12@example.org,India,2021-06-22,Standard,49798.33
971,Crystal Williams,ronald76@example.com,USA,2021-11-02,Basic,8978.68
972,Mr. Alexander Alexander III,howardchristopher@example.net,India,2022-07-25,Basic,10113.39
973,Rachel House,wilsonmichael@example.net,UK,2020-12-31,Standard,5510.68
974,Gary Turner,james92@example.net,Germany,2023-09-12,Standard,30736.92
975,Alexa Evans,krista66@example.net,India,2023-10-15,Standard,13023.91
976,Matthew Hays,michelleperez@example.net,India,2023-09-29,Premium,36404.5
977,Jose Hartman,dsharp@example.com,Canada,2023-12-17,Premium,24935.3
978,Cole Carrillo,cclark@example.net,France,2020-02-24,Premium,1988.0
979,Shane Torres,porterdonna@example.com,UK,2021-09-12,Premium,16558.56
980,Michael Powell,mark09@example.org,UK,2024-08-10,Premium,35409.52
981,Troy Rivera,nbaird@example.com,Canada,2020-04-26,Standard,20255.25
982,John Murphy,tfowler@example.org,Canada,2020-11-09,Basic,3597.97
983,Cassandra Serrano,mjohnson@example.org,USA,2024-07-22,Standard,34494.14
984,Daniel Carter,gibsonmiguel@example.org,Canada,2020-11-09,Premium,26811.67
985,Jennifer Moore,andersonrobert@example.net,Australia,2020-05-05,Standard,15211.12
986,Sharon Anderson,kylemeyers@example.net,India,2022-05-16,Basic,32389.01
987,Teresa Matthews,ahill@example.org,UK,2022-03-24,Basic,17069.13
988,Lisa Wright,renee77@example.com,Canada,2022-11-18,Basic,14568.94
989,Donna Ibarra,treed@example.com,USA,2021-12-15,Standard,48378.9
990,Sarah Perry,rachelquinn@example.com,France,2021-12-03,Standard,19566.23
991,Melissa Davis,allenmonica@example.com,India,2024-05-30,Standard,24376.53
992,Mary Jones,reginajenkins@example.net,Australia,2020-08-09,Standard,9554.28
993,Pedro Gordon,robert24@example.org,India,2022-07-13,Premium,49819.54
994,Benjamin Neal,vjames@example.com,USA,2024-04-11,Standard,39657.68
995,Adam Wilson,markgoodman@example.com,France,2022-04-22,Standard,48251.2
996,Matthew Reeves,rtaylor@example.org,Canada,2020-11-07,Basic,919.27
997,Brian Phillips,qjackson@example.org,UK,2023-05-21,Standard,36078.5
998,Hunter Robinson,staffordamanda@example.com,UK,2023-06-26,Standard,32727.11
999,Robin Davidson,myerskyle@example.org,Germany,2022-12-28,Basic,43522.98
1000,James Harris,nicholasallen@example.org,Germany,2020-01-30,Basic,11725.98
1001,Adrian Hoover,walkernicole@example.net,India,2020-11-02,Basic,24495.85
1002,Jason Rodriguez,marcus39@example.org,India,2024-09-02,Basic,30956.77
1003,Jeffrey Hall,kellyglenn@example.com,USA,2023-04-09,Standard,816.82
1004,Daniel Robinson,debra50@example.org,France,2024-06-04,Basic,41054.89
1005,Randall Porter,marquezkylie@example.net,India,2020-11-09,Standard,41784.07
1006,Lindsay Jarvis,xgregory@example.net,India,2020-08-30,Basic,5797.57
1007,Philip Watts,bjones@example.net,France,2024-07-23,Standard,3249.19
1008,Jorge Harmon,hallchristina@example.org,USA,2021-07-17,Standard,41811.21
1009,Nicole Harvey,taylorvictor@example.org,Canada,2020-10-03,Standard,6128.04
1010,Andrew Mclean,vstevenson@example.org,France,2021-05-22,Standard,16147.34
1011,Paige Meyer,swong@example.org,Australia,2021-02-22,Standard,2374.77
1012,Grace Harris,knoxelizabeth@example.org,USA,2024-01-03,Premium,13767.28
1013,Courtney Salas,isaiah01@example.com,Canada,2020-05-07,Premium,18559.37
1014,Mark Thomas,davidthompson@example.net,USA,2024-02-26,Standard,29141.09
1015,Cynthia Miller,ucollins@example.org,India,2021-03-23,Basic,31646.51
1016,David Mitchell,mfaulkner@example.com,UK,2024-04-23,Premium,43993.38
1017,Dr. Ian Gray,galexander@example.net,India,2023-09-03,Premium,46314.23
1018,Sally Leon,gillronald@example.org,France,2023-10-17,Standard,14258.2
1019,Linda Hernandez,jonathanford@example.com,France,2021-06-01,Basic,23853.02
1020,Karen Cook,mgonzalez@example.org,India,2020-01-24,Premium,13620.39
1021,Molly Henry,vbentley@example.com,Germany,2021-12-02,Standard,8809.99
1022,William Jones,riddledavid@example.net,France,2020-10-23,Standard,35888.22
1023,Tina Wise,william75@example.net,France,2020-04-15,Premium,41341.53
1024,Jeff Wright,xjohnson@example.net,UK,2023-07-14,Standard,27929.75
1025,Max Hernandez,jblackburn@example.com,USA,2021-03-27,Basic,48841.89
1026,Mary Martin,wisedawn@example.com,France,2021-12-27,Basic,49340.43
1027,Stephanie Stone,nancymartin@example.com,Germany,2021-04-06,Standard,31360.57
1028,Walter Barrett,uwillis@example.com,USA,2023-10-05,Premium,5722.69
1029,Sheila Rodriguez,lisa43@example.net,USA,2021-12-27,Basic,45583.07
1030,William Velasquez,daviskim@example.com,Germany,2022-08-16,Premium,46141.38
1031,Morgan Jackson,jacob23@example.com,India,2020-11-28,Standard,10558.53
1032,Joanne Olsen,jamesbrady@example.org,USA,2021-04-18,Standard,44514.97
1033,Jennifer Sims,oneillgabriel@example.com,Germany,2020-06-05,Premium,2717.58
1034,Austin Johnson,timothychambers@example.org,Germany,2020-01-18,Premium,1550.35
1035,Tyler Ortega,davisalexa@example.org,Germany,2021-11-16,Premium,11841.46
1036,Tonya Adams,vkennedy@example.net,Germany,2022-02-23,Standard,21011.41
1037,Steve Key,shelleyortega@example.com,Canada,2023-01-20,Basic,11580.16
1038,Shelley Drake,bryantholly@example.net,India,2024-03-05,Standard,11932.21
1039,Allison Martinez,stephanie35@example.com,UK,2023-02-03,Premium,44579.12
1040,Karen Gutierrez,aaronlittle@example.com,India,2020-01-31,Standard,2811.53
1041,Angel Aguirre,erica39@example.com,Germany,2021-12-31,Standard,30510.73
1042,Angela Patterson,shatfield@example.org,USA,2023-09-02,Standard,22941.24
1043,Cory Thomas,andersonlaura@example.com,USA,2024-02-28,Standard,13557.76
1044,Victoria Owens DVM,olsonamber@example.org,UK,2021-01-21,Premium,28476.43
1045,Mary Davis,bholder@example.org,USA,2024-08-23,Premium,23330.16
1046,James Ramirez,elizabeth12@example.net,UK,2023-03-02,Basic,11070.69
1047,Robert Cook II,schneidernicholas@example.net,UK,2023-09-18,Premium,39748.81
1048,Martha Glover,ostokes@example.com,Australia,2020-07-30,Basic,28948.26
1049,Brandon Yang,juliewilson@example.com,Germany,2020-08-20,Standard,20643.64
1050,James Mclaughlin,bryan83@example.com,Germany,2024-11-24,Basic,10900.49
1051,Jacob Shelton,aprilguzman@example.org,Germany,2020-07-13,Standard,823.74
1052,Samuel Stewart,mary77@example.org,UK,2023-01-03,Basic,12466.79
1053,Maurice Solis,georgekyle@example.net,Germany,2020-08-13,Standard,46381.24
1054,Michelle Mendoza DVM,ycarter@example.org,Australia,2024-11-26,Basic,44922.76
1055,Ronald Clark,isabellawilliams@example.org,UK,2024-04-13,Premium,49564.55
1056,Elizabeth Briggs,vickiekelley@example.com,Canada,2022-02-10,Standard,21342.31
1057,Gregory Myers,rosejustin@example.net,UK,2024-08-12,Basic,34863.01
1058,Kimberly Davis,karen90@example.net,India,2021-07-09,Standard,4246.27
1059,Laura Ramos,jcarter@example.org,Canada,2021-02-02,Standard,20390.24
1060,Nancy Smith,gregoryvanessa@example.org,USA,2021-11-18,Standard,12029.21
1061,Miss Carol Brown,terri20@example.org,Australia,2024-11-24,Premium,33484.88
1062,Leslie Booker,hsanchez@example.org,USA,2021-12-25,Standard,28562.0
1063,Kyle Thompson,yparsons@example.net,France,2023-04-17,Basic,23241.66
1064,Sharon Santos,cynthia75@example.org,India,2020-08-07,Basic,9328.79
1065,John Barnett,andrewberry@example.net,Australia,2022-05-25,Standard,35224.71
1066,Anna Watkins,pwashington@example.net,India,2022-03-02,Standard,19305.48
1067,Ariana Brown,richardhaynes@example.com,France,2022-10-12,Standard,14899.84
1068,Robin Freeman,molinajared@example.net,Canada,2024-06-27,Standard,30663.81
1069,Kyle White,hmcbride@example.org,France,2020-08-23,Standard,34264.79
1070,Christopher Hart,millerdavid@example.com,France,2021-10-25,Standard,46618.94
1071,Jenny Landry,wrightbrandon@example.net,Germany,2024-07-09,Basic,18263.13
1072,Joseph Taylor,hneal@example.com,India,2023-01-11,Standard,23321.11
1073,Melissa Bates,youngjacob@example.com,India,2024-04-12,Standard,32443.82
1074,Chad Arnold,joshua96@example.org,France,2022-10-01,Standard,38701.42
1075,Matthew Martin,qmiller@example.net,India,2022-02-15,Standard,27027.73
1076,Kimberly Jones,wanda35@example.net,France,2023-04-15,Basic,37638.63
1077,Lisa Barnes,lesliefrench@example.com,Australia,2020-02-17,Basic,37683.36
1078,Angela Martinez,suttonrichard@example.com,Canada,2023-03-14,Standard,44906.86
1079,Gavin Nelson,joshuagarcia@example.org,Germany,2021-11-22,Standard,2817.55
1080,Timothy Thompson,brianna71@example.net,UK,2021-09-29,Standard,25122.36
1081,Diane Nelson,mosleygeorge@example.com,Canada,2020-11-25,Standard,26642.03
1082,Megan Kramer,iwoods@example.com,Canada,2020-01-18,Basic,22653.72
1083,Brittney Martinez,rbradley@example.org,UK,2024-08-04,Standard,34691.83
1084,Jacqueline Waters,lmann@example.com,Australia,2024-12-05,Basic,9498.84
1085,Kathryn Hill,tmeyer@example.org,Australia,2021-07-11,Premium,19595.06
1086,Theresa Russell,megan11@example.net,USA,2021-03-14,Basic,3939.67
1087,Kenneth Miller,angela70@example.com,USA,2023-05-21,Premium,7482.91
1088,Breanna Jimenez,sullivanchristina@example.net,USA,2020-01-14,Standard,47610.03
1089,Joseph Reed,lawsontami@example.net,India,2024-08-25,Standard,34151.93
1090,Stephanie Thompson,mary85@example.org,Australia,2022-02-10,Standard,21064.49
1091,James Wilson,marierosales@example.org,Canada,2021-06-13,Premium,9534.13
1092,Mr. Aaron Welch,trobinson@example.net,India,2022-07-30,Basic,41763.88
1093,Taylor Stafford,abrown@example.net,Germany,2022-04-20,Standard,28977.36
1094,Brian Bailey,richardsmith@example.com,France,2022-06-17,Basic,24358.8
1095,Jose Hernandez,gentryadam@example.net,France,2021-04-01,Standard,27468.59
1096,James Diaz,amandaadams@example.com,Germany,2023-04-13,Standard,44924.27
1097,Charles Burgess,howardmonica@example.org,UK,2020-07-21,Basic,11416.42
1098,Casey Fisher,rachel23@example.com,UK,2024-10-18,Standard,42291.13
1099,Mrs. Katherine Simpson,markduran@example.com,USA,2022-07-05,Standard,47815.07
1100,Sarah Price,rosariolaura@example.org,France,2020-10-11,Premium,26812.3
1101,Pamela Young,russell90@example.com,USA,2022-05-26,Premium,35434.75
1102,Bradley Patterson,jessicalopez@example.com,Australia,2023-11-01,Basic,8146.61
1103,Wendy Wright,tgonzalez@example.org,India,2023-07-04,Basic,28768.81
1104,Catherine Riddle,jeromeanderson@example.org,Germany,2021-05-15,Standard,10337.25
1105,Charles Smith,christopherwilliams@example.com,France,2022-08-16,Standard,48903.33
1106,Veronica Walker,gmendoza@example.com,USA,2023-03-21,Standard,48775.74
1107,Derrick Ramirez,jennifer35@example.org,Germany,2020-11-27,Premium,1343.77
1108,Matthew Morris,thomas91@example.com,Australia,2020-12-03,Basic,47394.67
1109,Heidi Torres,caldwellfelicia@example.org,Australia,2021-08-27,Premium,48510.49
1110,Heather Maxwell,john43@example.net,Germany,2021-12-02,Standard,32397.47
1111,Bianca Newton,williamstanya@example.net,UK,2024-02-01,Basic,48483.32
1112,Jeremy Garcia,kevin73@example.net,Canada,2023-08-09,Basic,33377.7
1113,Corey Pierce,patricia85@example.com,Canada,2022-03-29,Basic,46122.38
1114,Susan Jones,gmills@example.org,UK,2020-10-31,Premium,24001.16
1115,Walter Roberts,bauerheather@example.net,India,2024-01-27,Standard,5932.12
1116,Joseph Palmer Jr.,ychristensen@example.net,India,2023-11-24,Standard,11096.2
1117,Devon White,ashleyvargas@example.org,UK,2024-05-24,Standard,30446.75
1118,Joy Zimmerman,kevin34@example.net,USA,2021-05-05,Standard,39086.04
1119,Danny Ferguson,benjamin24@example.org,Canada,2021-05-08,Premium,4271.12
1120,Maria Wright,amandasmith@example.com,Canada,2023-03-01,Standard,47885.42
1121,Erika Potts,jennifer69@example.com,Australia,2021-08-15,Standard,24574.22
1122,Robert Holloway,jessicaramirez@example.com,France,2024-11-09,Standard,2896.78
1123,Veronica Osborne,sharphailey@example.net,France,2021-04-14,Standard,35826.59
1124,Lindsey Harris,rwalker@example.org,UK,2022-11-28,Standard,708.32
1125,Nicole Moore,jessicahamilton@example.org,UK,2024-07-05,Standard,22334.24
1126,Christopher Lopez,jacobhenry@example.net,Germany,2020-11-25,Standard,44401.46
1127,Eric Mcclure,mmcdaniel@example.org,Canada,2020-09-19,Standard,22180.97
1128,Jesse Brewer,hgarcia@example.org,USA,2023-08-20,Basic,44896.41
1129,Lindsey Gray,rodriguezalexander@example.net,Canada,2024-09-02,Standard,41792.03
1130,Randy Adams,sparksalbert@example.org,France,2022-09-17,Premium,15231.23
1131,Sarah Miller,timothyhart@example.com,Australia,2024-01-29,Standard,16837.3
1132,John Sanchez,courtney10@example.org,Australia,2020-07-06,Standard,18851.04
1133,Jorge Copeland,aaronwalker@example.org,India,2022-02-18,Standard,13739.11
1134,Matthew Perez,tmcdaniel@example.org,USA,2022-06-17,Standard,28439.02
1135,Courtney Huber MD,gilbertdavid@example.org,Australia,2024-06-23,Premium,41630.96
1136,Cassandra Moreno,erinhernandez@example.net,UK,2023-06-08,Standard,41157.68
1137,Donna Hutchinson,sabrina54@example.net,UK,2023-12-29,Standard,24755.61
1138,Shannon Spence,lukemyers@example.net,Canada,2023-12-26,Standard,39581.86
1139,Robin Wilson,rmoyer@example.org,USA,2020-06-14,Standard,32063.7
1140,Catherine Cruz MD,aolson@example.net,France,2023-12-19,Premium,33329.08
1141,Robert Valdez,patrickdunn@example.net,UK,2022-09-01,Premium,45348.98
1142,Samantha Cruz,xrose@example.net,France,2024-01-21,Premium,38259.45
1143,Brandon Ward,victoriasmith@example.net,Germany,2022-05-15,Basic,29984.68
1144,Brian Pruitt,melinda24@example.com,UK,2020-09-20,Standard,21859.82
1145,Valerie Durham,jasonwalker@example.net,USA,2020-09-08,Standard,48715.51
1146,Michele Bennett,hortonroger@example.org,Canada,2023-07-04,Standard,36674.57
1147,Angela Monroe,anthonydiaz@example.org,India,2021-03-23,Standard,29124.56
1148,Ronald Butler,terrytaylor@example.net,USA,2023-06-29,Standard,34694.82
1149,Jason Rogers,mitchelleric@example.net,UK,2020-02-28,Premium,18122.06
1150,Kathy Smith,dfrazier@example.net,France,2023-07-23,Basic,2530.87
1151,Kenneth Torres,rodneymoore@example.org,UK,2022-08-10,Standard,3933.65
1152,Beth Lewis,robinsonisaiah@example.net,USA,2024-11-17,Standard,38258.0
1153,Angela Schwartz,pedwards@example.com,France,2024-02-19,Premium,16198.08
1154,Robert Lucas,josephgarcia@example.com,UK,2023-01-06,Basic,40013.87
1155,Alyssa Campbell,jonescarla@example.com,USA,2020-12-08,Standard,18189.88
1156,Timothy Allen,davilaannette@example.net,Germany,2024-12-06,Standard,7271.5
1157,Mr. Brandon Parker,karen68@example.org,India,2021-07-28,Standard,38962.51
1158,Henry Anderson,riverapeggy@example.net,UK,2020-07-03,Basic,8235.15
1159,Brittany Matthews,cwoods@example.com,USA,2020-10-21,Standard,41595.52
1160,Angela Garrett,nicoleaguirre@example.net,Canada,2020-09-14,Standard,34513.68
1161,Wendy Mason,seth25@example.com,Australia,2021-10-19,Basic,35656.1
1162,Jessica Macdonald,nallen@example.net,France,2020-05-16,Basic,20925.58
1163,Mark Jimenez,thomasmonica@example.net,Australia,2024-05-03,Premium,6648.48
1164,Stephanie Porter,sedwards@example.org,India,2020-05-04,Standard,34583.43
1165,Heather Jones,escott@example.com,India,2023-10-25,Standard,49380.33
1166,Thomas Case,swilliams@example.com,Germany,2022-01-16,Basic,8693.14
1167,Melanie Alexander,nathaniel68@example.com,UK,2021-04-24,Basic,6017.98
1168,Melanie Oliver,figueroajohn@example.net,India,2020-01-15,Standard,34433.55
1169,Donna Moore,onash@example.com,UK,2024-05-15,Standard,49057.37
1170,Hannah Mcdonald,lrodriguez@example.net,UK,2020-07-16,Basic,5674.94
1171,Jennifer Hamilton,umurphy@example.com,India,2024-12-24,Standard,21619.25
1172,Dr. John Ramirez,gardnerstacy@example.org,USA,2023-03-15,Premium,33023.46
1173,Andre Burke,zbrown@example.com,France,2023-12-12,Standard,45435.61
1174,Cindy Lewis,cisnerosgabriela@example.com,India,2021-04-05,Standard,612.59
1175,Charles Hill,evansjennifer@example.com,India,2022-08-16,Premium,30129.42
1176,Debbie Rivas,jacobsonroy@example.com,France,2020-10-27,Standard,33562.97
1177,Jason Alvarez,tammykim@example.net,India,2022-11-07,Premium,37335.28
1178,Kristina English,christiancontreras@example.net,USA,2020-09-21,Standard,17674.94
1179,Samantha Navarro,alexis72@example.com,Canada,2024-04-27,Basic,30686.53
1180,Wayne Russell,mcneilsherry@example.org,Germany,2023-03-04,Premium,40997.37
1181,Laura Johnson,robertpayne@example.org,Canada,2023-01-02,Standard,35819.0
1182,Daniel Lee,woodmichael@example.com,Australia,2024-06-25,Premium,37725.49
1183,Sharon Lyons,wgutierrez@example.com,India,2024-02-21,Basic,46219.18
1184,William Rogers,stephenbrooks@example.net,Australia,2022-12-22,Basic,23788.3
1185,Jane Bruce,swalters@example.net,France,2024-09-08,Premium,33708.93
1186,Annette Miller,davisallen@example.com,India,2020-07-08,Basic,49066.93
1187,Loretta Gardner,zgordon@example.org,UK,2023-05-04,Standard,20438.14
1188,Christy Frank,ewilson@example.org,Canada,2021-10-02,Standard,23348.49
1189,Julie Odonnell,xsmith@example.org,Germany,2022-07-15,Standard,18126.4
1190,Matthew Parker,anunez@example.com,UK,2020-02-29,Basic,4204.17
1191,Richard Randall,matthew96@example.org,Germany,2022-10-11,Standard,22901.59
1192,Luis Long,solisbecky@example.org,Canada,2024-09-11,Standard,42070.4
1193,Nicholas Powell,zachary63@example.org,USA,2023-07-20,Standard,49249.62
1194,Bryan Ray,ocameron@example.com,UK,2024-03-08,Basic,44748.26
1195,Frank Davis,kimcristina@example.net,Canada,2020-10-06,Basic,18435.33
1196,Kimberly Compton,ujohnson@example.org,India,2024-11-30,Standard,33637.56
1197,Paula Lopez,kennethnichols@example.org,UK,2023-08-19,Standard,33858.28
1198,Jamie Green,hillsavannah@example.net,India,2020-02-12,Standard,34782.35
1199,Dr. Ashley Ho,rodriguezjustin@example.org,Australia,2020-06-18,Basic,44632.14
1200,Isaiah Massey MD,apope@example.org,USA,2022-06-07,Standard,10034.41
1201,Christine Barnes,cynthia72@example.org,USA,2021-06-29,Basic,20274.02
1202,Mary Welch,wilsonmatthew@example.com,USA,2022-06-02,Standard,25005.59
1203,Kimberly Moore,sara39@example.org,Canada,2022-09-05,Basic,29723.13
1204,Paige Robinson,danny30@example.com,Canada,2020-09-10,Basic,47166.93
1205,Michael Martinez,timothy15@example.net,UK,2022-10-04,Standard,47511.93
1206,Patrick Simpson,qnielsen@example.org,Australia,2020-12-27,Standard,7453.97
1207,Michelle Hayden,silvakatie@example.com,Germany,2020-10-29,Premium,24518.13
1208,Nathan Hamilton,vhenderson@example.com,USA,2024-01-29,Basic,1583.2
1209,Lisa Patterson,nathaniel17@example.org,Canada,2024-06-12,Basic,24956.93
1210,Dawn Ortiz,raymond12@example.com,India,2022-02-23,Premium,30268.74
1211,David Lewis,nathan51@example.org,UK,2021-08-04,Standard,31199.31
1212,Gary Marshall,rachel81@example.com,Canada,2021-06-01,Standard,26045.45
1213,Daniel Hoffman,berrydebbie@example.net,Germany,2023-10-12,Standard,14748.79
1214,Francisco Gonzalez,rjimenez@example.com,Germany,2020-08-05,Standard,27167.66
1215,Kyle Garza,barbaramitchell@example.net,Canada,2023-12-01,Standard,981.75
1216,Abigail Murray,meaganpowell@example.net,Canada,2024-08-03,Basic,44018.27
1217,Matthew Jones,gallegosrobert@example.com,India,2021-05-16,Standard,42658.43
1218,Jennifer Hawkins,troy06@example.com,Germany,2023-06-25,Premium,8925.77
1219,Samuel Coffey,cameronsharon@example.org,France,2020-02-23,Basic,44246.54
1220,Adam Garcia,michelle63@example.org,USA,2020-06-09,Standard,15691.74
1221,Robin Cabrera,villamiranda@example.com,UK,2024-05-31,Basic,28485.88
1222,Anthony Torres,mark96@example.com,Germany,2023-06-29,Standard,27015.68
1223,Lauren Wilson,michelle96@example.net,Germany,2022-03-26,Standard,7899.92
1224,Joseph Lane,ubray@example.net,India,2022-05-31,Standard,29593.15
1225,Ralph Dawson,angelica33@example.net,UK,2020-05-22,Standard,38346.89
1226,Amy Smith,taylorcruz@example.com,USA,2020-07-09,Premium,29564.12
1227,Kevin Rose,kathleen47@example.net,India,2020-10-08,Standard,40496.72
1228,Suzanne Robinson,paul79@example.net,France,2021-01-05,Basic,31295.13
1229,Barry Henderson,stephanie91@example.org,UK,2022-04-21,Standard,49598.08
1230,Brian Smith,blopez@example.com,UK,2023-04-23,Premium,12287.02
1231,Derek Mcintosh,gomezjason@example.com,USA,2022-07-05,Standard,4338.59
1232,Amy Nelson,williamspatrick@example.com,France,2020-12-20,Basic,5812.12
1233,Christopher Hill,gstone@example.net,USA,2020-04-01,Standard,1965.14
1234,Brian Wilson,johnstonjohn@example.net,France,2020-07-03,Standard,25786.52
1235,Manuel Baldwin,olong@example.net,UK,2024-02-13,Premium,23538.03
1236,Kathleen Jackson,michaelroberts@example.net,India,2021-06-09,Standard,28560.64
1237,Cody Velez,sstevenson@example.org,UK,2020-11-06,Premium,24469.1
1238,Carol Cook,athomas@example.net,France,2022-05-16,Standard,24886.9
1239,Christopher Baker,jacksonkathleen@example.org,Canada,2022-12-20,Standard,8414.7
1240,Lauren Freeman,thomaswilliams@example.org,UK,2022-11-01,Basic,10167.76
1241,Sara Fox MD,kimberlygarcia@example.net,France,2021-09-04,Basic,3858.53
1242,Gregory Gardner DDS,michael05@example.com,Canada,2023-07-20,Standard,13331.24
1243,Patricia Vincent,rrodriguez@example.net,UK,2023-08-22,Standard,40249.69
1244,William Chase,michaeljohnson@example.net,France,2023-09-15,Basic,35913.57
1245,Heather Garner,samanthagray@example.org,France,2024-10-28,Standard,13740.91
1246,Meghan Nolan,harcher@example.org,Germany,2021-04-29,Standard,21412.58
1247,Stacy Myers,rlandry@example.com,UK,2020-12-13,Premium,41204.57
1248,Mia Flowers,hamiltonspencer@example.com,Germany,2021-06-10,Standard,33206.49
1249,Kathryn Jennings,hbecker@example.com,UK,2023-02-13,Standard,12638.11
1250,Elizabeth Roberts,alexis03@example.com,Germany,2024-02-16,Standard,27423.37
1251,John Smith,donna00@example.com,Australia,2020-09-08,Standard,25859.58
1252,Rachel Shaw,stephaniereeves@example.org,USA,2024-12-23,Standard,33074.23
1253,Kevin Miller,antoniofitzpatrick@example.org,Canada,2024-01-22,Basic,13470.0
1254,Jenny Rasmussen,orozcosamantha@example.net,France,2021-07-21,Basic,42653.45
1255,Meghan Morris,feliciagonzalez@example.org,Australia,2022-01-30,Basic,36358.09
1256,Eric Evans,ygardner@example.com,India,2020-06-24,Standard,23178.09
1257,Melissa Gordon,taylor67@example.com,USA,2024-10-21,Basic,38299.95
1258,Thomas Johnson,idavis@example.net,Canada,2024-07-13,Standard,43023.28
1259,Lauren Watson,brian62@example.com,Australia,2023-05-08,Standard,42313.75
1260,Phillip Holmes,millerjoseph@example.net,USA,2020-07-14,Standard,8113.16
1261,Samantha Cunningham,michelle19@example.net,France,2022-07-21,Standard,12000.32
1262,Meredith Black,rtaylor@example.net,USA,2024-04-05,Premium,39872.53
1263,Eric Hays,shaffercindy@example.org,UK,2020-07-28,Standard,49565.53
1264,Larry Martinez,wrightdale@example.org,UK,2024-02-29,Basic,10179.33
1265,Anthony Martinez,lwebb@example.org,USA,2024-03-16,Premium,39504.53
1266,Samantha Maldonado,reynoldsdaisy@example.org,USA,2020-09-15,Standard,32250.26
1267,Cynthia Hunt,thomasroberts@example.net,India,2020-07-01,Basic,39133.46
1268,Holly Hill,gwolfe@example.com,India,2022-01-31,Basic,15763.85
1269,Alfred Bryant,tsmith@example.org,UK,2023-03-23,Premium,47758.91
1270,Lisa Williams,sydney77@example.com,Australia,2020-01-17,Standard,44297.4
1271,Jonathan Callahan,michaelmccarthy@example.com,UK,2022-07-25,Basic,42153.24
1272,Christian Rios,stephen24@example.net,USA,2021-07-07,Standard,25062.4
1273,Thomas Brewer,mestes@example.net,India,2020-11-25,Standard,29062.95
1274,Katie Hopkins,david59@example.net,Canada,2021-09-27,Standard,24872.91
1275,Jennifer Williams,jesseortega@example.com,India,2024-09-01,Standard,38682.23
1276,Peter Zavala,danielgilmore@example.net,UK,2024-06-17,Basic,36888.09
1277,Jennifer Brown,danny17@example.com,Canada,2023-01-12,Basic,46781.45
1278,Tammy Morris,ogray@example.net,USA,2022-10-13,Premium,10784.02
1279,John Shelton,jamesmartin@example.net,USA,2024-01-16,Standard,43158.71
1280,Kevin Soto,harrislisa@example.org,India,2021-10-18,Standard,35010.92
1281,Joshua Jones,faithrosario@example.net,India,2023-03-18,Standard,23795.22
1282,Ronnie Hudson MD,michael82@example.org,USA,2022-03-12,Standard,39235.24
1283,Shelly Carroll,kimberlyevans@example.org,USA,2022-06-29,Standard,18450.19
1284,Joshua Johnson,sandra46@example.net,UK,2021-10-15,Standard,45270.95
1285,Brooke Roberts,melissafrederick@example.net,India,2021-07-24,Basic,39967.17
1286,Kimberly Snow,qgiles@example.net,India,2020-02-24,Basic,33612.77
1287,Dean Cook,tayloramy@example.net,USA,2021-08-24,Standard,31983.56
1288,Susan Brown,kjones@example.net,France,2023-07-07,Basic,34293.89
1289,Amanda Zavala,ngeorge@example.org,Germany,2024-06-08,Standard,22175.9
1290,Carl Cummings,johnsonwilliam@example.net,India,2021-10-01,Basic,46382.62
1291,Richard Walter,andrewbrown@example.org,Australia,2022-09-02,Standard,46822.49
1292,Melanie Rojas,xwilliams@example.com,Canada,2023-06-23,Standard,42984.9
1293,Jeffery Taylor,nwilson@example.com,USA,2021-10-04,Standard,15927.5
1294,Thomas Allen,chapmanjeremy@example.net,Canada,2023-10-06,Standard,39486.94
1295,Kimberly Williams,marksjohn@example.org,USA,2020-05-19,Premium,38994.89
1296,Christopher Williams,carrie34@example.org,Germany,2023-01-11,Basic,46332.21
1297,Bryan Jones,shawna37@example.net,UK,2023-09-04,Standard,45935.46
1298,Thomas Robinson,shelly84@example.net,India,2021-03-21,Premium,13122.41
1299,Emma Weaver,brownrachel@example.net,India,2024-10-01,Standard,36488.66
1300,Mr. Thomas Skinner,kevintran@example.org,Germany,2021-11-10,Standard,34790.98
1301,Brenda Spence,dsantos@example.org,Canada,2020-02-08,Standard,9268.61
1302,Debra Chapman,margaret10@example.com,Germany,2024-04-09,Standard,253.48
1303,Albert Reyes,nwilliams@example.com,USA,2020-12-02,Standard,28832.89
1304,Anthony Torres,sharon95@example.com,India,2024-01-19,Standard,35706.84
1305,Nicole Peterson,yglenn@example.net,Canada,2024-08-22,Standard,6591.64
1306,Renee Tran,michele87@example.com,France,2022-11-11,Standard,46976.97
1307,Kelly Martin,pmcdonald@example.org,Germany,2024-07-15,Basic,6762.14
1308,Michael Hill,kelseyphillips@example.net,USA,2021-12-21,Standard,16446.26
1309,Heidi Hopkins,martinezashley@example.com,USA,2024-03-06,Premium,18443.22
1310,Jill Smith,owenstammy@example.com,UK,2023-03-10,Standard,41750.48
1311,Jennifer Riley,hillcheryl@example.com,Germany,2024-10-06,Premium,1246.21
1312,David Buchanan,misty23@example.net,Germany,2020-11-14,Standard,11512.49
1313,Mary Hall,lopezwilliam@example.com,India,2022-11-24,Standard,13162.98
1314,Mitchell Brown,theresa05@example.net,Canada,2023-08-04,Premium,30938.4
1315,Hannah Jones,ewilson@example.org,France,2021-01-07,Premium,47905.84
1316,Sandra Becker,maynancy@example.org,USA,2020-02-15,Standard,804.33
1317,Heather Hester,thomas49@example.org,Germany,2020-10-19,Basic,46421.42
1318,Timothy Buck,rodriguezjason@example.com,Canada,2022-07-21,Standard,11301.75
1319,Katie Perkins,shelby69@example.org,USA,2023-04-14,Basic,40689.28
1320,Phillip Banks,benjaminvictoria@example.net,USA,2022-07-08,Basic,19165.47
1321,Kimberly Barnes,abbottallison@example.org,Germany,2023-01-13,Standard,10856.77
1322,Kelly Stewart,marycarter@example.org,Canada,2021-08-23,Basic,9549.22
1323,Vanessa Hall,kaitlin13@example.com,USA,2023-08-31,Basic,1535.78
1324,Heidi Bell,melendezdenise@example.net,Australia,2021-02-24,Standard,22603.74
1325,Crystal Carey,sarasanchez@example.com,USA,2023-05-15,Standard,32397.05
1326,Lisa Flynn,lee16@example.com,India,2022-07-11,Standard,43585.03
1327,Johnny Keith,rachelwalter@example.org,Australia,2020-10-31,Standard,10689.66
1328,Ralph Dawson,inewton@example.org,UK,2024-03-02,Standard,29900.08
1329,Christopher Jones,wstrong@example.org,India,2022-01-04,Standard,2700.42
1330,Michelle Wilson,brittany91@example.net,Australia,2020-03-23,Standard,17779.65
1331,Heather Cole,vmccoy@example.com,France,2021-06-12,Standard,40132.2
1332,Chad White,hernandezalan@example.net,France,2021-11-06,Basic,367.51
1333,Jamie Gonzales,shirley13@example.com,Germany,2022-06-19,Standard,48878.44
1334,Joseph Fox,ymitchell@example.com,France,2023-10-14,Premium,44622.07
1335,Amanda Landry,russellramirez@example.net,India,2021-07-28,Premium,8576.34
1336,Christopher Roberts,kgonzales@example.com,Germany,2024-09-10,Standard,23457.43
1337,Larry Rodriguez,elizabeththomas@example.org,India,2022-10-05,Basic,21703.19
1338,Caroline George,moyeramber@example.org,USA,2020-01-13,Standard,48927.98
1339,Allison Harris,hdennis@example.org,Germany,2024-02-26,Basic,14121.93
1340,Brian Mccarthy,wallaceryan@example.com,UK,2020-06-07,Standard,45149.35
1341,Donald Barnett,linda31@example.com,USA,2020-10-13,Basic,46343.17
1342,Jesse Moss,mannleroy@example.org,Germany,2022-03-02,Standard,8332.69
1343,Rebecca Stewart,averycourtney@example.org,Canada,2020-09-06,Standard,47507.53
1344,Tony Nunez,theodore72@example.net,Germany,2022-06-26,Basic,31868.94
1345,Mark Davis,aaronjones@example.net,Germany,2023-01-21,Premium,2822.9
1346,Amanda Watts,pwelch@example.net,USA,2021-09-28,Standard,8261.39
1347,Tiffany Humphrey,nancycontreras@example.com,Germany,2023-12-25,Premium,44769.24
1348,Howard Castillo,robinsonsydney@example.com,Germany,2022-02-05,Standard,49442.05
1349,David Coleman,stevenflores@example.org,Germany,2021-09-26,Standard,5713.3
1350,Carl Khan,rburke@example.org,Canada,2020-02-22,Premium,17545.25
1351,Daniel Rosales,xbrown@example.com,USA,2021-04-22,Standard,41764.19
1352,James Ramos,dgreen@example.com,Canada,2022-06-05,Basic,28206.04
1353,Mark Williams,kortiz@example.org,France,2022-09-05,Standard,49900.43
1354,Ashley Donaldson,david80@example.net,India,2020-02-08,Basic,9110.39
1355,Richard Cook,katie81@example.net,Australia,2020-03-30,Standard,24955.73
1356,Joseph Galloway,oheath@example.com,India,2024-01-03,Standard,14285.63
1357,Erin Lewis,shelbyjohnson@example.org,Australia,2023-10-10,Premium,18740.56
1358,Kathryn Moody,moorekevin@example.org,Australia,2023-02-27,Premium,16244.56
1359,Amanda Brady,irios@example.net,India,2024-05-19,Standard,35414.56
1360,Angela Wagner,vsmith@example.net,Germany,2023-01-09,Standard,13538.99
1361,Noah Sparks,marievillarreal@example.com,France,2022-02-15,Standard,2287.97
1362,Elizabeth Stevens,bakerdiana@example.com,France,2021-11-18,Standard,47376.18
1363,Daniel Russell,timothy88@example.org,Australia,2021-11-29,Basic,39871.97
1364,Monica Bean PhD,chavezbecky@example.org,India,2021-12-26,Basic,40097.74
1365,Jacob Hart,martin11@example.net,USA,2020-11-05,Basic,37215.62
1366,Katherine Wright,richardmassey@example.net,Germany,2023-08-13,Standard,4718.3
1367,Crystal Saunders,robert52@example.org,USA,2021-08-09,Standard,38566.79
1368,Jennifer Smith,karinorton@example.net,UK,2022-07-01,Premium,10490.31
1369,Cynthia Murray,vrobertson@example.net,UK,2020-05-28,Standard,32393.68
1370,Michael Bennett,martinkaitlin@example.org,Australia,2020-12-26,Premium,14997.48
1371,Ashley Mcclure,zjackson@example.net,Canada,2022-06-08,Basic,46092.82
1372,Kimberly Ross,david44@example.net,Australia,2021-08-11,Standard,18016.31
1373,Kristy Martin,alexandra39@example.net,India,2021-11-08,Standard,10073.58
1374,Kaitlyn Clark,sara22@example.net,Germany,2023-07-29,Standard,13497.12
1375,Evan White,ajones@example.com,France,2023-07-04,Premium,21184.56
1376,Brandon Ellis,browntaylor@example.org,UK,2020-05-01,Premium,31571.24
1377,Sophia Cooper,reillyjoshua@example.com,India,2022-12-03,Standard,48666.26
1378,Marcus Powell,ann31@example.net,France,2020-10-05,Standard,35710.41
1379,Diana Baker,martinezalexa@example.net,Australia,2023-10-30,Standard,32396.55
1380,Raymond Vargas,tammy97@example.org,India,2020-11-02,Standard,4051.24
1381,Virginia Davis,douglasalvarez@example.org,Canada,2021-08-13,Standard,49210.89
1382,Amy Hunt,ecoleman@example.com,France,2021-07-06,Standard,12507.81
1383,Cynthia Long,wmccarthy@example.com,UK,2024-03-11,Standard,27594.62
1384,Blake Jacobs,stephaniedougherty@example.com,Australia,2023-07-22,Standard,25581.51
1385,Kristina Henry,gina86@example.net,UK,2021-09-27,Standard,36043.47
1386,Jacob Owens,jessica39@example.net,Canada,2024-05-19,Standard,29319.84
1387,Cheryl Brooks,gonzalezmichael@example.org,Canada,2020-01-11,Premium,37051.76
1388,Brandon Wood,wesley09@example.com,Germany,2020-03-02,Basic,42161.2
1389,John Williams,joshua09@example.org,India,2024-04-25,Standard,35248.49
1390,Yolanda Chen,vthompson@example.net,UK,2023-10-02,Basic,37891.98
1391,Amanda Johnson,janicethompson@example.org,Germany,2020-05-31,Basic,17132.59
1392,Barbara Ramos,edwardsmichaela@example.com,Australia,2024-11-30,Basic,10632.31
1393,Lucas Smith,rachael29@example.net,India,2024-09-20,Basic,13039.95
1394,Teresa Powell,brownmandy@example.net,France,2020-09-26,Standard,993.97
1395,Christopher Williams,haleyortiz@example.net,UK,2023-09-25,Premium,32824.47
1396,April Hill,david79@example.net,Germany,2020-06-06,Standard,32920.08
1397,Anita Hardin,jessicalopez@example.net,Canada,2023-02-18,Basic,15209.72
1398,Christopher Smith,steven34@example.net,Canada,2023-03-18,Standard,34564.05
1399,Cheryl Campos,lancegray@example.com,Australia,2020-11-21,Standard,40251.57
1400,Ethan Perez,joshuagonzalez@example.com,India,2021-04-18,Premium,9621.02
1401,Brandon Kelly,michael87@example.net,Canada,2023-06-08,Standard,9492.23
1402,Travis Richards,amandaclark@example.net,India,2022-03-03,Standard,7343.19
1403,Melanie Roberts,holly88@example.net,USA,2023-12-21,Basic,42923.65
1404,Raymond Scott,hgreen@example.net,Germany,2023-04-17,Premium,38509.09
1405,Charles Willis,anne90@example.com,USA,2023-07-04,Standard,5911.3
1406,Sheila Smith,valvarez@example.net,Australia,2024-07-06,Basic,22318.77
1407,Hunter Martin,karengonzales@example.net,Germany,2022-04-13,Premium,22530.86
1408,Jessica Ross,johnnybrooks@example.com,USA,2022-05-31,Standard,41489.59
1409,Andrew Hickman,kathrynsantana@example.net,UK,2020-07-15,Standard,5222.91
1410,Derrick Ray,martingarrett@example.com,Canada,2024-06-06,Standard,20842.73
1411,Terri Gonzalez,davidcook@example.org,Germany,2024-11-06,Standard,36580.82
1412,Ralph Solis,dfoster@example.org,Australia,2023-04-17,Premium,20044.05
1413,Christopher Parker,joelharris@example.org,Germany,2023-08-15,Basic,46770.52
1414,Justin Rowe,woodsmelvin@example.com,Australia,2022-09-30,Basic,11672.1
1415,Daniel Kennedy,tguerra@example.org,India,2023-10-25,Premium,28862.53
1416,Carl Hines,ricardomurphy@example.com,Germany,2024-02-05,Standard,32450.18
1417,Jessica Long,reedelizabeth@example.net,Australia,2020-02-19,Premium,31172.56
1418,Cassandra Young,matthew09@example.net,France,2023-10-04,Standard,21867.88
1419,Maria Taylor,bradleyturner@example.org,USA,2021-09-12,Basic,23515.1
1420,Jessica Mitchell,eleonard@example.org,Germany,2021-04-21,Standard,29424.17
1421,Cassie Sanders,marshallchristopher@example.net,France,2023-08-30,Basic,42687.34
1422,Jennifer Roman,luisandrews@example.com,Canada,2023-06-07,Standard,44170.35
1423,Matthew Santiago,twise@example.com,Canada,2021-04-17,Standard,20901.37
1424,Lindsey Lang,xshaw@example.com,Australia,2023-07-24,Standard,18076.75
1425,Valerie Rodriguez,tinaschmidt@example.com,Germany,2024-05-08,Basic,8185.09
1426,Adam Vaughan,james97@example.com,USA,2020-03-29,Standard,4400.98
1427,Bryan Burns,brendan95@example.com,Germany,2022-02-16,Premium,7900.07
1428,Pamela Johnson,guy56@example.org,Germany,2022-03-26,Basic,47158.43
1429,Andrew Rodriguez,schmidtrandy@example.org,Germany,2020-06-02,Standard,27885.84
1430,Nicholas Schultz,worozco@example.com,Australia,2023-06-12,Standard,13114.32
1431,Roger Conley,uwilliams@example.com,France,2020-03-10,Premium,42987.14
1432,Misty Burnett,reyestina@example.org,Germany,2021-09-08,Basic,16952.96
1433,Elizabeth Morales,stephaniescott@example.net,India,2023-09-18,Standard,28142.87
1434,Thomas Sanford,ashleycooley@example.net,Germany,2022-07-27,Basic,39265.8
1435,Dana Lindsey,ashley36@example.com,Canada,2023-09-25,Basic,27895.42
1436,Destiny Powers,rbrowning@example.com,Australia,2021-05-12,Basic,43697.41
1437,Albert Perry,joshuaford@example.net,France,2021-08-03,Premium,2616.06
1438,Albert Nguyen,carrjessica@example.net,Australia,2024-02-19,Basic,48136.09
1439,Madison Murphy,jalvarez@example.org,Canada,2021-09-18,Basic,39104.45
1440,Rodney Hernandez,sclark@example.org,France,2023-05-13,Basic,5183.22
1441,Andrew Phelps,welchanna@example.com,Germany,2020-05-31,Standard,8435.61
1442,Kendra Torres,shannon70@example.org,India,2023-02-14,Standard,18145.76
1443,Guy Reynolds,potterjustin@example.net,Canada,2022-06-15,Basic,38122.04
1444,Thomas Anderson,davisjeffery@example.org,Germany,2022-11-08,Basic,7799.36
1445,Christopher Waters,wpierce@example.org,UK,2022-02-02,Basic,6236.88
1446,Emma Cox,beckgloria@example.net,USA,2023-10-22,Basic,38484.04
1447,Joseph Myers,dsimpson@example.com,India,2024-02-17,Basic,23735.8
1448,Thomas Thompson,aaron57@example.net,UK,2020-11-10,Premium,13374.18
1449,Janet Delgado,ojenkins@example.org,Canada,2023-02-04,Standard,31509.08
1450,Manuel Duarte,udougherty@example.net,USA,2021-04-01,Basic,26529.55
1451,Kaitlyn Davis,andrew96@example.net,Canada,2022-07-22,Premium,21498.26
1452,Thomas Ellis,gregorygiles@example.org,Australia,2021-08-12,Basic,47596.84
1453,Steven Clark,rstevens@example.net,Germany,2022-03-21,Standard,47192.64
1454,Christopher Murray,laramary@example.org,Germany,2021-03-23,Basic,35909.52
1455,Andrea Goodman,ecamacho@example.com,Germany,2020-05-08,Premium,16981.35
1456,David Baldwin,baldwincatherine@example.net,UK,2023-07-29,Basic,21760.21
1457,Ronald Brown,uclayton@example.org,UK,2021-10-25,Premium,46133.69
1458,Kayla Banks,gcobb@example.org,USA,2024-03-26,Standard,48888.88
1459,Lauren Moody,michaeldouglas@example.org,Australia,2024-07-25,Basic,43803.09
1460,Christine Davis,ellisjenna@example.org,Australia,2023-10-14,Standard,44300.56
1461,Michael Rivera,klyons@example.com,France,2022-12-21,Basic,36105.4
1462,Brittany Roberts,nicoleelliott@example.net,UK,2021-06-15,Standard,41367.48
1463,Brooke Walters,rmarquez@example.com,Australia,2020-10-09,Standard,7428.4
1464,Betty Lawson,oscott@example.org,UK,2024-04-02,Standard,44390.23
1465,Brittany Smith,jennifer86@example.com,France,2023-02-03,Standard,22162.98
1466,Gregory Moore,alexandra67@example.net,UK,2020-11-04,Basic,32472.97
1467,Casey Prince,barnettcalvin@example.org,Canada,2021-07-18,Basic,4305.62
1468,Donald Strickland,santosmichael@example.com,Germany,2022-11-05,Standard,35972.14
1469,Alexandria Francis,judithcox@example.org,Australia,2021-12-28,Standard,27085.43
1470,Gary Jones,wallerbrian@example.net,USA,2022-08-12,Standard,15681.4
1471,Robert White,jeremylove@example.org,UK,2020-03-14,Standard,1268.74
1472,Kristen Davis,jessicalowery@example.org,Australia,2022-08-12,Standard,13008.64
1473,Darren Willis,imarshall@example.org,Canada,2021-08-05,Standard,21195.02
1474,Christina Wilson,alvarezcory@example.net,Germany,2021-01-27,Basic,42095.01
1475,Mr. Kevin Callahan,cortezscott@example.net,USA,2020-12-21,Standard,6278.27
1476,Lisa Bryant,kingrichard@example.com,Canada,2022-06-18,Basic,22491.97
1477,Jordan Palmer,joseph83@example.com,France,2021-05-17,Premium,17015.12
1478,Ellen Alexander,tonyflores@example.net,USA,2022-05-09,Basic,29121.53
1479,Austin Reynolds,cody75@example.net,Canada,2023-06-08,Basic,33309.48
1480,Cheryl Rodriguez,jasonshaw@example.com,Canada,2023-10-31,Standard,15030.16
1481,Michael Pennington,ashleymoore@example.org,France,2020-12-16,Basic,28681.01
1482,Christopher Moore,markblack@example.com,India,2023-04-08,Standard,36901.86
1483,Penny Adams,thomas45@example.org,India,2021-07-13,Standard,9708.51
1484,Sandra Stewart,ronald66@example.org,Canada,2023-10-23,Standard,7413.01
1485,Wayne Gomez,theresawang@example.org,UK,2024-02-03,Standard,4703.21
1486,Matthew Scott,andrew66@example.com,UK,2022-10-16,Premium,10817.74
1487,Rebecca Williamson,ggates@example.org,India,2021-03-19,Standard,20197.41
1488,John Griffith,ccrane@example.net,Germany,2021-12-13,Basic,43613.54
1489,Michelle Wright,dbrown@example.net,France,2021-09-17,Standard,49825.94
1490,Jessica Mitchell,vtaylor@example.org,France,2021-08-15,Basic,36612.68
1491,Jennifer Hernandez,brittanyandrews@example.net,UK,2020-06-09,Premium,25338.72
1492,Kenneth Farmer,angela40@example.org,Germany,2023-11-10,Standard,48404.79
1493,Richard Dawson,susan57@example.net,Germany,2024-06-03,Standard,34754.09
1494,John Murray,james44@example.net,Germany,2023-09-27,Premium,7926.3
1495,Bryan Jenkins,zshaffer@example.org,Germany,2024-02-27,Basic,6026.43
1496,William Brooks,gforbes@example.com,Canada,2023-12-13,Premium,18542.34
1497,Kenneth Walters DDS,mccannkimberly@example.net,UK,2020-10-15,Standard,5975.34
1498,Sarah Berry,mbishop@example.org,UK,2023-11-01,Standard,14769.67
1499,Donald Hayes,debrajones@example.net,India,2022-11-16,Premium,39211.25
1500,Richard Stevenson,zpreston@example.net,UK,2021-06-20,Basic,15327.68
1501,Jean Smith,ronald43@example.net,USA,2023-05-16,Premium,37009.05
1502,Jimmy Ortega,patricia92@example.org,India,2023-11-12,Standard,3471.47
1503,Christopher Johnson,chanamber@example.org,India,2021-08-20,Standard,15554.12
1504,David Clark,frank43@example.org,Germany,2023-11-11,Standard,18927.55
1505,Shawn Blackburn,flowersnicholas@example.com,Canada,2024-05-03,Basic,6727.2
1506,Christine Williams,nross@example.com,India,2022-12-13,Standard,38107.77
1507,Wayne Hunter,martinjason@example.com,France,2023-09-14,Premium,36420.42
1508,Zachary Perry,traciemarsh@example.com,India,2022-05-22,Standard,31217.11
1509,Theresa Smith,zlara@example.org,UK,2021-10-09,Basic,17015.99
1510,Sara Hamilton,jerome16@example.com,India,2020-01-29,Standard,22210.5
1511,Monica Merritt,taylorjohn@example.net,USA,2020-01-17,Premium,8364.18
1512,Brenda Harrison,brownleah@example.net,India,2023-04-21,Standard,38602.6
1513,Jason Moore,gregstone@example.org,UK,2023-09-16,Standard,32231.32
1514,Catherine Koch,buchanananthony@example.org,India,2021-07-12,Basic,27137.53
1515,Susan Baker,anthony05@example.org,Canada,2024-06-10,Basic,26135.51
1516,Shane Mcintyre,ryankathryn@example.net,Canada,2022-08-17,Standard,1031.34
1517,Adrian Prince,,France,2022-04-28,Standard,48122.6
1518,Steven Alexander,collinsterrance@example.com,USA,2020-08-22,Standard,41501.56
1519,Holly Austin,woodskaitlyn@example.net,Canada,2020-12-24,Standard,4323.93
1520,Carlos Dunlap,donnapaul@example.net,Germany,2022-01-07,Standard,29485.76
1521,Ashley Perez,jessicaturner@example.net,Germany,2024-11-13,Basic,17063.83
1522,Kelly Ray,kathleen25@example.com,USA,2021-11-15,Premium,26442.3
1523,Noah Rosales,ywelch@example.org,UK,2024-11-23,Premium,48991.33
1524,Mark Conley,fernandomorris@example.net,Germany,2022-05-27,Standard,9215.18
1525,Chelsea Kane,nhayes@example.com,Canada,2023-02-08,Premium,47613.02
1526,Autumn Ramirez,matthew24@example.com,France,2024-01-13,Premium,48060.05
1527,Mr. Matthew Barnett,kathryn41@example.com,USA,2022-02-17,Basic,14971.41
1528,Joshua Davis,hgreer@example.net,India,2023-07-25,Premium,44661.25
1529,Gregory Chavez,burchteresa@example.org,USA,2021-12-26,Basic,44985.13
1530,Yvette Lee,kimberlygonzalez@example.net,India,2021-10-08,Standard,29890.53
1531,Brittany Heath,mcbridemichael@example.org,USA,2023-06-20,Standard,25270.62
1532,Carol Moore DDS,meganpotter@example.org,Australia,2022-09-14,Standard,15984.99
1533,Jessica Harris,haleystacy@example.com,Germany,2021-12-12,Premium,1542.43
1534,Jennifer Woods,derek40@example.org,France,2021-04-03,Basic,1029.28
1535,Emily Leblanc,brownrobert@example.org,Germany,2022-05-28,Standard,5165.32
1536,William Bray,petermoore@example.com,Canada,2021-12-14,Standard,6366.01
1537,Ruben Jones,donald61@example.net,Germany,2023-09-12,Standard,42329.26
1538,Brittany Ramos,kathleen01@example.net,Germany,2021-07-22,Basic,7204.11
1539,Mark Ruiz,hevans@example.net,Germany,2023-09-18,Premium,12333.56
1540,Benjamin Werner,nancy06@example.com,Australia,2020-07-25,Basic,27802.1
1541,Kevin Walter,oblake@example.net,India,2020-07-07,Basic,48059.61
1542,Miss Linda Cox DVM,bcopeland@example.com,France,2020-04-13,Standard,8452.35
1543,Randy Kirby,rebecca85@example.com,India,2023-05-02,Basic,13737.82
1544,Howard Smith,fsanchez@example.org,USA,2022-12-15,Standard,49962.17
1545,Ashley Norman,kcastro@example.com,Canada,2023-01-12,Standard,42050.14
1546,Mary Williams,garzalaura@example.org,USA,2022-11-17,Premium,26751.06
1547,Phillip Ward,tochoa@example.net,India,2020-03-13,Premium,34951.62
1548,Jessica Murray,bentleylisa@example.net,Canada,2023-09-21,Basic,49941.18
1549,Terry Robinson,andrewbautista@example.org,Australia,2021-06-17,Standard,25290.53
1550,Allen Bryant,michael55@example.org,Canada,2021-05-20,Basic,47275.88
1551,Erika Lyons,kayla23@example.net,France,2023-11-08,Basic,35416.93
1552,Erica Morales,kimberly27@example.org,USA,2021-09-01,Standard,16149.75
1553,Natalie Huff,leslietorres@example.net,USA,2020-06-14,Basic,16490.02
1554,Marc Fowler,tharris@example.com,Australia,2021-10-02,Premium,46120.66
1555,Stephanie Fischer,marcusrodriguez@example.net,France,2021-07-21,Premium,577.97
1556,Maria Phillips,raymonddominguez@example.org,USA,2020-06-19,Standard,34854.85
1557,Suzanne Alvarado,dustin58@example.com,Germany,2021-12-25,Standard,4149.32
1558,Ashley Blanchard,christina15@example.org,Australia,2022-03-19,Standard,26978.6
1559,Joshua Contreras,anthony33@example.org,Australia,2024-05-16,Basic,22314.32
1560,Robert Thomas,john09@example.com,India,2024-03-10,Basic,18881.18
1561,Juan Carroll,hlopez@example.net,France,2021-12-30,Standard,41973.38
1562,Stephanie Hughes,jasmine54@example.com,Canada,2021-11-07,Basic,6325.72
1563,Taylor Flores,chase25@example.net,UK,2021-03-26,Premium,567.23
1564,Betty Pollard,gnichols@example.net,Canada,2021-02-20,Basic,34059.66
1565,Michael Bray,stevenandrews@example.org,France,2022-04-20,Premium,40832.41
1566,Kevin Brown,andrewwest@example.net,France,2020-04-15,Basic,11135.27
1567,Sean Hernandez,cameron49@example.com,Australia,2024-09-25,Basic,1936.12
1568,Michelle Henry,valerielewis@example.com,Germany,2021-07-19,Basic,30340.75
1569,Elizabeth Hall,ithomas@example.net,India,2022-12-07,Basic,31957.96
1570,Tricia Brown,briana19@example.org,India,2022-08-25,Standard,25066.25
1571,Morgan Wright,maryjohnson@example.com,USA,2023-08-23,Premium,36966.86
1572,Brandon Powell,yballard@example.net,France,2022-05-16,Standard,8858.89
1573,Catherine Collins,jasminekoch@example.com,France,2020-06-14,Basic,6458.8
1574,Curtis Bell,morgankaren@example.net,Australia,2021-04-15,Basic,44062.05
1575,Amy Hawkins,cody08@example.org,Canada,2020-01-09,Standard,42398.59
1576,Alexander Stein,michele23@example.net,India,2023-02-07,Basic,33918.95
1577,Daniel Reed,carolberry@example.com,France,2023-07-13,Standard,44166.79
1578,Cassandra Hernandez,cjohnson@example.net,India,2024-06-09,Standard,33687.68
1579,Barbara Villa,daniel29@example.net,France,2020-11-01,Basic,16217.66
1580,Corey Moore,sharon86@example.com,Canada,2024-09-19,Standard,6173.71
1581,Ana Sanchez,johnroth@example.org,Germany,2023-12-20,Standard,25911.12
1582,Anthony Haas,qcochran@example.net,India,2023-10-09,Basic,2443.54
1583,Sarah Davis,rhonda99@example.net,Australia,2022-08-29,Standard,15880.47
1584,Joshua Harris,derek34@example.net,UK,2022-02-17,Standard,44016.91
1585,Bradley Johnson,morristimothy@example.com,Canada,2021-07-12,Basic,11358.84
1586,Patricia Townsend DDS,lopezchristopher@example.net,France,2023-09-27,Basic,45858.06
1587,Carrie Edwards,fergusonbrandon@example.com,USA,2021-12-03,Standard,3235.92
1588,Joshua Colon,hrodgers@example.org,France,2022-07-17,Premium,21654.25
1589,Amanda Lewis,ododson@example.net,India,2021-08-07,Basic,46759.53
1590,Kathleen Duncan,williamspatrick@example.net,Canada,2020-07-31,Standard,23731.47
1591,Tanner Keller,tracey63@example.com,Australia,2024-08-02,Basic,41099.53
1592,Christopher George,nicole69@example.net,Germany,2024-04-26,Standard,3738.25
1593,Christine Johns,robert06@example.com,France,2021-11-19,Standard,4873.97
1594,Chelsey Maxwell,carol60@example.net,Germany,2023-11-01,Premium,48728.83
1595,Michael Jones,wilsonrachel@example.com,Australia,2020-05-01,Standard,44515.18
1596,Carol Singh,smitchell@example.com,France,2024-04-11,Basic,3193.91
1597,Philip Foster,stephaniepeters@example.com,Canada,2021-01-01,Premium,30575.86
1598,Amanda Mendoza,perezmarissa@example.org,Germany,2020-06-01,Premium,2883.92
1599,Andrea Graham,samuel27@example.net,India,2023-11-05,Basic,20143.98
1600,Kathy Villegas,jennywilliams@example.org,France,2024-09-28,Standard,43242.68
1601,Trevor Weeks,steven06@example.com,Canada,2020-10-06,Standard,22725.22
1602,Arthur White,matthewgriffith@example.org,Germany,2024-05-10,Standard,31048.51
1603,David Rice,douglasbrandt@example.org,India,2020-07-22,Standard,33821.23
1604,Joseph Smith,jennifermorris@example.org,India,2020-09-19,Standard,29431.89
1605,David James,cervanteskayla@example.org,India,2024-04-13,Premium,35693.64
1606,Amanda Gardner,banksrenee@example.net,France,2023-03-23,Basic,45228.06
1607,Luis Cole,feliciasalazar@example.com,India,2024-11-24,Standard,17834.02
1608,Karen Roach,xherrera@example.org,Germany,2020-09-20,Standard,9377.58
1609,Carrie Coffey,nicole50@example.com,India,2024-01-10,Premium,6471.27
1610,Joe Page,vanessamartinez@example.net,France,2021-10-06,Standard,32620.08
1611,Jennifer Butler,ywallace@example.com,UK,2021-10-25,Standard,27103.07
1612,James Cummings,johnmarquez@example.net,USA,2020-12-21,Standard,30206.14
1613,Mary Montgomery,wkelley@example.com,UK,2021-11-15,Basic,25932.26
1614,James Harrison,xevans@example.net,France,2022-01-22,Premium,11945.63
1615,George Wu,bgiles@example.org,Canada,2024-09-18,Standard,2824.9
1616,Daniel Bradley,joshuareese@example.net,UK,2023-11-05,Basic,32063.68
1617,Laura Owen,robertmcdonald@example.net,USA,2020-08-26,Premium,9548.84
1618,Emily Fitzpatrick,lowekristin@example.org,Germany,2020-02-09,Standard,23423.38
1619,Sheila Rivera,edwardsrachel@example.org,France,2023-09-19,Basic,28348.24
1620,Elizabeth Jones,brandy77@example.com,UK,2023-07-08,Standard,16498.09
1621,Brian Hoffman,frankwilson@example.net,India,2022-01-18,Basic,45536.1
1622,Lori Graves,hannah31@example.net,Germany,2024-09-22,Basic,31974.48
1623,Anne Williams,ekennedy@example.org,France,2023-11-01,Standard,10735.61
1624,Victoria Cox,lrichards@example.com,Germany,2024-06-20,Basic,40751.17
1625,Theresa Knight,vanessa51@example.org,Canada,2020-09-03,Standard,20075.6
1626,James Hernandez,suzanneflores@example.net,Canada,2023-12-18,Premium,593.62
1627,Heather Terrell,lsmith@example.com,UK,2024-12-15,Standard,7205.86
1628,David Palmer,burnsrebecca@example.org,Germany,2023-03-31,Standard,45644.17
1629,Deborah Ferrell,billy71@example.com,UK,2022-10-03,Basic,10036.23
1630,William Weber,turnerjames@example.com,USA,2021-11-24,Standard,13173.74
1631,Michael Terry,michael86@example.com,USA,2023-07-15,Basic,12373.62
1632,Gregory Green,tracyadams@example.com,USA,2024-08-04,Premium,13163.25
1633,Melvin Flores,johnsondavid@example.org,India,2021-03-19,Basic,6948.45
1634,Austin Armstrong,kimberlyshields@example.org,France,2023-08-13,Basic,16985.33
1635,Glenda Stout,mooreconnie@example.com,USA,2023-02-26,Standard,18545.07
1636,Maurice Salazar,padillajames@example.net,UK,2024-08-18,Premium,26393.64
1637,Nathan Davis,omoody@example.org,Canada,2020-04-01,Standard,21742.53
1638,Frank Moreno,troth@example.com,France,2023-01-10,Premium,44147.88
1639,Dwayne Lowe,ramoswilliam@example.org,India,2020-11-17,Premium,26674.48
1640,Charles Weaver,hollywarner@example.org,France,2020-12-09,Standard,21534.05
1641,Nicole Perez,lreid@example.com,France,2023-01-03,Basic,38177.81
1642,Donna Simmons,jill80@example.net,France,2024-06-14,Basic,14779.72
1643,Diana Martin,brownmax@example.net,USA,2020-04-20,Standard,31510.01
1644,Jessica Craig,vsmith@example.net,USA,2020-06-10,Premium,25462.65
1645,Sydney Ward,carrolljessica@example.com,France,2022-04-03,Standard,36392.2
1646,Karen Porter,vedwards@example.org,Canada,2021-02-20,Basic,30782.83
1647,Michael Ortiz,ynguyen@example.com,USA,2022-04-26,Standard,44132.86
1648,Jodi Thomas,bbarnes@example.org,Canada,2023-12-10,Standard,25992.73
1649,Seth Hernandez,alexis22@example.net,USA,2024-09-23,Basic,26321.24
1650,Alan Kennedy,,Germany,2020-10-16,Basic,23740.53
1651,Sarah Ramirez,tommycummings@example.com,France,2022-03-05,Standard,39552.16
1652,Katherine Wade,suzanne15@example.net,France,2022-05-20,Standard,44754.74
1653,David Harding,robertsmith@example.com,Germany,2023-02-27,Standard,11007.83
1654,Eric Montgomery,georgealyssa@example.com,UK,2023-08-16,Standard,7944.75
1655,Sharon Wood,cbrown@example.com,Canada,2022-01-31,Standard,4329.47
1656,Gabriel Hall,cynthia74@example.net,Canada,2021-09-14,Standard,25989.15
1657,Melissa Winters,kimberly93@example.net,USA,2022-12-18,Premium,25661.88
1658,Robert Burns,uzamora@example.net,UK,2024-05-27,Standard,21682.03
1659,Charles Morris,uford@example.com,UK,2020-05-02,Standard,13723.67
1660,Corey Carrillo,michaelstrickland@example.com,India,2021-03-26,Standard,13354.68
1661,Erin Summers,yhoffman@example.com,India,2024-10-12,Basic,14796.44
1662,Mr. Stephen Gonzalez,susanharper@example.org,Germany,2021-06-23,Standard,4000.13
1663,Stephen Mills,john66@example.net,USA,2024-02-03,Standard,6017.54
1664,Dean Thomas,johnsondawn@example.com,UK,2020-05-23,Standard,16754.52
1665,Theodore Hernandez,mpeters@example.com,France,2023-10-16,Standard,37286.05
1666,Donald Hill,lmitchell@example.org,Canada,2021-08-12,Basic,9613.06
1667,Anthony Nguyen,uwood@example.net,France,2021-11-15,Premium,42764.46
1668,Jeffrey Nguyen,markhuff@example.org,Canada,2023-03-21,Standard,13130.66
1669,Peter Williams,sharpjennifer@example.com,Canada,2020-04-26,Standard,17396.95
1670,Christian Mills,christopherward@example.com,Australia,2021-09-09,Basic,41110.88
1671,Paul Vasquez,warrendarlene@example.com,Canada,2023-06-22,Premium,32739.14
1672,Ann Clark,dariuspruitt@example.com,Australia,2021-02-19,Basic,43286.76
1673,Michael Johnson,timothywilliams@example.org,USA,2024-09-30,Basic,10572.76
1674,Brenda Flores,qavila@example.com,USA,2020-02-05,Standard,27675.5
1675,Katherine Caldwell,cpierce@example.org,Germany,2022-12-12,Basic,17098.91
1676,Kevin Smith,perkinsmicheal@example.org,India,2021-12-26,Basic,21496.77
1677,Adam Burton,joseph58@example.com,Australia,2020-10-18,Standard,21990.17
1678,Lawrence Cook,rachael61@example.net,Canada,2021-06-05,Premium,7033.62
1679,Larry Curtis,hharris@example.org,Australia,2021-12-08,Standard,36916.47
1680,Timothy Harris,marissa39@example.com,Germany,2021-10-21,Standard,17797.66
1681,Mark Knight,jay04@example.org,USA,2021-01-30,Standard,37656.05
1682,Geoffrey Porter,dcortez@example.com,Canada,2023-01-03,Standard,15051.9
1683,John Hoffman,laura31@example.net,France,2020-07-14,Standard,1707.23
1684,Andre Williams,arroyosarah@example.com,India,2022-03-23,Basic,49713.44
1685,Tonya Davis,jason36@example.net,Germany,2024-05-19,Basic,45696.23
1686,Jason Johnson,roachkevin@example.com,France,2022-04-14,Standard,19127.8
1687,Victoria Rocha,calhounjulie@example.net,Australia,2023-12-18,Premium,19383.05
1688,Tara Thompson,millerjimmy@example.net,Germany,2023-06-22,Standard,48100.71
1689,Alexander Hart,simoneric@example.org,France,2021-12-26,Standard,8654.04
1690,Andrew Reynolds,agutierrez@example.net,France,2024-06-26,Premium,41341.09
1691,Tina Walter,jennifer34@example.org,France,2023-05-10,Premium,10030.04
1692,Chelsea Norris,forbesbradley@example.net,Australia,2024-03-05,Standard,10374.03
1693,Tristan Freeman,jennifernewton@example.com,UK,2021-10-26,Standard,22787.72
1694,Joy Kennedy,nathanielwinters@example.net,UK,2022-10-03,Premium,16405.93
1695,Nicholas Reed,bettywatson@example.com,Australia,2023-11-02,Standard,49480.8
1696,Michael Preston,bward@example.org,India,2023-01-04,Standard,37182.82
1697,Faith Howard,ihayes@example.net,UK,2020-10-26,Basic,10403.34
1698,Jonathan Heath,carolfernandez@example.net,Australia,2020-10-18,Standard,40913.02
1699,Brenda Velasquez,makaylasanders@example.com,France,2024-05-27,Premium,28797.06
1700,Kimberly Stone DDS,sarah23@example.net,UK,2023-07-20,Standard,35866.93
1701,Bruce Dennis,amy68@example.net,Germany,2024-02-05,Standard,49555.15
1702,Gregory Russell,perezdawn@example.org,Germany,2024-03-03,Basic,30281.95
1703,Chelsea Smith,simpsonruth@example.net,USA,2024-09-30,Standard,28504.53
1704,Jared Bryan,lynnjames@example.org,Germany,2020-02-26,Standard,2050.33
1705,Cody Parsons,jonesshaun@example.org,India,2022-02-09,Standard,45952.9
1706,Jamie Wolfe,matthew53@example.com,UK,2022-02-21,Basic,39638.1
1707,Karen Mendez,sheltontiffany@example.com,UK,2021-08-06,Basic,42507.21
1708,Michael Callahan,xmullins@example.org,UK,2022-02-10,Premium,30925.05
1709,Shirley Avery,yvang@example.org,Germany,2024-10-24,Standard,32988.09
1710,Angie King,millerjennifer@example.net,France,2023-02-26,Premium,34962.37
1711,James Rogers,tjohnson@example.net,India,2023-11-20,Basic,7980.82
1712,Claire Jenkins,suttonbrittney@example.net,Australia,2023-11-26,Standard,33366.18
1713,Jill Shaw,khill@example.com,India,2024-01-03,Basic,45121.51
1714,Misty King,wolfetravis@example.com,Australia,2021-06-19,Standard,38116.85
1715,Dylan Rivera,mcdanieltanya@example.org,India,2020-12-29,Standard,37794.3
1716,Mr. Reginald Roman,kelseywilliams@example.org,Germany,2021-02-11,Basic,20563.79
1717,Lauren Snyder,hstokes@example.org,USA,2020-10-27,Standard,2327.29
1718,William Jacobs,kimmichael@example.net,India,2022-02-24,Standard,33813.54
1719,Stephanie Richardson,barnesarthur@example.com,Germany,2022-10-14,Standard,20027.16
1720,Austin Baker,thomas83@example.org,USA,2020-08-08,Premium,12605.23
1721,Kelly Ortega,ikeller@example.com,France,2022-10-14,Premium,33547.75
1722,Wesley Douglas,cwilson@example.org,Germany,2021-01-04,Standard,4219.18
1723,Paul Myers,brian01@example.net,France,2023-04-30,Basic,21942.41
1724,Alexa Beard,luissanchez@example.com,Germany,2024-01-03,Standard,8152.19
1725,John Mendoza,thompsonangela@example.net,Canada,2022-09-15,Standard,8944.11
1726,Brianna Martinez,michellejones@example.net,India,2024-12-12,Basic,8505.82
1727,Christopher Sims,xfranco@example.org,France,2024-02-20,Premium,13735.29
1728,Paul Williams,kimberly03@example.net,Germany,2023-08-19,Premium,35749.17
1729,Jerry Huff,kaitlynanderson@example.net,Australia,2024-09-29,Standard,22158.7
1730,Jennifer Wiggins,johnboyd@example.com,India,2023-11-12,Standard,26191.44
1731,Andre Jones,bushkimberly@example.net,France,2020-03-13,Standard,5229.39
1732,Douglas Santos,kevin89@example.com,France,2024-08-05,Standard,29950.45
1733,Julie Freeman,taylordavis@example.com,India,2024-11-15,Standard,10166.73
1734,Lisa Brown,sarah49@example.net,USA,2021-02-20,Basic,10079.29
1735,Erika Allen,michaeltorres@example.com,India,2022-08-03,Premium,826.54
1736,Dennis Coleman,kaylazamora@example.org,Canada,2024-01-04,Standard,3252.26
1737,Cheryl Parks,james79@example.net,Australia,2020-11-12,Premium,41785.72
1738,Sherri Little,carlyschultz@example.com,France,2020-11-30,Basic,2296.22
1739,Kathleen Sanchez,klove@example.com,Germany,2022-09-08,Basic,16201.71
1740,Larry King,zli@example.org,France,2020-05-01,Standard,46722.94
1741,Dawn Simpson,william63@example.com,UK,2020-04-03,Standard,11697.17
1742,William Larson,ukim@example.org,India,2020-09-12,Standard,848.23
1743,Philip Gamble,boonejoshua@example.net,France,2022-09-04,Premium,10717.12
1744,Brendan Paul,qharris@example.net,USA,2020-04-19,Standard,13995.04
1745,William Ball,russell33@example.net,France,2023-01-07,Premium,44284.46
1746,Tanya Gomez,edwardspencer@example.com,UK,2023-10-24,Basic,25028.84
1747,Vincent Reyes,bestchristopher@example.net,Australia,2023-01-26,Basic,39583.86
1748,Rhonda Martinez,meganwalker@example.com,Australia,2023-01-18,Standard,12671.81
1749,Tabitha Ramirez,allenkyle@example.net,India,2024-04-20,Standard,31580.61
1750,Jill Hall,ortizsean@example.org,UK,2023-09-11,Basic,38593.18
1751,Lucas James,jamie76@example.net,India,2021-09-17,Premium,38109.64
1752,Jordan Hughes,xobrien@example.org,France,2023-07-08,Basic,33351.89
1753,Melissa Gray,uclark@example.com,India,2022-01-09,Premium,45613.95
1754,Earl Hall,ryu@example.net,Germany,2021-03-21,Standard,37116.51
1755,Jodi Mcbride,xarmstrong@example.com,Germany,2020-02-07,Basic,763.25
1756,Jeremy Coleman,oscott@example.com,India,2021-10-31,Basic,6290.4
1757,Karen Jackson DVM,meghanwerner@example.com,USA,2020-03-28,Standard,12252.93
1758,Michael Moore,wrightalicia@example.com,India,2022-04-07,Premium,24986.45
1759,Scott Ramirez,jeremycollins@example.net,USA,2020-05-01,Standard,32137.74
1760,Lisa Armstrong,keithharrison@example.com,USA,2024-06-22,Basic,49428.71
1761,Robert Gonzalez,jonescraig@example.org,Germany,2022-09-01,Basic,6799.92
1762,Kristen Wood,ericfrederick@example.org,UK,2023-12-07,Basic,2076.41
1763,Christopher Nelson,masonpatricia@example.com,Canada,2020-09-03,Standard,40654.26
1764,Christopher Anderson,audrey47@example.org,Canada,2022-04-10,Standard,36670.37
1765,Michelle Martin,jonesnicholas@example.org,UK,2021-06-08,Standard,2798.29
1766,Katherine Webster,doneal@example.net,Australia,2024-09-18,Basic,40092.45
1767,Larry Higgins,hwalton@example.com,France,2020-10-31,Standard,43648.02
1768,Beth Johnson,greenemichael@example.com,Germany,2020-07-29,Premium,31526.15
1769,Janet Evans,edwardsjames@example.org,India,2021-01-28,Standard,47687.69
1770,Nicole Cole,deborahturner@example.org,India,2020-09-16,Basic,46919.9
1771,Stephanie King,dowens@example.com,India,2024-05-30,Premium,27487.47
1772,Jason Williams,pennylivingston@example.com,Canada,2021-11-13,Standard,25420.48
1773,Theodore Eaton,smiller@example.com,UK,2024-02-08,Standard,8291.52
1774,Amanda Jarvis,vjones@example.org,USA,2021-07-20,Standard,30331.98
1775,Alexandra Garcia,brian83@example.net,UK,2022-08-09,Standard,48389.52
1776,Jamie Lindsey,ureed@example.com,USA,2021-11-02,Basic,24110.42
1777,Laurie Stephenson,ghamilton@example.org,Australia,2023-05-01,Standard,18948.1
1778,Nicole Hunter,sarahgray@example.net,Germany,2023-07-28,Standard,30508.77
1779,Madison Thomas,christopherreyes@example.com,Germany,2021-02-06,Premium,47692.5
1780,Adam Anderson,ahudson@example.org,Germany,2022-02-18,Basic,21427.12
1781,Wanda Clark,martinbenjamin@example.net,India,2022-05-31,Basic,15081.55
1782,John Zavala,qwilson@example.com,Germany,2024-01-22,Standard,8867.4
1783,Nicholas Watson,qsosa@example.net,UK,2022-10-16,Standard,14232.96
1784,Robin Rivera,alison98@example.net,Germany,2021-05-24,Standard,16728.38
1785,Stephanie Perez,hamiltonjoseph@example.net,Canada,2021-07-02,Premium,45814.98
1786,Wendy Williams,laurie41@example.org,India,2022-10-10,Basic,36545.4
1787,Colleen Blanchard,gstein@example.net,UK,2022-09-17,Standard,20849.43
1788,Patrick Barnes,kerry32@example.net,UK,2022-05-28,Basic,19263.47
1789,Andrea Edwards,grahamlisa@example.org,UK,2022-01-26,Basic,3654.59
1790,Felicia Wood,joe76@example.net,Australia,2021-01-25,Basic,6311.43
1791,David Sanchez,matthewharper@example.net,Australia,2021-11-19,Premium,38171.25
1792,Bradley Hogan,hernandezroy@example.org,Australia,2024-09-02,Basic,37603.71
1793,Melissa Hernandez,smithgregory@example.org,UK,2021-06-16,Basic,31785.49
1794,Meghan Hull,elizabeth10@example.org,UK,2024-06-18,Premium,19328.12
1795,Andrew Aguilar,mendezlori@example.org,UK,2023-12-12,Standard,23938.51
1796,Samantha Henry,brittney98@example.org,Australia,2024-02-27,Standard,35357.29
1797,Austin Obrien,eric81@example.com,India,2023-01-12,Standard,7479.43
1798,Amanda Phelps,heatherpatrick@example.com,France,2024-10-03,Basic,7453.63
1799,Matthew Briggs,proman@example.com,USA,2023-05-01,Standard,33163.97
1800,Joel Warner,millerbriana@example.org,USA,2020-09-26,Premium,4706.06
1801,Mrs. Miranda Campbell MD,beth76@example.com,France,2020-08-11,Standard,35332.88
1802,Terri Arnold,sharon37@example.net,Australia,2020-03-02,Premium,45506.46
1803,Corey Jones,randalllinda@example.com,Australia,2020-12-06,Premium,21400.89
1804,Mr. James Fletcher MD,lisamcgee@example.net,France,2022-02-10,Standard,26706.75
1805,Thomas Knight,adrianlogan@example.com,Australia,2022-01-29,Standard,36723.28
1806,Dr. Charles Henson,williamsimpson@example.com,Canada,2024-07-14,Basic,43483.96
1807,Jennifer Townsend,jennifer95@example.com,India,2020-01-05,Standard,39896.94
1808,Dr. Jonathan Clark,erin84@example.net,Canada,2021-12-14,Standard,10555.33
1809,Leslie House,ryandodson@example.org,Canada,2022-04-10,Standard,420.37
1810,Kimberly Ryan,vwilliams@example.org,USA,2022-01-13,Standard,4933.85
1811,Rebecca Wells,mhickman@example.net,Canada,2021-02-25,Standard,20900.43
1812,Kevin Cole,patricia03@example.net,UK,2024-07-09,Standard,8902.42
1813,Derek Schmidt,walkerlorraine@example.org,USA,2021-12-25,Premium,24374.92
1814,Tyler Lang,amanda86@example.org,Germany,2022-07-05,Premium,28397.9
1815,Rebecca Bowman,kayla07@example.net,USA,2021-01-24,Standard,37520.8
1816,Donna Wilson,saraprice@example.net,Canada,2021-08-23,Premium,49149.06
1817,Christina Cohen,murphyjohn@example.com,Australia,2020-02-07,Standard,45657.27
1818,Paul Scott,emily62@example.com,India,2021-01-07,Standard,4082.51
1819,Brent Huynh,whitney81@example.org,India,2024-11-29,Premium,3306.7
1820,Sarah Smith,camerontownsend@example.com,India,2024-10-28,Standard,24311.2
1821,Jerry Martinez,edixon@example.net,Canada,2023-01-26,Premium,13377.43
1822,Heather Davis,paullopez@example.com,Australia,2023-08-17,Standard,39481.44
1823,Lisa Montes,gayfrancis@example.com,India,2020-10-19,Standard,39610.15
1824,Kimberly Mendoza,anthony66@example.org,UK,2024-01-14,Standard,48106.69
1825,Jennifer Jackson,vayala@example.net,USA,2020-05-02,Standard,37869.89
1826,Cristina Sandoval DVM,dgrant@example.com,France,2021-08-11,Standard,34124.81
1827,Steven Johnson,adamkelly@example.net,UK,2024-09-01,Standard,12055.89
1828,Jennifer Monroe,michelle12@example.org,UK,2022-12-21,Standard,30579.37
1829,Audrey Taylor,jspencer@example.net,Australia,2023-10-22,Basic,40332.88
1830,Robert Hartman,john86@example.com,India,2020-03-12,Basic,20150.24
1831,Todd Ortega,heathercabrera@example.org,Canada,2021-05-27,Basic,1381.45
1832,Vicki Hester,charles44@example.com,India,2020-02-11,Standard,47557.99
1833,Mrs. Michelle Kane,coxcody@example.com,Canada,2023-11-03,Standard,22650.71
1834,Caleb Ray,halljoshua@example.net,France,2023-10-10,Basic,25794.21
1835,Angela Marquez,rebecca41@example.com,France,2023-10-05,Premium,31939.86
1836,Thomas Fisher,joseph02@example.org,Australia,2020-06-21,Standard,31725.49
1837,April Vance,harrisonmichael@example.net,Australia,2020-07-14,Basic,36817.07
1838,Todd Jacobson,christopherjackson@example.net,France,2024-08-03,Standard,24278.35
1839,Ashley Burnett,trobinson@example.org,Canada,2020-11-05,Basic,17481.86
1840,Sharon Hicks,hsmith@example.com,Australia,2022-11-19,Basic,23858.48
1841,Sarah Vasquez,brianclark@example.net,France,2021-12-10,Standard,5112.74
1842,Eileen Taylor,sbartlett@example.com,UK,2021-03-30,Standard,35625.9
1843,Belinda Fisher,hsmith@example.com,Australia,2022-12-14,Basic,39264.61
1844,Melissa Ray,coffeyjohn@example.net,Canada,2020-03-14,Premium,24946.46
1845,Dr. Monique Sutton MD,joshuarodriguez@example.org,India,2023-04-05,Basic,49815.61
1846,Sandra Smith,petersonsergio@example.org,Australia,2023-08-15,Standard,44830.79
1847,Sheila Nguyen,hgray@example.net,Australia,2021-05-17,Standard,27079.33
1848,Shannon Thomas,qgomez@example.net,USA,2021-03-19,Premium,47216.07
1849,Donald Williams Jr.,ymoore@example.org,France,2023-09-28,Premium,49668.74
1850,Christina Rodriguez,donald42@example.com,India,2023-11-05,Basic,16392.39
1851,Phillip Brown,pbailey@example.org,UK,2022-03-31,Standard,35986.83
1852,Desiree Woods,enelson@example.org,France,2022-03-11,Basic,33563.0
1853,Richard Brewer,jrobinson@example.net,France,2023-03-18,Basic,31714.05
1854,Derek Wood,hannah48@example.com,Germany,2023-09-24,Basic,16706.78
1855,Keith Dyer,rachelking@example.org,USA,2023-10-15,Standard,46199.99
1856,Kristi Austin,courtneymadden@example.org,India,2020-09-29,Standard,45517.34
1857,Randy Carrillo,abradley@example.com,Canada,2020-12-19,Basic,32730.59
1858,Eric Duran,heather49@example.org,Canada,2023-02-22,Basic,21904.42
1859,Toni Cunningham,cody79@example.org,USA,2024-06-13,Standard,14619.73
1860,Scott Kelly,amandasnyder@example.com,India,2024-10-14,Standard,29650.8
1861,Billy Cunningham,jessedelacruz@example.org,USA,2022-05-02,Basic,28684.67
1862,Nancy Garcia,ohiggins@example.net,India,2021-01-26,Standard,19071.74
1863,Andrew Smith,rmartinez@example.net,Canada,2022-12-10,Standard,29543.98
1864,Daniel Peterson,cheryldavis@example.com,USA,2023-12-15,Standard,21242.55
1865,Lori Hodges,alvarezjoshua@example.org,Canada,2023-04-15,Basic,46702.87
1866,Abigail Wilkinson,lauraclay@example.org,India,2020-06-10,Standard,29579.72
1867,Tammy Ramirez,whorton@example.com,India,2022-10-12,Premium,42632.87
1868,Patrick Hooper,contrerasjames@example.org,UK,2021-03-03,Basic,14911.5
1869,Christopher Wilcox,davidmurray@example.net,USA,2022-03-31,Standard,7456.53
1870,Amanda Swanson,michaelsherman@example.com,USA,2024-03-04,Basic,42471.46
1871,Michael Bass,thomassmith@example.com,Canada,2020-03-05,Premium,16074.95
1872,Ryan Fisher,duranjason@example.org,Germany,2022-01-27,Standard,13745.28
1873,Michael Martin,olivia29@example.net,Canada,2023-04-21,Standard,31590.75
1874,Jerry Jackson,qramirez@example.net,USA,2021-01-26,Standard,48328.14
1875,Patricia Smith,xphillips@example.net,India,2022-04-28,Basic,7719.84
1876,Kevin Hogan,rachelhall@example.net,Canada,2022-09-01,Basic,46728.2
1877,Kristin Foster,brianwhite@example.org,USA,2023-12-29,Basic,46165.58
1878,Anthony Garrison,allenandrea@example.com,Canada,2022-08-16,Basic,36397.03
1879,Dean Dunn,bradleyhenry@example.org,UK,2020-09-12,Basic,45627.58
1880,Melissa Davis,colleenjones@example.net,USA,2023-03-03,Premium,19675.05
1881,Philip Murray,victoria50@example.org,UK,2023-10-29,Standard,17480.53
1882,Patricia Vazquez,millerfrederick@example.net,UK,2024-01-15,Premium,36365.05
1883,Angela Lee,gonzalespatricia@example.net,USA,2021-11-09,Basic,35085.32
1884,Nicole Jacobs,vanessaedwards@example.net,Germany,2020-07-29,Premium,16238.59
1885,Maria Goodwin,erik82@example.net,Canada,2023-05-05,Basic,2800.75
1886,Donna Boyd,hernandezmadison@example.com,Australia,2022-07-04,Standard,32766.24
1887,Emily Harrison,cmcdonald@example.net,France,2020-03-30,Standard,24173.84
1888,Stacey Gray,christopher84@example.net,Australia,2020-09-30,Standard,40237.49
1889,Bryce Gutierrez,william55@example.net,USA,2020-03-30,Standard,18175.07
1890,Christopher Ray,tranbenjamin@example.com,Canada,2020-04-06,Premium,39296.41
1891,Jason Chase,ymontgomery@example.org,Australia,2023-11-11,Standard,49136.76
1892,Tiffany Chase,davidbrown@example.org,France,2024-08-21,Premium,2910.94
1893,Dawn Rice,greenjessica@example.net,UK,2020-11-20,Standard,47258.65
1894,Kathleen Galvan,nicholasgallagher@example.net,India,2023-03-28,Standard,16990.44
1895,David Nunez,heathermontgomery@example.com,Germany,2023-08-18,Premium,36155.27
1896,Maria Estrada,rickey20@example.org,USA,2024-05-24,Premium,19892.58
1897,Bianca Bowen,tlewis@example.com,UK,2020-05-30,Standard,8707.1
1898,Samantha Carter,wmoore@example.com,Canada,2023-10-15,Basic,49559.08
1899,Amanda Powell,jenniferwood@example.net,France,2023-06-01,Premium,23237.32
1900,Tyler Pruitt,barnettterry@example.com,Canada,2022-01-20,Standard,31653.44
1901,Dylan Johnston,ingramjessica@example.com,Germany,2021-03-16,Premium,5919.72
1902,Kelly Greer,martin27@example.net,India,2024-02-27,Standard,45433.07
1903,Michael Johnson,kaiserkelly@example.org,USA,2024-07-31,Standard,49368.73
1904,Phillip Kelly,brenda16@example.net,Germany,2021-02-09,Standard,4818.21
1905,Brian Davis,ufox@example.org,France,2022-09-21,Standard,49997.71
1906,Christina Watkins,travistaylor@example.net,France,2021-08-12,Standard,6349.3
1907,Stephen Bond,hubersamantha@example.net,UK,2023-10-22,Basic,43124.3
1908,Vernon Esparza Jr.,umaxwell@example.net,Germany,2024-06-16,Standard,35067.02
1909,Cody Hoover,willismatthew@example.com,UK,2020-07-23,Basic,39195.38
1910,Kyle Glass,haleycook@example.net,Germany,2023-07-07,Premium,41873.48
1911,Drew Werner,hornerebecca@example.org,Germany,2024-05-30,Basic,32619.86
1912,Jenna Lynch,dennis01@example.com,Canada,2023-01-07,Standard,32963.26
1913,Shelby Fowler,daniel43@example.org,India,2021-12-25,Basic,34791.27
1914,Ryan Willis,ulee@example.org,India,2024-09-15,Standard,15783.37
1915,Katie Jones,vhill@example.com,India,2020-05-20,Standard,32666.76
1916,Andrew Reese,david86@example.net,India,2020-03-19,Standard,37678.13
1917,Alex Conner,travisfoster@example.com,India,2024-10-30,Premium,14999.04
1918,Kelly Davis,ronaldbradford@example.org,Australia,2024-09-19,Premium,48857.44
1919,Amy Dyer,peter91@example.org,France,2021-12-06,Standard,2403.7
1920,Angel Bentley,corythompson@example.org,Australia,2021-04-08,Basic,14740.5
1921,Anthony Jordan,ryanrodriguez@example.net,Germany,2024-03-27,Premium,24573.1
1922,Justin Barrera,traceyguerra@example.com,UK,2023-09-30,Basic,49840.18
1923,David Kemp,leontracie@example.org,France,2021-09-17,Standard,34427.72
1924,Scott Durham,ricklewis@example.net,France,2021-11-14,Premium,1933.02
1925,Amy Estrada,bvazquez@example.net,India,2024-02-10,Basic,10839.13
1926,Wendy Carpenter,prattjustin@example.org,India,2024-09-03,Standard,29629.98
1927,Jody Scott,richardharper@example.net,USA,2023-02-13,Basic,21158.55
1928,Pamela Armstrong,qkane@example.com,Germany,2024-02-25,Standard,32523.47
1929,Olivia Reese,hdavis@example.com,USA,2020-09-22,Standard,47242.55
1930,Lauren Walsh,dylancunningham@example.com,France,2020-02-08,Basic,7247.87
1931,Emily Montgomery,stephaniezamora@example.org,USA,2020-12-03,Standard,13543.04
1932,Sabrina Phillips,kimberlyjordan@example.net,France,2022-10-19,Standard,35750.8
1933,Jennifer Lyons,omoore@example.org,Germany,2022-04-14,Standard,25620.23
1934,Steven May,karacollins@example.net,USA,2021-02-20,Basic,15886.38
1935,Erika Bates,debra82@example.net,Canada,2024-06-26,Standard,48204.48
1936,Sara Pollard,merrittsusan@example.net,USA,2020-08-03,Standard,26620.36
1937,Michael Bishop,anthony26@example.net,France,2023-10-25,Standard,16534.94
1938,Bridget Guerrero,bowerspatrick@example.com,India,2021-09-21,Basic,38925.74
1939,Tammy Robinson,gstokes@example.net,USA,2024-02-25,Basic,13754.97
1940,Pamela Aguirre,ashley14@example.org,India,2023-11-20,Basic,11189.06
1941,Chase Matthews,melissa40@example.org,Australia,2024-02-29,Basic,6262.82
1942,Paul Smith,yburke@example.org,Germany,2024-12-28,Basic,29482.47
1943,William Hughes,charlesbarnett@example.net,Canada,2021-09-03,Premium,17510.12
1944,Sarah Williams,brooksbrian@example.net,France,2021-05-24,Standard,13625.59
1945,Lawrence Hodge,brian62@example.net,India,2022-08-10,Premium,15968.02
1946,Tiffany May,brentrichardson@example.net,Canada,2021-05-25,Premium,40323.64
1947,Jon Ramos,peter07@example.org,France,2023-08-18,Basic,27628.42
1948,Jennifer Anderson,melvinpeters@example.org,Australia,2023-09-23,Standard,29656.28
1949,Mario Wells MD,hendrixariana@example.net,USA,2020-05-01,Standard,35689.81
1950,Alison Zuniga,carlos33@example.org,France,2022-04-08,Premium,28421.28
1951,Casey Velazquez,jennifer23@example.com,USA,2024-07-30,Basic,31995.76
1952,John Ho,ksmith@example.net,UK,2020-07-04,Basic,33942.94
1953,April Rodriguez,gyoung@example.net,UK,2021-08-03,Standard,22004.1
1954,Joshua Bray,nmartinez@example.com,UK,2020-05-15,Standard,14412.3
1955,Elizabeth Baker,barbergary@example.net,Australia,2021-08-12,Standard,35951.49
1956,James Dixon,reynoldsjustin@example.org,Australia,2021-03-07,Standard,31818.2
1957,David Garcia,jferguson@example.com,India,2023-09-14,Standard,38551.86
1958,Mr. Thomas Jones PhD,humphreypatricia@example.net,Canada,2022-09-06,Standard,3926.99
1959,Mark Green,ijackson@example.com,USA,2023-09-03,Premium,28808.3
1960,Nicholas Obrien II,odelacruz@example.net,India,2021-03-19,Standard,46486.49
1961,Jose Stephens,ricky53@example.net,Canada,2023-10-01,Premium,47424.99
1962,Allison Floyd,hpowell@example.com,France,2022-05-23,Basic,6907.78
1963,Scott Crawford,zholmes@example.org,Germany,2024-04-19,Standard,33871.03
1964,Phillip Bennett,christopherpittman@example.org,Germany,2021-02-12,Premium,793.62
1965,Michael Miller,qshelton@example.com,USA,2020-01-28,Basic,463.78
1966,William Giles,richard21@example.net,UK,2023-04-04,Standard,17318.53
1967,Angel Duncan,ashley79@example.org,Australia,2022-10-15,Standard,46030.9
1968,Melanie Young,krista02@example.org,Australia,2024-06-17,Basic,34235.5
1969,Gary Johnson,eileendaniels@example.net,India,2022-12-28,Standard,8509.76
1970,Katie Carter,kennethjacobs@example.net,Australia,2023-01-18,Basic,45199.55
1971,Andrea Miller,shannon88@example.com,USA,2024-10-23,Standard,6752.61
1972,Amanda Pena,kellyharold@example.net,UK,2022-01-03,Premium,24825.84
1973,Craig Hammond,anthonygilbert@example.com,USA,2021-11-25,Basic,16964.13
1974,Lucas Ball,isimpson@example.com,France,2021-12-03,Basic,42553.77
1975,Marcus Herman,jhiggins@example.org,Australia,2021-08-07,Standard,24207.92
1976,Kathleen Brady,erin06@example.net,USA,2020-12-06,Premium,31595.71
1977,Cynthia Williams,nicole56@example.com,UK,2023-08-21,Basic,46462.54
1978,Jesus Johnson,jacksonrachel@example.org,Australia,2023-11-22,Standard,44681.55
1979,James King,zmurray@example.org,Australia,2020-09-13,Basic,42432.75
1980,Lisa Lopez,cynthiaanderson@example.net,India,2023-09-12,Premium,23071.66
1981,Rachel Greer,michellelee@example.net,UK,2024-09-02,Premium,17551.11
1982,Christopher Miller,jacob57@example.org,Canada,2024-07-26,Standard,542.3
1983,Christopher Johnston,oshah@example.net,Germany,2021-02-09,Premium,26501.92
1984,Rachael Wood,michelleayers@example.org,Australia,2022-10-19,Standard,45664.14
1985,Jacob Lynn,ystone@example.net,India,2021-08-15,Basic,12581.72
1986,Nicole Mejia,mallory30@example.org,Germany,2021-07-13,Standard,18288.34
1987,Sherry English,housedaniel@example.com,Australia,2022-12-29,Standard,13547.14
1988,Curtis Whitaker,,Australia,2024-03-11,Standard,22023.9
1989,Eric Nguyen,urodriguez@example.org,India,2020-07-14,Basic,389.93
1990,Holly Mercado,halvarez@example.org,Australia,2021-03-10,Basic,5622.22
1991,Samuel Williams,stephanie21@example.com,USA,2024-10-01,Premium,21110.68
1992,Amanda Gomez,hreyes@example.org,UK,2023-06-25,Premium,33343.62
1993,Kristina Jacobs,katherinesmith@example.com,Australia,2020-08-24,Basic,49148.14
1994,Kelsey Gates,richard25@example.net,India,2024-01-17,Standard,24828.82
1995,Jessica Brown,michelle98@example.com,France,2023-12-17,Premium,37579.39
1996,Jeremy Evans,devonmccarthy@example.net,Canada,2021-09-07,Standard,36327.13
1997,Maureen Weaver,jessica65@example.com,Canada,2023-12-09,Basic,6657.74
1998,Donna Shaw,susan11@example.net,Australia,2022-02-20,Basic,6393.57
1999,Chad Rosales,williamslaurie@example.com,UK,2023-03-13,Premium,34253.44
2000,Sherry Jones,davidwiley@example.org,India,2023-12-30,Basic,21540.29
2001,Andrea Smith,timothy83@example.net,France,2023-03-01,Premium,24061.63
2002,Catherine Garcia,justin88@example.net,USA,2021-11-30,Premium,21504.7
2003,Whitney Henry,smccarty@example.org,France,2022-02-11,Basic,9424.33
2004,Rachel Ball,dawn20@example.org,USA,2021-10-30,Premium,13250.18
2005,Nancy Jackson,keith18@example.org,France,2024-01-10,Standard,21515.03
2006,Joshua Velasquez,jamesbrown@example.org,Germany,2023-01-12,Basic,5242.94
2007,Maria Sims,brownjoanna@example.org,Canada,2022-08-06,Standard,9514.58
2008,John Harris,icooper@example.org,Canada,2023-11-01,Standard,7521.43
2009,Michael Ortega,kristinyoder@example.com,India,2022-04-27,Standard,13765.7
2010,William Hart,timothy62@example.net,USA,2024-09-16,Premium,981.3
2011,Luke Dixon,qreyes@example.net,USA,2021-03-16,Basic,19079.6
2012,Anthony Melton,phorne@example.com,Germany,2020-11-16,Basic,49008.2
2013,Daniel Ramos,sararios@example.org,USA,2024-10-12,Standard,3161.35
2014,Erika Thompson,joycekeith@example.org,UK,2023-08-31,Premium,5591.74
2015,Mary Richards,joel82@example.org,UK,2024-06-25,Basic,35608.12
2016,Jack Brandt,lukecase@example.com,USA,2022-02-02,Basic,9169.41
2017,Matthew Mclaughlin PhD,evanlong@example.org,India,2024-09-15,Standard,16149.82
2018,Debbie King,ucarr@example.org,USA,2020-11-25,Standard,30365.44
2019,Roger Valencia,ksmith@example.org,Germany,2022-03-14,Standard,24615.19
2020,Gary Estrada,fwolf@example.net,UK,2020-07-24,Premium,33480.48
2021,Steven Murphy MD,davidjohnson@example.net,France,2023-10-06,Basic,6602.37
2022,Ricky Sanders,kelleyglen@example.org,UK,2021-04-29,Basic,37172.31
2023,Lisa Case,gstone@example.net,France,2022-03-11,Standard,11988.79
2024,Melissa Bowen,elizabeth52@example.org,USA,2023-03-09,Standard,4452.84
2025,Antonio Monroe,harrisjoshua@example.com,India,2021-03-07,Standard,30131.57
2026,Bradley Armstrong,daniel15@example.org,India,2024-10-08,Basic,44213.66
2027,Laura Mcfarland,johnsonedward@example.net,Canada,2020-11-01,Premium,22343.91
2028,Teresa Curry,davisjames@example.com,India,2023-04-08,Basic,30988.62
2029,Cheryl Salazar,rhondaray@example.com,UK,2020-05-30,Standard,38073.3
2030,Kathryn Franklin,thomasbrandon@example.org,Germany,2023-08-29,Premium,6478.81
2031,Christopher Delacruz,wortiz@example.net,UK,2020-09-11,Basic,44590.17
2032,Raymond Nunez,rodriguezrichard@example.org,Canada,2024-07-25,Basic,28061.27
2033,Luis Johnson,jenniferstanley@example.net,UK,2023-10-19,Standard,31530.25
2034,Christina Dean,benjaminarmstrong@example.com,India,2021-11-25,Standard,24192.75
2035,Adam White,kimberly12@example.com,Germany,2020-11-17,Basic,39565.17
2036,Alexander Hansen,igarrett@example.com,USA,2024-04-19,Standard,48377.6
2037,Erin Taylor,nicholas09@example.org,UK,2023-07-03,Basic,3133.59
2038,Walter Griffith,cochranjill@example.org,Australia,2024-01-10,Premium,40745.22
2039,Michael Carlson,kimberlysilva@example.org,Germany,2023-11-18,Standard,25723.04
2040,Jesse Thomas,rodneyhoward@example.com,India,2022-09-12,Standard,25512.99
2041,Phillip Anderson,greencharles@example.net,Germany,2023-11-22,Standard,30400.2
2042,William Conrad,nmartinez@example.org,USA,2022-05-25,Premium,28637.71
2043,Diana Jackson,ramosjennifer@example.org,France,2022-02-26,Premium,46438.5
2044,Alison Perez,michelleschmidt@example.org,Germany,2021-09-17,Standard,36056.9
2045,Sean Carey,walkerjennifer@example.com,USA,2020-02-29,Basic,14888.55
2046,Alan Cox,kfrye@example.net,USA,2022-04-04,Premium,11274.08
2047,Richard Dean,scott55@example.com,Germany,2022-02-15,Standard,32016.81
2048,David Mendoza,taylorlisa@example.com,Australia,2022-03-03,Standard,6735.27
2049,Justin Hammond,williamsanthony@example.net,Australia,2023-12-18,Premium,49003.18
2050,Ashlee Ross,burnsrodney@example.org,Australia,2022-09-21,Standard,5897.62
2051,Robin Santiago,lrodriguez@example.org,France,2024-05-04,Standard,48613.71
2052,Grant Brown,gonzalezbrad@example.com,UK,2020-07-04,Basic,44210.92
2053,Micheal Cook,hesskeith@example.net,USA,2024-10-07,Premium,44926.95
2054,Curtis Morales Jr.,angelcunningham@example.org,UK,2021-09-29,Basic,31335.17
2055,Megan Griffin,fcarlson@example.org,India,2021-01-08,Standard,36550.79
2056,Felicia Cooke,catherinemoore@example.com,USA,2024-08-10,Standard,880.36
2057,Stacy Kim,christianrichards@example.net,France,2021-03-15,Basic,46956.94
2058,Scott Smith,whitneyrichard@example.com,France,2020-07-01,Basic,34436.96
2059,Lori Johnson,popebrent@example.net,Australia,2022-06-05,Standard,31348.86
2060,Thomas Johnson,brenda88@example.org,France,2024-02-07,Standard,22165.03
2061,Melissa Zimmerman,audrey53@example.net,UK,2024-12-26,Standard,31527.05
2062,Richard Williams,mortonkenneth@example.net,Australia,2024-02-09,Standard,22358.19
2063,Jennifer Obrien,,Canada,2020-12-28,Standard,7501.88
2064,Melinda Cervantes,vmorrison@example.com,Germany,2020-07-05,Standard,23023.57
2065,Tina Hernandez,dmitchell@example.com,Canada,2022-05-26,Premium,28525.93
2066,David Thompson,samuel38@example.net,Australia,2022-12-15,Premium,14174.01
2067,Keith Wilson,eroman@example.net,UK,2024-02-10,Basic,40893.21
2068,Stephen Charles,anthonymcdonald@example.net,France,2022-04-21,Premium,7261.77
2069,Sarah Garcia,kbrown@example.net,UK,2023-04-29,Standard,32291.43
2070,Robert Burton,atkinsonrachel@example.net,UK,2024-09-19,Basic,6950.84
2071,Cynthia Cohen,hlester@example.org,Canada,2024-11-17,Premium,5076.52
2072,Monica Medina,sarah80@example.org,UK,2024-11-07,Premium,776.25
2073,Stephanie Torres,eugenemartinez@example.com,Canada,2022-08-11,Basic,6695.73
2074,Crystal Mcgrath,samuel08@example.org,Canada,2020-04-22,Standard,46936.06
2075,Joshua Barnes,thomas12@example.org,France,2021-11-25,Basic,568.87
2076,Kyle Davis,villawilliam@example.com,Canada,2023-05-16,Standard,40930.94
2077,Rebecca Greene,gcastro@example.org,Canada,2022-04-26,Premium,7047.58
2078,Lauren Duarte,dbeck@example.com,Canada,2020-03-19,Basic,40791.7
2079,Micheal Green,tylerrodney@example.com,UK,2022-02-18,Standard,12266.06
2080,Juan Wright MD,mathewbennett@example.org,Germany,2023-11-23,Standard,27226.28
2081,Robert Ballard,owhite@example.org,India,2024-06-03,Premium,27277.64
2082,Michaela Campbell,preyes@example.net,India,2021-04-28,Basic,20822.71
2083,Allison Chavez,edward70@example.org,India,2022-10-21,Standard,11411.09
2084,Charles Zavala,bethany36@example.com,UK,2022-09-17,Standard,14413.63
2085,Jonathan Berry,josephross@example.net,Australia,2022-07-05,Standard,34369.64
2086,Shirley Taylor,randall28@example.com,Canada,2023-01-04,Basic,24641.85
2087,Alex Whitaker,evansjason@example.org,Australia,2022-12-06,Standard,47827.68
2088,Misty Howard,yolandamarks@example.net,USA,2022-01-13,Premium,16752.87
2089,John Russell,petersontina@example.org,UK,2024-08-03,Basic,4331.74
2090,Jorge Morales,kentmichael@example.com,India,2023-10-02,Premium,21488.56
2091,Dennis Jensen MD,marksheidi@example.com,UK,2020-02-21,Premium,21319.7
2092,Jennifer Brown,vmosley@example.org,Australia,2023-11-11,Standard,31275.44
2093,David Medina,paynestephanie@example.net,UK,2020-01-06,Basic,13627.55
2094,Roy Thomas,christopher46@example.net,Germany,2024-03-28,Standard,13343.51
2095,Darrell Nguyen,samanthasims@example.com,Australia,2022-09-23,Basic,39463.92
2096,Kimberly Ballard,hollyperkins@example.net,Australia,2023-02-03,Basic,38911.42
2097,Timothy James,haley15@example.com,USA,2022-12-10,Premium,22390.1
2098,Regina Williams,austinjennifer@example.net,Canada,2020-11-25,Basic,40751.02
2099,Priscilla Vang,heidijames@example.net,India,2020-03-22,Standard,36362.72
2100,John Henderson,perezcaitlin@example.net,USA,2024-01-14,Standard,6464.03
2101,Ernest Jenkins,craigriley@example.com,Canada,2021-11-10,Standard,24760.9
2102,John Williams,lindsay48@example.net,Germany,2021-04-01,Basic,30126.98
2103,Thomas Lutz,kristen89@example.com,France,2022-02-26,Premium,47207.11
2104,Gabriel Graham,alexisgibbs@example.com,Australia,2021-07-28,Standard,27512.03
2105,Katherine Ramos,duncankimberly@example.com,Germany,2023-11-03,Standard,26857.01
2106,Cheryl Hunter,colemanjohn@example.com,USA,2021-04-16,Premium,35774.56
2107,James Anderson,kayleerogers@example.com,Germany,2020-04-08,Basic,40583.48
2108,Geoffrey Franklin,sarasmith@example.net,USA,2022-02-15,Premium,18149.3
2109,Bailey Hernandez,sylviayates@example.com,USA,2024-10-26,Basic,18183.68
2110,Matthew Collins,kathrynaustin@example.com,Germany,2020-02-20,Premium,5596.8
2111,Douglas Lucero,watsonteresa@example.net,Australia,2024-01-28,Standard,42481.52
2112,Robert Fowler,smithrebecca@example.net,Canada,2020-01-28,Premium,23073.38
2113,Jose Foster,ifrey@example.org,Canada,2024-05-16,Standard,46573.95
2114,Kyle David,agalvan@example.com,UK,2022-03-25,Standard,11306.9
2115,Jennifer Baker MD,ujones@example.org,Canada,2024-08-06,Premium,34819.46
2116,Joseph Perez,bpeterson@example.com,USA,2023-06-25,Basic,34836.51
2117,Sharon Patel,ospencer@example.org,UK,2021-11-03,Premium,5389.89
2118,Jose Collins,powersheather@example.org,France,2022-07-08,Standard,29736.89
2119,Heidi Goodwin,brandon64@example.com,USA,2023-04-07,Premium,7149.75
2120,John Singh,meganjones@example.org,USA,2024-09-20,Premium,41570.29
2121,Micheal West,nfleming@example.net,UK,2024-01-29,Basic,23541.26
2122,Jeffrey Ayala,johncarter@example.net,India,2023-05-23,Standard,47443.41
2123,Christopher Lee,ecohen@example.com,Germany,2021-10-07,Basic,22254.28
2124,Joshua Solis,lawsonpaul@example.org,France,2024-02-18,Premium,5652.21
2125,Miguel Lee,ylynch@example.org,India,2021-08-16,Standard,30248.26
2126,Sandra Adams,markperez@example.com,USA,2020-01-22,Premium,19879.9
2127,Sharon French,robertsonjennifer@example.com,UK,2022-03-15,Basic,22769.4
2128,Kayla Jones,lreed@example.com,France,2021-04-08,Standard,28646.05
2129,Tina Green,ibrown@example.org,UK,2024-02-05,Standard,46579.37
2130,Melissa Alvarez,shannonmueller@example.org,USA,2020-01-29,Premium,18940.26
2131,Nicole Mcbride,john91@example.org,Australia,2022-09-06,Basic,20080.08
2132,Kayla Scott,klara@example.net,India,2022-02-16,Standard,41143.0
2133,Kayla Moore,torrestricia@example.com,Australia,2022-11-22,Standard,3952.74
2134,John Hill,qbecker@example.com,France,2021-02-28,Standard,32669.73
2135,Shannon Downs,lpage@example.com,UK,2020-08-29,Standard,2828.12
2136,Justin Perez,pmartin@example.org,UK,2022-11-03,Standard,13568.99
2137,William Galloway,kjohnson@example.net,India,2021-01-18,Standard,38961.98
2138,Sean Glass,garymartinez@example.org,UK,2020-01-28,Standard,8221.74
2139,Stephen Smith,ymurray@example.org,India,2020-03-23,Standard,647.75
2140,Ryan Carlson,hespinoza@example.org,Australia,2022-09-27,Premium,10166.12
2141,Chelsey Reyes,robertssamantha@example.org,Australia,2024-06-27,Standard,4343.46
2142,Francisco Sanchez,lawrencekari@example.com,Germany,2021-05-19,Premium,49326.05
2143,Pamela Pierce,jamesparker@example.net,Germany,2021-07-31,Premium,4751.23
2144,Anne Smith,bryantkaren@example.org,UK,2020-01-07,Basic,37608.8
2145,Diana Rivera,ekim@example.com,Australia,2020-02-05,Standard,15792.17
2146,Jessica Compton,fhenderson@example.org,UK,2020-01-24,Standard,6562.89
2147,Sydney Evans,fletcherjanet@example.org,France,2024-12-06,Standard,44835.91
2148,Jeremy Nguyen,lmendez@example.com,Germany,2023-11-11,Standard,38775.5
2149,Joseph Smith,russellkelley@example.com,India,2022-10-08,Basic,23899.96
2150,Nicholas Cunningham,mmoore@example.com,Australia,2023-12-04,Premium,8145.03
2151,Kimberly Grant,kennedywanda@example.net,France,2023-03-16,Premium,31335.04
2152,Angel Johnson,dwhite@example.org,Australia,2022-11-05,Standard,10860.8
2153,Allison Wheeler,andrewmiller@example.com,France,2024-05-28,Premium,35955.87
2154,Heather Sweeney,omarturner@example.org,Australia,2022-10-07,Standard,49614.72
2155,Tony Merritt,sarah17@example.com,France,2021-09-04,Standard,38454.95
2156,Tyler Murray,fcarter@example.net,Germany,2023-09-27,Premium,14613.0
2157,James Lopez Jr.,juanfranklin@example.net,France,2022-01-05,Basic,2096.64
2158,Derek Martin,lcook@example.org,France,2022-03-31,Standard,12031.62
2159,Sierra Gentry,jennifer54@example.org,Australia,2020-07-11,Standard,47904.98
2160,Melanie Watson,floreskimberly@example.org,Germany,2020-01-06,Basic,4960.56
2161,Beth Kane,trivas@example.net,India,2020-02-02,Basic,15546.16
2162,Amy Ross,robert07@example.org,Australia,2021-01-20,Basic,44767.23
2163,Ryan Harrison,wesleycalhoun@example.net,Germany,2021-08-22,Standard,8568.91
2164,Rachel Smith,washingtondenise@example.net,UK,2020-11-29,Premium,28867.93
2165,Michelle Allen,victoriajones@example.net,UK,2024-08-14,Premium,35561.69
2166,Jacqueline Olson,hartmansherry@example.net,Germany,2023-06-28,Basic,48926.34
2167,Anna Andrews,bishopmegan@example.org,Canada,2024-11-26,Standard,46215.62
2168,Emily Simmons,manningjeremy@example.com,Australia,2020-04-07,Basic,24464.12
2169,Christina Johnson,pachecobrittney@example.net,UK,2020-01-27,Standard,20510.76
2170,Dawn Haynes,wileyaudrey@example.com,France,2022-10-22,Standard,22097.3
2171,Edward Cochran,laurenboyd@example.com,Germany,2022-12-18,Standard,15750.91
2172,Sharon Jenkins,brookeramirez@example.com,India,2023-10-30,Standard,22559.6
2173,Nicholas Chung,tiffanyharris@example.com,Australia,2024-01-20,Basic,2229.51
2174,Steven Swanson,johnsonmartin@example.org,Australia,2021-10-04,Premium,39550.47
2175,Lisa Walker,caseystafford@example.org,France,2024-11-07,Standard,7812.66
2176,Monica Kim,matthewhull@example.com,India,2022-08-25,Standard,28549.67
2177,Don Gardner,mcgeeseth@example.net,Canada,2022-09-27,Standard,43720.53
2178,Whitney Macdonald DVM,amyponce@example.com,France,2024-01-01,Standard,23477.59
2179,William Velez,richard28@example.org,Germany,2021-08-27,Basic,5545.04
2180,Robert Mcintosh,longshane@example.com,USA,2021-10-05,Premium,47981.45
2181,James Harris,jessicasmith@example.org,UK,2022-09-14,Standard,20135.87
2182,Ralph Rodriguez,tfuller@example.net,India,2020-02-20,Standard,30258.03
2183,Ashley Hall DVM,fordwilliam@example.com,USA,2020-06-22,Basic,5804.89
2184,Mrs. Erin Phillips,dfleming@example.net,Germany,2023-07-07,Standard,47431.83
2185,Alexander Love,samantha54@example.net,USA,2024-09-13,Standard,28453.51
2186,Yvette Orozco,iansantana@example.net,Australia,2021-10-14,Basic,3213.77
2187,Alexandra Heath,millerdaniel@example.org,Canada,2024-04-24,Basic,48930.19
2188,Susan Reed,scott95@example.org,USA,2022-03-10,Standard,1244.84
2189,Ruben Garcia,ipadilla@example.com,Canada,2022-12-22,Standard,12678.36
2190,Hector Paul,dawn31@example.org,USA,2020-01-18,Premium,13767.88
2191,Tyler Howell,kendra03@example.net,India,2024-06-26,Basic,22625.9
2192,Donald Martinez,johnsross@example.net,UK,2023-01-21,Standard,44664.36
2193,Diane Jones,courtney13@example.net,USA,2021-09-07,Premium,44758.33
2194,Stephanie Moyer,michael35@example.net,UK,2022-11-01,Basic,14915.56
2195,Isaiah Jones,russelltommy@example.net,USA,2020-01-24,Basic,24133.1
2196,Kenneth Hahn,jonespaul@example.com,Germany,2022-05-21,Basic,48282.93
2197,Michael Allen,smason@example.net,Germany,2020-08-16,Basic,28558.81
2198,Claudia Lee,kristopher53@example.org,Canada,2020-01-06,Standard,44699.59
2199,James Charles Jr.,alan25@example.org,USA,2020-05-13,Basic,28966.62
2200,James Scott,gwhite@example.com,USA,2022-09-07,Standard,41192.84
2201,Antonio Lopez,jefferywalker@example.com,Canada,2024-04-12,Basic,36683.02
2202,Omar Johnson,daypatricia@example.net,India,2020-03-25,Basic,46697.59
2203,Mark Haley,pdixon@example.org,Germany,2020-10-03,Standard,39621.64
2204,Anita Long,laurajensen@example.org,France,2021-05-29,Standard,36142.07
2205,Tina Mclean,kcook@example.net,Australia,2023-12-13,Basic,42877.63
2206,Erica Cunningham,christopherwatkins@example.net,France,2023-11-08,Standard,28961.01
2207,James Hall,robertbrock@example.org,India,2023-12-26,Basic,9464.08
2208,Brenda Wood,chrismurray@example.com,France,2024-06-13,Basic,30087.07
2209,Beth Solomon,davismax@example.org,USA,2021-02-16,Standard,9638.83
2210,Abigail Lopez,coreypope@example.net,France,2023-04-20,Basic,18575.8
2211,Terry Warren,boydrenee@example.net,UK,2020-01-08,Standard,15417.57
2212,Brandon Rodriguez,gordonjason@example.com,Canada,2021-08-29,Premium,25006.62
2213,Monica Gilmore,evaughn@example.org,Australia,2023-07-09,Standard,17651.28
2214,Justin Williams,christensenkendra@example.org,Canada,2022-05-24,Standard,48706.1
2215,Melissa Hodge,kelleynicholas@example.org,UK,2022-07-17,Basic,22995.3
2216,Stephanie Lara,martin40@example.net,UK,2020-06-24,Standard,8216.59
2217,Carol Webster,aaronthompson@example.org,Germany,2023-01-28,Standard,33014.32
2218,Lori Roberson,derekdougherty@example.org,France,2021-04-05,Standard,35134.42
2219,John Ramirez,jessicamiddleton@example.net,Australia,2023-09-27,Basic,5051.33
2220,William Frye,jacquelinenunez@example.net,India,2023-02-19,Basic,4572.93
2221,Andrew Clark,hilljennifer@example.org,India,2021-02-03,Basic,5273.4
2222,Mitchell Jimenez,heathergarcia@example.com,Canada,2023-08-03,Standard,27282.21
2223,Ricardo Anderson,butlerolivia@example.com,France,2021-04-07,Standard,40312.95
2224,Michael Summers,,France,2022-04-14,Basic,10672.37
2225,Steven Davis,davidjones@example.org,Canada,2023-04-05,Standard,5813.61
2226,Ann Fleming PhD,harrisonnicholas@example.net,Canada,2020-03-15,Basic,17595.62
2227,Lauren Sosa,davidglover@example.com,Canada,2021-03-28,Standard,45408.88
2228,Kimberly Hill,jmyers@example.net,France,2020-05-28,Basic,19850.85
2229,Teresa Barnes,masonmichael@example.net,Australia,2024-06-03,Basic,25427.28
2230,Jennifer Booker,wstevens@example.org,USA,2021-11-30,Standard,15439.09
2231,Tara Miller,dcox@example.com,Australia,2022-11-27,Basic,33697.71
2232,Rachel Turner,alexanderryan@example.org,India,2023-06-04,Basic,1730.46
2233,Chelsea Walker,tcooper@example.net,India,2023-01-08,Basic,42054.4
2234,Colton Bradford,htaylor@example.org,Germany,2021-06-23,Basic,15941.8
2235,Daniel Jenkins,samantharodgers@example.net,USA,2022-10-10,Standard,21557.98
2236,Michael Garcia,fergusontrevor@example.net,Germany,2024-10-01,Standard,30851.77
2237,Natalie Conrad,danielleramsey@example.net,UK,2020-06-03,Premium,46603.82
2238,Melanie Baker,anitaballard@example.org,Germany,2023-08-08,Basic,19581.54
2239,Diane Murray,pamelaestrada@example.com,Canada,2022-08-28,Standard,15974.43
2240,Dean Harris,lambjohn@example.org,USA,2023-07-13,Standard,35530.24
2241,Michael Porter,brooksjennifer@example.com,India,2024-04-25,Premium,28888.99
2242,Jeanette Norris,victor76@example.net,UK,2023-07-24,Basic,45841.6
2243,Wanda Griffith,stacey53@example.com,Canada,2021-11-07,Premium,16187.99
2244,Scott Long,erivers@example.com,India,2021-01-15,Premium,675.75
2245,Bob Cooper,andrew09@example.com,Canada,2024-08-16,Premium,30943.17
2246,Sylvia Torres,briggsjacob@example.com,Germany,2022-12-24,Basic,28632.51
2247,Todd Johnston,cturner@example.org,India,2020-07-25,Basic,49172.37
2248,Alexis Berg,derrick59@example.org,France,2021-04-30,Basic,9409.1
2249,Timothy Mitchell,debra93@example.org,France,2023-12-18,Standard,9772.06
2250,Jason Wilson,olivia30@example.com,Canada,2022-10-31,Basic,40374.16
2251,Randy Perez,johnsondebbie@example.net,UK,2020-08-10,Standard,2682.27
2252,Samantha Gillespie,sarahmiller@example.net,India,2022-09-29,Premium,1254.73
2253,Timothy Campbell,jasonochoa@example.net,Australia,2021-05-25,Basic,5635.48
2254,Jessica Bullock,rgreen@example.net,Australia,2024-06-13,Premium,7177.59
2255,Mr. Cory Hanna PhD,holtrobert@example.com,USA,2024-05-17,Premium,3961.33
2256,Courtney Wallace,banderson@example.com,Canada,2023-05-30,Basic,10477.83
2257,Cory Smith,rhonda05@example.org,India,2024-01-25,Basic,20745.88
2258,Amy Pennington,mark80@example.org,Germany,2020-02-16,Standard,10593.77
2259,Scott Thompson,cameronlopez@example.com,UK,2023-04-24,Basic,31714.23
2260,Barbara Johnson,jeremy91@example.org,Germany,2023-10-25,Premium,15007.87
2261,Lori Miller,rebekahgonzalez@example.org,Australia,2021-11-21,Standard,31597.55
2262,Michael Holmes,uthompson@example.org,Canada,2023-01-02,Premium,17206.24
2263,Nicholas Chase,mauriceball@example.net,UK,2021-10-05,Basic,30039.64
2264,Mary Lewis,eddiehernandez@example.net,India,2023-11-08,Standard,12799.6
2265,Michael Lee,aaroncox@example.com,India,2023-06-16,Standard,26844.11
2266,Rachael Walker,jeremiah36@example.com,Germany,2020-06-08,Basic,10893.7
2267,Andrew Sanders,arnoldstephen@example.net,UK,2020-12-08,Basic,1571.93
2268,Rachel Martinez,mariagonzalez@example.org,India,2020-06-29,Premium,34610.93
2269,Christopher Garcia DDS,patriciagrant@example.net,India,2023-02-28,Standard,10041.95
2270,Brandon Trevino,wleblanc@example.com,India,2022-09-02,Basic,32631.03
2271,James Gonzalez,imolina@example.org,Germany,2021-01-18,Basic,21859.49
2272,Claire Vazquez,donaldmartin@example.net,Australia,2022-07-17,Basic,12579.65
2273,Nicole Carter,michaelmooney@example.net,USA,2022-10-30,Basic,35898.07
2274,Mary Jennings,gregorymullen@example.com,Australia,2020-04-14,Premium,39678.35
2275,Stephen Haney,jason06@example.org,France,2024-03-01,Premium,10371.01
2276,Miranda Lin,carlholland@example.net,Canada,2020-04-11,Standard,22363.27
2277,Ricky Hill,adamcaldwell@example.org,France,2024-04-13,Standard,16005.56
2278,Patricia Delgado,eddie13@example.com,India,2020-11-14,Standard,10066.07
2279,Katie Mitchell,uperez@example.com,UK,2023-04-14,Basic,40985.15
2280,Erik Hill,uwilliams@example.com,Germany,2022-11-04,Basic,47909.06
2281,Taylor Keller,christopher41@example.org,USA,2022-10-30,Standard,30233.72
2282,Gloria Patterson,hudsonellen@example.net,Australia,2023-08-09,Basic,26571.86
2283,Christine Morris,lhoward@example.org,UK,2022-05-21,Premium,40471.12
2284,Chad King,qbray@example.org,Germany,2020-05-09,Premium,12341.38
2285,Kathleen Taylor,hernandezcharles@example.org,USA,2022-11-09,Standard,7337.48
2286,Jessica Potts,kford@example.net,UK,2022-04-08,Premium,34445.79
2287,Troy Wells,martintracy@example.com,Canada,2021-02-26,Standard,28416.72
2288,Victoria Lopez,rpearson@example.org,UK,2022-04-20,Standard,3405.13
2289,Kenneth Moreno,awong@example.com,USA,2021-03-09,Standard,10951.42
2290,Christine Mccoy,,Germany,2023-11-06,Basic,47318.93
2291,Colin Mckay,hunter12@example.org,Canada,2020-10-16,Standard,28740.03
2292,Heather Johnson,tom64@example.com,France,2022-10-25,Standard,21816.76
2293,Thomas Castillo,smithrobert@example.net,Canada,2022-04-27,Premium,2578.02
2294,Joshua Farmer,kmorales@example.com,Germany,2022-12-18,Premium,13793.33
2295,Stacey Davis,paulbailey@example.net,India,2024-12-13,Standard,30111.39
2296,Gary Johnson,michaelhale@example.com,France,2020-12-29,Standard,1161.31
2297,Jasmin Nelson,djensen@example.com,India,2020-05-24,Basic,28830.36
2298,Krystal Howard,nwalker@example.org,India,2023-06-22,Standard,6639.8
2299,Michelle White,daniel82@example.com,Australia,2022-01-25,Premium,26720.0
2300,Elijah Archer,christina89@example.net,Germany,2024-03-14,Standard,911.99
2301,Lisa Bailey,robert63@example.com,Germany,2024-11-10,Basic,20812.44
2302,Shelly Mcmahon,julie44@example.org,UK,2023-12-16,Standard,17356.64
2303,Bryan Hudson,karensanchez@example.net,India,2024-09-21,Basic,24741.55
2304,Kenneth Mitchell,natalie40@example.net,India,2023-10-18,Standard,49199.95
2305,Melissa Jackson,brandonmurphy@example.com,Germany,2020-08-22,Standard,45532.54
2306,Misty Robinson,cory21@example.org,Canada,2024-12-26,Basic,5226.91
2307,Jill Brown,dariusmendoza@example.org,USA,2022-05-24,Basic,7022.85
2308,Samuel Bailey,crystal65@example.com,Australia,2022-05-12,Basic,36240.24
2309,Shannon Martinez,alejandroturner@example.net,USA,2022-03-01,Premium,36232.98
2310,Timothy Hernandez,ashleymorrow@example.org,Canada,2024-06-26,Basic,26924.16
2311,Ashley Maxwell,jessicamurray@example.com,India,2024-04-27,Standard,2719.3
2312,Linda Lee,courtney70@example.net,Australia,2024-09-12,Premium,2495.37
2313,Angela Berry,sherylgreen@example.com,UK,2022-10-05,Standard,34427.29
2314,Michael Sanders,christopherwalker@example.net,Canada,2022-10-02,Standard,34963.38
2315,Daniel Zamora,mariamoore@example.net,Australia,2023-09-14,Standard,6083.08
2316,David Collins,isaac63@example.net,UK,2020-07-15,Premium,29248.1
2317,Matthew Klein,sgordon@example.net,Canada,2024-01-02,Basic,31881.49
2318,Roberto Guerra,arnoldrachel@example.net,France,2021-07-26,Standard,12102.12
2319,Brenda Dalton,dmullins@example.org,Germany,2024-06-06,Standard,14099.03
2320,Maria Compton,esmall@example.com,Canada,2021-04-26,Standard,4680.79
2321,Elizabeth Skinner MD,amandamoody@example.com,Canada,2024-09-25,Basic,17715.18
2322,Robert Lynch,robert52@example.com,Canada,2023-10-04,Standard,32392.0
2323,Nicole Blake,jamesmeyer@example.org,Canada,2023-02-12,Standard,3849.71
2324,Chad Taylor,gberry@example.org,Germany,2021-01-08,Standard,33557.9
2325,Alex Gonzalez,emcdonald@example.net,Germany,2023-06-18,Standard,24433.51
2326,Jessica Bryant,kimronald@example.com,UK,2023-01-18,Basic,38103.97
2327,Robert Wright,thompsondarlene@example.org,Germany,2020-04-12,Standard,47224.63
2328,Carrie Hall,lisa23@example.org,France,2021-01-30,Standard,42405.57
2329,Tiffany Anderson,amberellis@example.net,India,2024-01-18,Premium,45843.19
2330,Sylvia Smith,krobbins@example.net,UK,2023-12-26,Standard,31061.85
2331,Stanley Brown,qhendricks@example.net,USA,2024-05-31,Standard,3525.1
2332,Ricardo Garcia,smay@example.com,UK,2021-08-09,Standard,47579.58
2333,Brian Buchanan,sarawilliams@example.com,France,2023-03-14,Premium,23101.61
2334,Shane Alexander,vfuller@example.net,India,2024-05-11,Premium,927.74
2335,Christopher George,paul84@example.net,Germany,2021-04-10,Standard,23864.4
2336,Nancy Valentine,mwright@example.com,Germany,2022-11-13,Standard,6004.48
2337,Rebecca Garcia,millerbrandon@example.net,Germany,2022-04-16,Standard,10682.09
2338,Cynthia Reed,vaguirre@example.net,UK,2020-04-01,Standard,16753.6
2339,Vanessa Jones,roytodd@example.net,Germany,2020-03-06,Standard,2551.81
2340,Courtney Hernandez,matthewschristine@example.com,UK,2023-06-22,Basic,9777.19
2341,Fernando Blackwell,snydergerald@example.org,USA,2024-07-11,Premium,13868.69
2342,Nicole Wright,bwhite@example.com,France,2024-04-14,Standard,5548.31
2343,Brian Thompson,gina49@example.net,India,2021-11-29,Standard,5643.03
2344,Susan Singh,schwartzlisa@example.org,India,2024-11-17,Basic,28804.0
2345,Jeremy Stein,torresmary@example.com,USA,2022-07-17,Standard,13845.43
2346,Erin Nelson,brockalex@example.com,Australia,2023-01-25,Standard,20287.51
2347,Jordan Bailey,jake77@example.com,UK,2023-02-13,Standard,41221.03
2348,Jennifer Walters,ernestrich@example.net,France,2021-07-31,Standard,8634.35
2349,Cody Morse,kflores@example.org,USA,2024-07-23,Standard,35322.08
2350,Alicia Miller,fbailey@example.org,UK,2024-01-18,Premium,9335.43
2351,Matthew Armstrong,edwardmitchell@example.org,Australia,2021-08-12,Standard,36980.63
2352,Tanya Jenkins,hernandezlouis@example.net,Canada,2023-07-04,Standard,8594.61
2353,Jeffrey Ford,debbiejackson@example.net,France,2023-08-12,Premium,16674.55
2354,Tiffany Williams,qjones@example.com,Germany,2023-02-12,Basic,33334.97
2355,Michael Morgan,jamierodriguez@example.net,UK,2022-09-09,Premium,48721.11
2356,Amanda Berry,janetmoore@example.net,Australia,2020-06-01,Premium,38037.01
2357,Anna Poole,watsonkenneth@example.net,India,2024-07-22,Standard,23744.13
2358,Jaime Hernandez,istephens@example.com,India,2024-12-15,Basic,23681.16
2359,Adam Gallagher,schmidtjose@example.net,India,2020-04-16,Premium,34034.31
2360,Eric Anderson,williamspaul@example.net,UK,2024-08-21,Standard,25207.01
2361,Kathleen Little,usanchez@example.net,Canada,2021-08-20,Basic,5089.62
2362,Jasmine Morales,xcurry@example.net,Canada,2020-08-04,Standard,24584.03
2363,Carl Phillips,danielthomas@example.com,UK,2024-01-16,Standard,33204.09
2364,Corey Smith,williamsfrank@example.com,USA,2022-08-29,Standard,41404.7
2365,Ashley Oconnor,davismichelle@example.com,UK,2020-10-07,Standard,25939.77
2366,Leah Wheeler,barbara81@example.net,France,2020-10-20,Basic,42200.49
2367,Ashley Dunn,robinsonryan@example.com,Germany,2020-02-08,Standard,26013.51
2368,Carol Smith,baileyjames@example.org,France,2022-09-11,Premium,20574.92
2369,James Salas,morrisbrandon@example.org,USA,2021-05-08,Basic,17924.0
2370,Stephanie Pierce,mcconnellangela@example.org,India,2024-08-15,Standard,34820.72
2371,Lisa Keller,brownraymond@example.net,Germany,2022-02-28,Standard,4554.77
2372,Nicole Mahoney,gregorypeters@example.org,Australia,2024-05-29,Standard,5485.79
2373,Stephanie Nunez,jasonwebb@example.net,USA,2020-06-01,Standard,27291.33
2374,Brian Welch,dthompson@example.org,Australia,2021-03-28,Basic,43817.03
2375,Traci Rodriguez,leeelizabeth@example.org,USA,2021-01-02,Basic,17507.37
2376,Lee Garcia,michaellopez@example.net,UK,2022-12-31,Standard,47268.8
2377,Kelsey Nguyen,sullivanpaula@example.com,USA,2021-12-05,Premium,29017.89
2378,Jenny Soto,margaret20@example.net,France,2024-06-29,Basic,6235.77
2379,Ashlee Pena,john19@example.org,Canada,2022-05-02,Standard,39647.03
2380,Jason Murray,gomezbrittney@example.net,UK,2024-04-06,Premium,515.91
2381,Kimberly Evans,rthompson@example.org,Australia,2024-12-13,Premium,34078.06
2382,Brittany Myers,heather68@example.com,Germany,2023-10-26,Standard,27951.23
2383,Heather Gallegos,marioharris@example.net,USA,2022-07-15,Standard,3324.36
2384,Tiffany Cooper,carrielambert@example.net,UK,2023-03-08,Standard,10944.53
2385,Nancy Tanner,wallacecourtney@example.org,Canada,2023-10-28,Premium,24469.49
2386,Kevin Shea,duranaudrey@example.com,India,2022-06-03,Standard,41722.09
2387,Kristen Larson,gina74@example.net,India,2021-10-04,Premium,43948.23
2388,Laura Sullivan,mckayjames@example.net,Canada,2024-01-04,Standard,47930.36
2389,Ashley Murray,mary85@example.org,Germany,2021-12-28,Basic,35688.54
2390,Rhonda Rodriguez,lcarter@example.net,India,2020-02-21,Basic,21659.33
2391,Adam Jacobs,uliu@example.org,Australia,2020-08-03,Standard,1703.62
2392,Amanda Ross,zwilliams@example.com,Australia,2022-10-06,Standard,33957.16
2393,Alicia Stephens,amanda45@example.net,UK,2020-07-09,Standard,45217.72
2394,Justin Ryan,nancyballard@example.com,Australia,2022-05-30,Basic,29892.24
2395,Kimberly Young,vgreen@example.org,USA,2022-10-07,Standard,43809.03
2396,Sean Smith,akramer@example.org,Canada,2020-01-02,Premium,38406.25
2397,Gregory Myers,xgarcia@example.net,USA,2021-10-11,Standard,10056.21
2398,Thomas Clements,jcarter@example.com,UK,2023-11-02,Standard,46363.22
2399,Jeffrey Weaver,ryan90@example.net,Germany,2023-10-21,Premium,39142.05
2400,Susan Valdez,pmartin@example.org,Canada,2020-02-27,Premium,26375.91
2401,Christina Watson,williamsjoseph@example.com,France,2021-07-07,Standard,34289.65
2402,Bonnie Larson,longjoshua@example.com,UK,2024-10-09,Standard,23380.97
2403,Tanya Cardenas,fred06@example.org,Australia,2023-12-08,Standard,45636.66
2404,Franklin Cooper,ibrennan@example.com,India,2024-08-29,Basic,4512.61
2405,Cathy Wyatt,lynchmartin@example.org,India,2024-08-28,Basic,39352.94
2406,Elizabeth Mcguire,victor76@example.com,France,2022-09-15,Standard,31082.4
2407,Erika Harper,gnguyen@example.org,Australia,2022-09-02,Basic,2771.45
2408,John Miller,karlchandler@example.org,Canada,2020-07-04,Premium,33536.95
2409,Shannon Carlson,figueroapreston@example.net,Germany,2020-12-03,Basic,25948.61
2410,Sean Noble,xyoung@example.net,Canada,2020-09-18,Premium,13581.72
2411,Kathleen Coleman,amanda83@example.net,Australia,2021-09-24,Premium,29757.55
2412,Michael Spencer,henrybarnett@example.org,Canada,2023-05-28,Standard,34560.59
2413,Micheal Edwards,gwilson@example.com,Australia,2022-06-12,Premium,29272.41
2414,Joan Brown,ricedana@example.com,Germany,2021-07-17,Basic,35108.48
2415,Jerome Parker,xhall@example.net,Germany,2021-01-27,Standard,48367.2
2416,Elizabeth Russo,daniel71@example.com,India,2022-11-26,Basic,32019.44
2417,Veronica Stevens,keith93@example.org,USA,2021-08-31,Standard,35985.19
2418,Joseph Walker Jr.,robertrusso@example.org,Australia,2023-06-10,Basic,31220.83
2419,Matthew Sellers,ronaldjohnson@example.com,USA,2022-07-13,Premium,7735.8
2420,Robin Hawkins,laura78@example.com,Australia,2020-12-24,Standard,12435.58
2421,Justin White,edwardsdavid@example.net,India,2021-07-12,Premium,25339.64
2422,Matthew House,timothyshaffer@example.net,UK,2020-04-01,Basic,15066.2
2423,Sharon Kelly,rlopez@example.com,Germany,2022-06-25,Premium,11822.9
2424,Jessica Gray,brittanysanders@example.org,Canada,2024-12-07,Standard,30676.73
2425,Robert Taylor,pamela64@example.com,Germany,2020-04-06,Standard,6247.51
2426,Laurie Johnson,rodriguezamanda@example.net,USA,2021-09-13,Premium,7170.14
2427,Alan Bullock,frank18@example.net,Canada,2022-01-17,Standard,25624.6
2428,Summer Jackson,peter88@example.com,France,2023-02-04,Standard,24075.28
2429,Sara Gilbert,caguilar@example.org,UK,2022-10-21,Premium,29479.31
2430,Samantha Wu,cynthia95@example.net,UK,2020-08-18,Standard,19352.46
2431,Ashley Vargas,douglasalexander@example.net,Canada,2022-04-25,Standard,40693.33
2432,Mary Bates,wilkinskevin@example.net,USA,2020-12-08,Standard,6094.31
2433,Shannon Roach,vsmith@example.net,UK,2022-08-24,Standard,1800.77
2434,Deborah Murphy,tylerlaura@example.org,France,2022-02-15,Standard,22279.52
2435,Caitlin Cooley,millerjessica@example.net,Australia,2020-02-24,Standard,7051.25
2436,Gloria Hamilton,rowebelinda@example.net,Australia,2024-12-05,Standard,555.09
2437,Joshua Hill DVM,clayandrew@example.net,USA,2023-04-14,Standard,43065.01
2438,Sarah Berry,marthagriffin@example.net,USA,2020-03-26,Basic,26300.28
2439,Justin Coleman,orichards@example.com,Germany,2020-06-12,Premium,7655.0
2440,Emily Wagner,webstersteven@example.net,France,2020-01-22,Standard,23028.14
2441,Emily Martinez,vsmith@example.org,Australia,2020-08-10,Premium,39269.55
2442,Kevin Smith,melissarollins@example.com,France,2020-09-02,Basic,3503.68
2443,Hannah Sanchez,dwilliams@example.net,Canada,2022-08-27,Standard,48131.49
2444,Rebecca Foley,williamsmark@example.org,France,2021-06-30,Premium,35454.16
2445,Christine Jones,sarah87@example.org,Germany,2021-11-23,Standard,13035.38
2446,Thomas Miller,william96@example.net,France,2021-03-24,Standard,29078.16
2447,Robert Brown,simsamy@example.com,France,2020-06-13,Basic,3471.74
2448,Dorothy Wade,curtismichelle@example.com,India,2021-03-13,Basic,11662.05
2449,Mr. Gregory Wiley,jamesjohn@example.net,France,2023-01-25,Standard,33998.18
2450,Sara Bartlett,dtucker@example.org,UK,2024-04-10,Standard,38609.99
2451,Jennifer Cannon,vortiz@example.org,Australia,2021-06-22,Basic,5361.05
2452,Jamie Scott,montoyafelicia@example.org,Australia,2020-03-04,Basic,19265.76
2453,Zachary Murray,cynthia35@example.net,Australia,2024-05-11,Basic,3190.14
2454,Elizabeth Clayton,hestertabitha@example.org,USA,2020-12-10,Premium,37521.75
2455,April Henry,alanthomas@example.com,Germany,2021-01-15,Standard,31601.57
2456,Scott Brennan,cynthia47@example.org,India,2022-08-23,Premium,5472.28
2457,Leslie Bauer,johnstonbarbara@example.org,Germany,2022-02-02,Premium,31906.05
2458,Michael Valencia,hudsonglen@example.net,Germany,2023-10-26,Premium,24606.04
2459,Louis Gibson,monica51@example.net,France,2021-03-08,Standard,37133.48
2460,Erin Goodman,ftaylor@example.org,Germany,2022-04-08,Standard,39521.21
2461,Alison Faulkner,mccormickkatherine@example.com,India,2023-11-17,Premium,47995.63
2462,Amanda Torres,brittanywolf@example.org,India,2022-07-15,Premium,7114.07
2463,John Pearson,suzanne33@example.org,India,2022-01-08,Basic,28457.92
2464,Joanna Calderon,hallalan@example.org,Australia,2023-02-11,Standard,34149.82
2465,Trevor Lee,lcosta@example.net,Australia,2020-08-21,Basic,26454.91
2466,Dennis Jackson,bradshawcarlos@example.org,USA,2024-04-23,Standard,41396.03
2467,Bradley Johnson,shannon20@example.com,Germany,2023-10-16,Standard,44997.81
2468,Anthony Vaughn,cory32@example.com,Canada,2021-11-08,Basic,22000.02
2469,Sara Day,howelljennifer@example.com,France,2020-06-29,Basic,28500.71
2470,Brianna Christensen,ujohnson@example.net,India,2022-10-15,Standard,5135.56
2471,James Scott,lharris@example.com,Germany,2020-05-22,Premium,27072.85
2472,Edwin Thomas IV,marisa32@example.com,India,2020-07-01,Basic,14565.83
2473,Lisa Johnson,patrick61@example.net,Canada,2021-11-27,Standard,17959.47
2474,Adam Payne,kbenson@example.org,Australia,2024-09-01,Premium,14474.64
2475,Andrew Wheeler,peterlang@example.net,Germany,2020-09-04,Standard,25936.21
2476,Christina Mullen,smithsteven@example.net,France,2021-07-25,Standard,30970.38
2477,Johnny Taylor,johnsonsteven@example.net,Germany,2022-04-22,Basic,29180.35
2478,Richard Pena,ethanrodriguez@example.net,Australia,2024-01-24,Basic,32696.28
2479,Natalie Kennedy,riostyler@example.org,India,2020-08-07,Standard,10105.51
2480,Dawn Berg,julia17@example.org,Australia,2022-11-05,Premium,10291.24
2481,Wendy Jones,gibsonkirk@example.com,Canada,2020-04-08,Standard,37891.5
2482,Samantha Malone,melissa22@example.com,Australia,2020-09-20,Premium,24728.4
2483,Alexis Peterson,rhondanelson@example.org,Canada,2020-09-16,Standard,30539.09
2484,Taylor Cross,kevin77@example.org,Canada,2021-11-17,Basic,17357.69
2485,Michael Fisher,leslie32@example.com,India,2022-01-16,Standard,36990.54
2486,Lindsey Evans,wallererica@example.com,Australia,2024-09-27,Basic,23990.7
2487,Heather Fernandez,reyesdavid@example.org,India,2022-11-15,Basic,5292.65
2488,Troy Herrera,jacksonrussell@example.com,Germany,2024-12-18,Standard,17577.86
2489,Morgan Lang,jscott@example.com,Germany,2023-12-15,Basic,43834.85
2490,Kayla Fisher,stevenkidd@example.org,USA,2022-07-02,Basic,1415.06
2491,Jesus Johnson,samuelsandoval@example.org,Canada,2024-11-18,Premium,30446.13
2492,Andrew Carter,christopherturner@example.org,UK,2022-01-07,Standard,1002.93
2493,Pamela Mahoney,philliphayden@example.net,Germany,2020-08-21,Standard,18923.67
2494,Gabriel Hall,william47@example.org,India,2022-07-09,Basic,27522.29
2495,Kenneth Rose,joshua22@example.net,India,2024-04-11,Premium,30821.09
2496,Zachary Gonzalez,vparks@example.org,Australia,2024-04-30,Standard,17221.97
2497,Gary Johns,aaronsmith@example.net,Australia,2022-08-05,Standard,4690.34
2498,Eddie Klein,lchavez@example.org,India,2023-01-22,Standard,37653.2
2499,Joseph Tate,martinezdavid@example.org,Canada,2020-02-12,Standard,2384.41
2500,Sarah Cruz,loritaylor@example.com,Canada,2021-01-03,Basic,12571.13
2501,Ronald Nunez,nsingh@example.org,India,2021-12-09,Premium,21983.94
2502,Morgan Evans,bendermichelle@example.net,USA,2022-02-15,Standard,30160.56
2503,Mrs. Amanda Johnson DDS,gabrielle36@example.org,Australia,2024-06-13,Basic,6572.84
2504,Dana Griffin,millschristopher@example.org,UK,2023-04-24,Standard,32863.86
2505,Jaclyn Green,katherinemccarty@example.com,India,2020-10-01,Basic,10372.46
2506,Mark Ballard,jonesjames@example.org,France,2021-05-22,Basic,44892.24
2507,Jeremy Brooks,justin46@example.com,Australia,2022-03-17,Standard,15205.67
2508,Anna Pierce,nicole02@example.net,UK,2023-11-07,Standard,43461.65
2509,Melissa Hernandez,denisepalmer@example.net,USA,2024-08-11,Basic,16011.06
2510,Aaron Woodward,htaylor@example.com,Germany,2022-07-03,Premium,17397.11
2511,Dennis Nguyen,taylorclarke@example.com,UK,2023-03-09,Basic,24361.76
2512,Eric Tapia,maxwellgibson@example.org,India,2021-06-22,Basic,42087.13
2513,Brandon Ingram,andrearivera@example.net,Germany,2020-07-31,Standard,27692.99
2514,Benjamin Thompson,michael04@example.net,India,2024-04-30,Basic,39418.21
2515,Stephen Brown,jefferybaker@example.com,India,2020-02-12,Standard,22069.84
2516,Justin Boyd,fmiller@example.net,Canada,2024-05-24,Basic,1162.35
2517,Christina Strong,fjones@example.org,Canada,2020-02-23,Standard,29453.18
2518,Theresa Espinoza,jimenezruben@example.com,UK,2021-02-13,Basic,3080.03
2519,Stephanie Mcintyre,larry04@example.net,Canada,2020-11-20,Standard,1040.54
2520,Jeremiah Huerta,patrick01@example.net,UK,2020-06-09,Standard,11299.98
2521,Jacob Ball,tamaraparker@example.org,UK,2021-04-18,Standard,26671.35
2522,Tyrone Miller,knichols@example.com,France,2023-10-14,Premium,38173.52
2523,Beth Ellis,philliphatfield@example.net,Australia,2021-12-16,Basic,37748.46
2524,Robert Donovan,icisneros@example.com,UK,2024-11-30,Basic,13200.38
2525,Lisa Ramos,cphelps@example.net,Canada,2024-04-12,Standard,1464.52
2526,Marcus Kennedy,batesbelinda@example.net,Canada,2021-01-14,Standard,43300.54
2527,Jason Cantu,vincent74@example.org,Canada,2020-08-17,Basic,37644.8
2528,Dillon Clark,parkerrobert@example.net,Canada,2023-10-08,Standard,47628.43
2529,Theresa Hernandez,krystal64@example.net,Australia,2023-09-10,Standard,49545.47
2530,Howard Andrews,andreross@example.net,Germany,2021-05-19,Standard,35989.09
2531,Robert Miranda,lambertcheyenne@example.org,Canada,2022-09-25,Standard,48019.22
2532,Charles Wright,ohall@example.com,Germany,2023-05-21,Basic,11987.52
2533,Kathryn Shields,jenniferrice@example.com,Australia,2022-12-07,Standard,34161.68
2534,Alexander Sullivan,michelle05@example.org,USA,2024-01-31,Basic,38589.83
2535,Catherine Martin DVM,james41@example.net,UK,2020-12-06,Standard,2026.45
2536,Bailey Morales,cheryl86@example.org,USA,2024-02-13,Standard,12600.61
2537,Charles Reeves,dbrown@example.org,France,2020-10-24,Basic,715.72
2538,Mrs. Linda Pierce DDS,millerlindsey@example.org,UK,2024-09-09,Standard,41816.39
2539,Thomas Wells,allenkaren@example.com,Canada,2023-09-27,Standard,961.61
2540,Julie Pearson,vwilliams@example.org,India,2024-06-03,Premium,18000.31
2541,Stacey Moore,gabriela90@example.net,France,2022-07-15,Standard,20489.68
2542,Matthew Bruce,vunderwood@example.com,France,2024-08-09,Premium,44862.51
2543,Angela Mullen,jeffrey82@example.net,Germany,2020-08-05,Basic,22077.93
2544,Christopher Rice,amills@example.com,USA,2020-09-08,Basic,13051.09
2545,Philip Espinoza,arodriguez@example.org,Germany,2022-02-18,Standard,8807.32
2546,Kayla Maxwell,jdaugherty@example.org,Australia,2024-06-20,Standard,11710.36
2547,Sherry Chapman,fking@example.org,France,2022-09-04,Premium,25385.29
2548,Dr. Andrew Johns,yoderadam@example.com,Germany,2022-09-25,Standard,27715.05
2549,Michelle Diaz,steven80@example.org,USA,2020-11-05,Basic,49599.36
2550,Sean Lee,jasonfoster@example.org,Australia,2020-10-23,Premium,42262.05
2551,Jeanette Johnson,wmorrison@example.com,Canada,2022-10-04,Standard,2332.18
2552,Debbie Estrada,pricescott@example.net,USA,2021-10-12,Premium,25396.2
2553,Michael Sanchez,heidi21@example.com,India,2020-04-10,Premium,10281.69
2554,Jason Evans,paulsmith@example.org,Germany,2021-02-01,Basic,34082.71
2555,William Friedman,patricia24@example.org,India,2023-07-07,Standard,14225.91
2556,Lisa Glenn,keithwyatt@example.net,India,2020-04-30,Standard,18078.32
2557,Eric Rodriguez,zburke@example.org,Australia,2024-01-26,Basic,18798.31
2558,Darryl Hernandez,rhonda67@example.net,Australia,2021-10-27,Standard,1654.75
2559,Krista Price,richard33@example.net,UK,2024-05-03,Standard,7588.16
2560,Erin Collins,davismark@example.org,France,2024-05-26,Premium,10652.83
2561,Jonathan Green,tracywilkins@example.net,UK,2023-12-08,Basic,37127.97
2562,Barbara Kennedy,manuel12@example.net,Canada,2023-11-07,Basic,47003.0
2563,Susan Rivera,andersonbrittany@example.net,UK,2022-06-27,Standard,32887.26
2564,Jack Moore,farmerlisa@example.com,USA,2020-10-20,Basic,32495.68
2565,Alicia Phillips,ryan54@example.com,Australia,2023-11-12,Basic,49616.74
2566,Andrew Brown,johnsonjames@example.net,Germany,2022-04-26,Basic,31553.19
2567,Robert Fischer,pschmidt@example.org,Canada,2022-05-28,Standard,6149.99
2568,Cindy Tucker,tiffany80@example.org,Australia,2024-06-10,Basic,30394.39
2569,Benjamin Turner,janice26@example.org,France,2020-10-22,Standard,15915.27
2570,David Walton,czavala@example.org,USA,2022-10-10,Standard,45562.37
2571,Yolanda West,aking@example.com,UK,2023-04-06,Basic,48875.99
2572,Daniel Mendoza,heathjasmine@example.com,USA,2021-01-15,Standard,48622.6
2573,Tammie Alvarez,michaelmartinez@example.net,France,2022-02-26,Standard,47884.67
2574,Karen Williams,salinaszachary@example.net,UK,2024-12-19,Premium,28066.81
2575,Cynthia Brown,,India,2021-09-25,Standard,24259.31
2576,Joseph Flowers,thomaslane@example.net,USA,2020-06-02,Basic,11565.19
2577,Linda Cole,kimberly53@example.net,Canada,2023-04-13,Basic,46293.28
2578,Jerry Doyle,vporter@example.com,USA,2021-04-10,Basic,33737.85
2579,Billy Bush,allenkimberly@example.com,France,2020-09-25,Standard,39813.21
2580,Daniel Powell,stanleyclark@example.org,UK,2023-07-13,Premium,20484.29
2581,Mason Olson,juarezmary@example.com,Germany,2023-04-04,Premium,24760.59
2582,Lawrence Novak Jr.,brianphillips@example.net,Australia,2024-05-31,Premium,9077.79
2583,Dylan Hood,oray@example.org,Germany,2021-11-15,Premium,20989.42
2584,Sara Moses,clarkmelissa@example.org,Canada,2020-12-07,Basic,23546.03
2585,Nicole Cooley,davistiffany@example.com,India,2020-12-02,Basic,41709.54
2586,Jon Jones,epayne@example.com,India,2022-04-28,Premium,3743.43
2587,Alicia Robinson,rossjames@example.org,Germany,2024-06-09,Standard,19466.9
2588,Teresa Carter,jasongutierrez@example.com,UK,2020-12-01,Premium,34876.74
2589,Jamie Walker,royscott@example.net,USA,2021-05-23,Standard,16906.73
2590,William Moon,fernandezsusan@example.org,Canada,2023-09-15,Standard,30477.0
2591,Erika Brown,christina98@example.com,India,2020-07-17,Basic,3780.25
2592,Nancy Walker,whaynes@example.com,Australia,2020-11-25,Basic,45542.64
2593,Caitlin Armstrong,pwalker@example.org,France,2021-06-28,Basic,21840.94
2594,Ruth Brown,chiggins@example.com,Canada,2023-03-25,Basic,36698.81
2595,Jody Martin,michael39@example.com,Canada,2021-04-28,Standard,41023.29
2596,Laurie Johnson,wagneramy@example.com,Germany,2024-01-30,Premium,488.41
2597,Jon Cox,bmathis@example.org,France,2020-03-22,Standard,22731.01
2598,Miguel Garcia,brookemartin@example.org,UK,2024-07-08,Premium,36154.41
2599,Terry Macias,christineramirez@example.net,USA,2022-11-11,Basic,11689.95
2600,Danny Roach,susan33@example.org,Germany,2020-01-12,Premium,25932.11
2601,Hunter Williams,rebecca55@example.org,Germany,2020-07-26,Standard,46409.37
2602,Courtney Morgan,laura03@example.com,USA,2022-11-26,Standard,37889.28
2603,Rhonda Mitchell,cindyfischer@example.org,Australia,2020-12-17,Premium,47258.13
2604,Samuel Long,brittanyanderson@example.net,Australia,2020-02-18,Basic,21583.83
2605,Natalie Cooke,daviddecker@example.com,USA,2023-10-06,Basic,15786.93
2606,Shawn Brown,karen65@example.net,UK,2023-01-02,Premium,14463.37
2607,Anthony Thomas,emorales@example.com,Germany,2022-04-19,Standard,8549.11
2608,Diana Jones,cruzcaitlin@example.com,Australia,2023-03-16,Standard,30347.89
2609,Stephanie Peterson,willishenry@example.com,India,2020-05-18,Standard,14003.57
2610,John Hall,banderson@example.com,India,2022-05-14,Standard,25484.04
2611,Samuel Soto,gking@example.org,USA,2023-07-04,Standard,2083.28
2612,Jessica West,anthonyduncan@example.org,Australia,2023-04-19,Standard,9837.12
2613,Stephanie Stewart,josephlee@example.net,Germany,2020-07-12,Basic,18540.07
2614,David Rivera,stewartjoseph@example.net,USA,2023-11-10,Basic,21382.48
2615,Mark Evans,holmesscott@example.net,Germany,2022-04-21,Premium,22747.08
2616,John Dickson,heather42@example.org,Australia,2024-11-07,Basic,45967.27
2617,Cynthia Cardenas,isabella81@example.net,India,2020-11-25,Basic,24713.45
2618,Adrienne Ingram,bvasquez@example.com,India,2023-03-03,Premium,13994.81
2619,Christina Clark,katherinechapman@example.net,France,2022-02-24,Basic,40201.69
2620,Shane Bender,matthewmoran@example.net,Canada,2021-06-13,Standard,3810.08
2621,Anthony Meyer,jill83@example.net,USA,2022-09-15,Standard,22727.86
2622,Erica Kim,ytaylor@example.org,Canada,2020-02-02,Standard,3797.02
2623,Jennifer Martinez,michaelbradshaw@example.net,France,2024-05-16,Basic,2014.01
2624,Angela Richards,angelathompson@example.com,India,2020-01-16,Basic,26112.71
2625,Clifford Daniel,tjackson@example.com,USA,2020-11-10,Standard,41897.99
2626,Kevin King,debbiedavis@example.org,France,2023-12-18,Basic,31401.52
2627,Donald Roberts,brookefrench@example.net,USA,2023-07-06,Standard,43618.53
2628,Christopher Steele,taylorraymond@example.com,USA,2024-08-04,Premium,23558.76
2629,Samantha Williams,russell21@example.com,Germany,2024-03-06,Premium,24886.65
2630,Alicia Hall,williamskathleen@example.net,India,2021-02-05,Standard,4526.71
2631,Curtis Harvey,ethanhuff@example.org,Germany,2020-06-07,Basic,10788.03
2632,Janet Smith,barnesandrew@example.net,Germany,2020-09-19,Standard,30599.74
2633,Mr. James Ross,dguerra@example.com,France,2024-11-16,Premium,34430.28
2634,Jeanne Robinson,alex95@example.org,France,2022-04-25,Standard,11812.32
2635,Jeff Wallace,ohopkins@example.net,UK,2020-07-22,Standard,47721.33
2636,Dr. Rachel Wilson,justin16@example.com,Australia,2020-09-07,Basic,43764.45
2637,Brett Bailey,darren37@example.org,France,2022-04-27,Standard,31538.37
2638,Jasmine Cox,wshannon@example.org,France,2022-02-09,Standard,14841.32
2639,Rachel Munoz,cindywilliams@example.com,USA,2024-05-25,Basic,44851.24
2640,Kara Garrison,huntscott@example.org,Canada,2024-03-06,Standard,22413.93
2641,Luis Lopez V,blakejackson@example.net,USA,2021-02-04,Standard,8892.1
2642,Raymond Miller,rjackson@example.com,Australia,2022-02-21,Standard,17444.17
2643,Craig Holloway,shane02@example.com,UK,2024-05-15,Premium,44120.36
2644,Jacqueline Perez,robertbradley@example.com,Canada,2023-06-10,Basic,30092.83
2645,Jose Gross,bryan00@example.net,France,2021-09-10,Premium,13469.4
2646,Gabrielle Blackwell,rharmon@example.org,USA,2020-06-15,Basic,20509.39
2647,Cynthia Deleon,conleyantonio@example.org,Germany,2022-05-20,Standard,33781.95
2648,Michael Williams,omathis@example.com,UK,2023-09-07,Basic,21317.44
2649,Jesus Blanchard,joshua70@example.com,USA,2023-08-21,Premium,24326.72
2650,Paul Bridges,natalie46@example.com,USA,2020-08-27,Standard,2376.86
2651,Nicole Powell,richardsonkenneth@example.net,Germany,2020-06-08,Standard,43793.54
2652,Joseph Lynch,maysedward@example.com,Germany,2024-08-15,Basic,5604.75
2653,Ryan Smith,matthew78@example.com,Australia,2020-02-07,Standard,6547.85
2654,Heidi Mullins,cjohnson@example.org,Germany,2023-07-12,Basic,1153.77
2655,Thomas Vargas,jasonsanders@example.net,UK,2022-03-14,Basic,16731.08
2656,Robert Ruiz,kelleyderek@example.net,UK,2020-11-30,Basic,3266.89
2657,Scott Pruitt,kimberly90@example.net,India,2022-04-05,Standard,26820.09
2658,Jessica Robinson,erica06@example.com,Australia,2023-10-04,Basic,19836.76
2659,Christine Frazier,heathersteele@example.net,Canada,2023-10-12,Standard,8154.07
2660,Mrs. Sarah Lindsey,melanie49@example.org,UK,2020-09-10,Standard,27692.26
2661,Jesus Baker,whubbard@example.org,USA,2022-09-22,Premium,42289.55
2662,Nathaniel Johnson,dharris@example.org,Canada,2022-01-04,Standard,25124.82
2663,Timothy Lowe,wellssherry@example.net,Canada,2022-11-27,Premium,14226.18
2664,Katrina Gilbert,tracyhoffman@example.com,India,2023-07-06,Standard,34434.69
2665,Patricia Barton,stevenellis@example.org,India,2022-09-01,Basic,40668.49
2666,Elizabeth Baker,kmatthews@example.org,UK,2021-01-11,Standard,40932.96
2667,Kimberly Mckay,teresamiller@example.org,Australia,2024-10-14,Basic,3918.7
2668,William Guzman,rodriguezmichael@example.net,Germany,2023-01-19,Basic,36658.68
2669,Alexander James,bryanmorgan@example.net,India,2022-03-12,Basic,27130.73
2670,David Lawson,susannelson@example.net,Australia,2024-07-24,Premium,29450.97
2671,Diana Hartman,terrykirsten@example.net,UK,2023-05-23,Basic,42979.22
2672,Julie Ryan,aruiz@example.com,Canada,2023-03-03,Standard,37199.82
2673,Denise Walker,cooperdeanna@example.net,UK,2024-04-26,Standard,5073.99
2674,Tammy Garcia,nicole92@example.net,Australia,2022-07-22,Standard,18891.38
2675,Curtis Cole,wilsonbrian@example.net,Germany,2024-11-19,Standard,20375.9
2676,Edwin Griffin,harriswilliam@example.net,USA,2020-02-27,Standard,35173.69
2677,Sharon Trevino,jmoore@example.net,Germany,2020-10-29,Standard,49658.38
2678,Krista Curtis,marissa85@example.org,Canada,2023-04-21,Basic,38158.75
2679,Charles Romero,stephanie27@example.net,Canada,2021-05-18,Standard,28936.19
2680,Joshua Henderson,ballnicole@example.com,India,2024-04-16,Basic,22409.56
2681,John Myers,grantalyssa@example.org,Germany,2021-03-14,Premium,15599.43
2682,Anthony Todd,virginiafisher@example.net,USA,2024-07-03,Standard,4273.36
2683,Derrick Nguyen,lmccoy@example.net,Germany,2021-04-07,Standard,47110.45
2684,Miss Sheri Yoder MD,fitzgeraldkenneth@example.net,France,2024-08-25,Premium,20219.43
2685,Christopher Mcdowell,rickysmith@example.org,Canada,2024-09-10,Standard,41998.54
2686,Daniel Diaz,whiteregina@example.net,Canada,2022-04-04,Premium,24721.55
2687,Tammy Brown,cbanks@example.org,UK,2020-08-28,Basic,41732.74
2688,Dana Flores,bobby53@example.net,India,2023-10-27,Standard,29976.63
2689,Paul Graves,xclarke@example.com,Australia,2023-05-26,Standard,10540.29
2690,Shelly Wilcox,mary88@example.org,Germany,2020-08-05,Standard,25040.79
2691,Laura Bolton,aprilhill@example.net,Australia,2021-12-31,Standard,23122.46
2692,Craig Martinez,zjohnson@example.com,Germany,2023-01-08,Standard,37010.28
2693,Kendra Campbell,andersonbonnie@example.net,Canada,2024-01-31,Basic,21342.53
2694,Savannah Estrada,denniswilliams@example.com,India,2020-12-05,Premium,779.86
2695,Cathy Ali,alexbutler@example.org,Germany,2024-10-30,Premium,9948.64
2696,Laura Russell,patriciabennett@example.net,Australia,2024-07-17,Premium,44286.59
2697,Mary Moore,jasonwalton@example.net,Germany,2022-05-21,Standard,26277.0
2698,Kristi Marshall,lhayes@example.com,India,2024-07-31,Basic,20965.55
2699,Eric Wright,brandonmeza@example.com,India,2024-06-22,Premium,49787.64
2700,Anna Gonzalez,theresagreene@example.org,Canada,2024-12-14,Basic,13628.27
2701,Allen Prince,kenneth76@example.org,UK,2024-03-13,Basic,28234.14
2702,Terri Frye,joyce30@example.com,USA,2023-08-27,Standard,34282.69
2703,Claudia Wilson,zacharyandrews@example.com,Canada,2020-10-05,Basic,18625.54
2704,Kimberly Anderson,qnewman@example.com,France,2021-06-26,Standard,10609.79
2705,Mary Terry,regina59@example.net,UK,2023-03-31,Basic,49809.71
2706,Clayton Rogers,anthonyrandolph@example.com,Australia,2022-02-20,Premium,35782.56
2707,Ashley Harding,kmartinez@example.net,Germany,2024-08-09,Standard,9043.37
2708,Amanda Huerta,richard20@example.org,Germany,2022-05-15,Basic,379.56
2709,Mark Smith,hortiz@example.com,France,2022-11-10,Premium,4783.01
2710,Brittany Duran,melissa04@example.org,Germany,2023-12-23,Premium,31286.14
2711,David Page,jeremiah13@example.com,France,2023-04-21,Premium,31853.54
2712,Jared Smith,mhenry@example.net,Australia,2020-11-05,Standard,805.06
2713,Wesley Brown MD,tammythomas@example.com,USA,2024-03-01,Standard,45584.38
2714,Lauren Bowen,zacharylee@example.com,UK,2020-03-14,Basic,18427.01
2715,Clinton Carter,joshua74@example.net,Canada,2023-01-16,Basic,28099.5
2716,Katherine Johnson,xcline@example.org,France,2021-07-29,Standard,29672.69
2717,Wayne Smith,egutierrez@example.net,India,2020-05-10,Standard,8998.43
2718,Andrew Ellison,christopher32@example.net,Germany,2022-12-18,Premium,26163.66
2719,Guy Lee,benjamin18@example.com,France,2022-07-18,Standard,28825.22
2720,Joshua Miller,morrismary@example.com,Canada,2021-05-10,Standard,48336.28
2721,Jenna Diaz,weeksbrandon@example.com,Canada,2024-02-08,Standard,45470.56
2722,Dustin Matthews,loveluis@example.com,USA,2020-08-02,Premium,11668.37
2723,Albert Juarez,gregorybrock@example.org,USA,2023-05-28,Basic,30784.69
2724,Jennifer Martin,allennathan@example.net,USA,2022-10-09,Standard,112.32
2725,Diana Stanton,kelleramanda@example.org,India,2020-10-03,Basic,6935.05
2726,Lawrence Morgan,bcampbell@example.net,Canada,2023-01-01,Standard,23637.28
2727,Miranda Cooper,danderson@example.org,UK,2023-01-09,Basic,12114.57
2728,Dennis Smith,gillmary@example.com,UK,2020-03-18,Basic,35341.61
2729,Lisa Webb,carlsonblake@example.net,UK,2023-07-30,Basic,15916.9
2730,Lisa Fernandez,michelle11@example.org,India,2023-05-28,Standard,10773.58
2731,Rita Gray,rogersjoshua@example.com,USA,2022-10-21,Standard,13959.06
2732,Robert Allen,rodriguezdiana@example.org,USA,2021-06-23,Standard,22138.18
2733,Michael Huerta,andrewperez@example.com,France,2023-05-23,Standard,6099.97
2734,Trevor Cox,kenneth08@example.net,Australia,2024-06-16,Standard,8982.82
2735,Tamara Woodard,wallacebryan@example.com,Australia,2023-09-24,Basic,38560.16
2736,Laura Daniel,robert76@example.com,UK,2020-08-29,Standard,30887.01
2737,David Warner,xlivingston@example.org,Australia,2024-11-17,Basic,9630.1
2738,James Singh,allen57@example.net,UK,2024-07-14,Basic,49772.38
2739,Terry Black,riveralisa@example.com,USA,2021-03-07,Standard,9824.94
2740,David Calderon,bradley81@example.net,France,2023-03-02,Standard,45560.93
2741,Adam Gardner,smithjavier@example.org,Australia,2022-12-17,Standard,748.43
2742,Amy Yang DDS,michaeljohnson@example.com,USA,2021-09-10,Standard,32119.54
2743,Pamela Stevens,ashley95@example.org,UK,2024-04-14,Basic,35242.8
2744,Samantha Costa,williamsjennifer@example.com,USA,2020-03-19,Premium,28651.83
2745,Julie Stark,qmichael@example.com,India,2021-04-15,Basic,23593.38
2746,Mark Crane,floresjulie@example.net,France,2021-05-29,Standard,8771.17
2747,Gary Palmer,grantcrystal@example.org,Canada,2023-08-04,Standard,27324.81
2748,Hannah Bell,justincombs@example.com,India,2023-10-23,Standard,30684.73
2749,Jared Camacho,edward79@example.com,France,2020-04-05,Basic,8927.69
2750,Jamie Young,agarcia@example.org,Canada,2021-07-19,Premium,41719.82
2751,Jermaine Phillips,katherinewinters@example.com,India,2020-01-30,Standard,35558.48
2752,Robert Brown,anthony53@example.net,UK,2020-01-08,Basic,13946.16
2753,Michael Walters,hendersonlisa@example.com,Canada,2022-02-11,Standard,36898.94
2754,Jeremiah Brown,haroldturner@example.org,UK,2021-03-23,Standard,44993.36
2755,Jeremy Baker,uschmitt@example.net,Australia,2021-10-29,Premium,49314.89
2756,Robert Benson,usilva@example.net,Canada,2022-04-20,Standard,807.14
2757,Nancy Blake,vgraham@example.com,France,2024-03-27,Standard,33419.35
2758,Daniel Rivera,spencerjames@example.com,India,2023-07-26,Premium,38088.52
2759,Mark Hansen MD,brookstaylor@example.org,USA,2024-11-07,Standard,8712.0
2760,Melissa Abbott PhD,weaverjohn@example.org,India,2024-01-11,Standard,34466.96
2761,Cody Johnson,ryan33@example.org,UK,2024-04-01,Standard,42121.99
2762,Michael Hale,kristianderson@example.net,Australia,2024-12-27,Standard,28071.91
2763,David Lopez,marcohines@example.com,India,2024-09-02,Standard,41821.67
2764,Julia Williamson,jonathangonzales@example.org,India,2023-02-09,Basic,4499.28
2765,Courtney Nichols,denise02@example.org,Australia,2023-06-06,Premium,4412.24
2766,Brandon Barker,brownchristina@example.org,UK,2023-10-21,Standard,1103.36
2767,Douglas Taylor,troy19@example.net,USA,2022-08-17,Premium,31933.49
2768,Alexa Chambers,lori15@example.com,Germany,2023-06-14,Basic,47167.54
2769,James Melendez,kmorris@example.net,UK,2023-01-17,Standard,47138.61
2770,Juan Walker,smithmarisa@example.com,Australia,2024-12-03,Basic,36931.71
2771,Christopher Ayala,uhaney@example.org,UK,2024-07-26,Standard,14425.12
2772,John Robinson DVM,gtanner@example.net,USA,2024-10-19,Standard,20757.74
2773,Jennifer Evans,zjohnson@example.com,Canada,2020-01-07,Standard,10041.31
2774,Amy Gray,rogerslawrence@example.net,Australia,2022-07-08,Standard,22035.96
2775,Mark Miller,bowmankylie@example.com,India,2023-08-22,Standard,18244.3
2776,Jon Smith,wkennedy@example.com,Canada,2022-07-13,Standard,41492.05
2777,Jason Watson,wilkinsonrussell@example.org,France,2020-01-26,Premium,47488.29
2778,Michael Lee,cynthia64@example.com,France,2023-08-24,Premium,28478.69
2779,Jerome Edwards,nbrewer@example.org,Australia,2022-08-12,Standard,32335.8
2780,Kevin Carrillo,igoodman@example.net,France,2021-05-22,Standard,17174.84
2781,Rachel Scott DVM,vjohnson@example.net,Australia,2024-06-10,Standard,37182.28
2782,Alexis Campbell,douglasbutler@example.com,USA,2021-06-25,Standard,10615.03
2783,Patrick Hester,patricia12@example.org,USA,2020-10-13,Standard,46103.78
2784,Michele Gilmore,guerrerorenee@example.com,Germany,2023-01-29,Standard,23812.97
2785,Gina King,lyonsian@example.com,Germany,2022-03-08,Standard,28232.09
2786,Tamara Martin,lisastanton@example.net,France,2024-07-29,Basic,16186.37
2787,Elizabeth Serrano,matthewespinoza@example.net,India,2022-07-09,Standard,45061.1
2788,Ryan Schroeder MD,jamiefox@example.net,USA,2023-03-30,Standard,16899.92
2789,Matthew Kaufman,carlos80@example.com,Australia,2023-06-27,Premium,17964.43
2790,Mrs. Miranda Johnston,richard79@example.net,USA,2022-09-06,Standard,37627.05
2791,Denise Johnson,zachary79@example.com,Germany,2022-11-02,Standard,29719.38
2792,Cheryl Gregory,tashachase@example.com,France,2020-10-08,Basic,23731.25
2793,Bryan Franco,berrydonald@example.org,USA,2021-12-02,Basic,30087.0
2794,Brett Morris,jessica86@example.com,Germany,2021-08-26,Standard,2102.44
2795,Kelly Ross,karen57@example.com,Australia,2020-07-01,Standard,46744.25
2796,Dawn Jordan,smithpaul@example.com,Australia,2021-09-08,Premium,21352.12
2797,Jennifer Schmidt,kellybrown@example.org,USA,2022-01-27,Standard,29694.49
2798,Frederick Moore,michelle41@example.net,USA,2022-12-11,Premium,15099.08
2799,Edward Thomas,jamesrussell@example.net,France,2024-12-27,Standard,26251.86
2800,Reginald Copeland,ucamacho@example.org,Australia,2022-04-06,Standard,7063.51
2801,Jennifer Williams,lisa42@example.org,France,2022-07-25,Basic,2784.62
2802,Christopher Salinas,jessica89@example.net,India,2022-09-03,Basic,7158.9
2803,Lee Salas,lewiselizabeth@example.org,UK,2022-12-02,Standard,23083.33
2804,Austin Lawson,kparrish@example.com,France,2020-09-03,Standard,8686.21
2805,William Peters,clarkpaul@example.com,UK,2022-08-19,Premium,42902.33
2806,Thomas Marshall,karen67@example.com,Germany,2024-12-08,Basic,7791.48
2807,Alexis Morris,ashleyrhodes@example.com,Germany,2022-12-03,Basic,346.74
2808,Kimberly Taylor,tsmith@example.net,USA,2021-04-03,Premium,27536.47
2809,Shane Gates,taragomez@example.net,UK,2023-01-01,Standard,23668.07
2810,Evelyn Ramirez,mcdonaldmegan@example.org,UK,2020-03-15,Standard,12212.83
2811,Patrick Ortega,bmitchell@example.com,Australia,2021-10-24,Standard,15986.0
2812,Travis Douglas,palmerronald@example.com,Australia,2024-12-19,Standard,16422.88
2813,Mikayla Harris,maryflores@example.net,USA,2022-08-07,Standard,43646.92
2814,Jose Pace,duncanerik@example.net,France,2023-10-31,Standard,17408.67
2815,Steven Johnson,jennifer69@example.com,France,2020-10-29,Basic,1442.12
2816,John Reilly,coreyhendrix@example.org,Australia,2023-07-01,Premium,11834.36
2817,Christopher Garza,watsontina@example.net,UK,2024-08-12,Standard,179.42
2818,Ann Fernandez,kenneththomas@example.com,France,2024-02-12,Standard,3955.75
2819,Kristine Perry,mahoneysarah@example.org,USA,2020-08-31,Standard,2307.97
2820,Connie Wells,lweber@example.org,UK,2024-11-25,Premium,19264.92
2821,Crystal Shelton,johnsonlisa@example.com,USA,2021-07-31,Premium,15623.49
2822,Robert Weaver,jbrown@example.com,France,2024-01-18,Standard,13124.87
2823,Ms. Michele Jones,ufisher@example.com,Australia,2021-01-04,Premium,19970.99
2824,Virginia Johns,cameronkaitlyn@example.com,Germany,2022-07-27,Premium,40330.82
2825,Austin Snyder,grantkevin@example.net,UK,2024-12-08,Basic,32827.84
2826,Lori Jackson,williampierce@example.com,UK,2022-01-20,Basic,8128.1
2827,Shannon Chung,jross@example.org,India,2022-12-20,Standard,34346.3
2828,Catherine Walls,chenmatthew@example.org,India,2022-09-26,Standard,33542.73
2829,Ariel Hebert,yboone@example.org,UK,2022-07-21,Premium,21306.56
2830,Robert Banks,zsmith@example.com,Canada,2023-07-30,Premium,40375.54
2831,Linda Marks,gibsondavid@example.com,Australia,2023-11-24,Standard,39072.08
2832,Brianna Tran,jeffreywhitehead@example.net,France,2023-04-25,Basic,48591.34
2833,Mary Lawson,pmorse@example.net,India,2021-07-31,Premium,21260.85
2834,Garrett Dixon,yatkins@example.net,Canada,2024-04-28,Basic,4092.45
2835,Cheryl Gomez MD,vramos@example.org,India,2023-10-30,Basic,35407.48
2836,Mary Hobbs,morrismatthew@example.org,USA,2023-05-29,Standard,30764.55
2837,Jessica Stein,david18@example.com,Australia,2023-02-02,Standard,23291.68
2838,Nancy Black,jose45@example.net,India,2022-09-08,Basic,23066.51
2839,Billy Brown,ptapia@example.net,India,2020-07-05,Standard,18527.89
2840,Darrell Wong,melissa36@example.net,UK,2024-12-13,Standard,38365.0
2841,Mark Long,manningbrandi@example.com,India,2024-05-22,Standard,14732.66
2842,Jeremy Brown,jessebeltran@example.net,UK,2021-05-02,Standard,14954.4
2843,Edgar Jenkins,sandrews@example.org,India,2024-07-28,Premium,36622.03
2844,Sabrina Henderson DVM,lisa16@example.org,Germany,2024-09-08,Standard,8844.16
2845,Karen Chang,mistykelly@example.com,Germany,2021-10-30,Premium,7317.75
2846,Caitlin Kent,elainehall@example.net,Germany,2021-12-19,Basic,17334.78
2847,Natalie Page,annettedavis@example.net,Germany,2021-11-03,Standard,45946.88
2848,Elizabeth Martin,jeremyevans@example.com,Australia,2024-04-09,Basic,41042.23
2849,Andrea Reed,amanda96@example.com,Germany,2020-02-13,Premium,16396.77
2850,Daniel Carter,tbradford@example.com,India,2021-12-10,Standard,36218.13
2851,Haley Chen,amy17@example.com,Canada,2023-09-14,Premium,25680.35
2852,Lisa Coleman,asmith@example.org,Canada,2024-06-26,Standard,31873.38
2853,Matthew Sullivan,brewersherri@example.org,UK,2021-02-20,Standard,9278.12
2854,Sara Contreras,dhale@example.net,Canada,2022-12-14,Basic,37159.98
2855,Christina Tucker,vroberts@example.org,India,2022-12-16,Basic,48261.49
2856,Beth Sullivan,tashatownsend@example.org,Canada,2024-01-22,Standard,49746.43
2857,Samuel Bailey,andrewsdebbie@example.com,France,2023-07-15,Standard,39706.8
2858,Justin Lopez,hchavez@example.net,France,2023-09-24,Premium,28709.47
2859,Jennifer Cisneros MD,julie34@example.org,USA,2024-01-21,Basic,13811.86
2860,Brandy Sweeney,dennishale@example.org,France,2021-05-05,Premium,25128.0
2861,Amanda Yoder,jessicastanton@example.net,India,2021-02-07,Standard,9144.89
2862,Hunter Yang,wellsshaun@example.org,USA,2021-08-20,Premium,10436.1
2863,Desiree Powell,kelly92@example.org,Canada,2021-03-23,Standard,13810.96
2864,Amy Torres,bvelez@example.com,Germany,2020-09-12,Basic,31779.35
2865,Robin Rodriguez,wsanchez@example.org,India,2021-11-24,Standard,35479.52
2866,Kevin Christensen,oenglish@example.com,USA,2021-10-12,Standard,36435.38
2867,Margaret Tucker,qbennett@example.org,France,2021-06-29,Standard,21096.16
2868,Daniel Garrison,aaron25@example.com,France,2020-04-26,Standard,23832.58
2869,Christine Zuniga,kimberly48@example.com,Germany,2022-05-28,Standard,16050.18
2870,Thomas Perez,turnerkari@example.org,Canada,2020-04-30,Premium,42732.36
2871,Desiree Simon,brookstimothy@example.net,Germany,2024-02-23,Standard,8583.67
2872,Brandon Green,dfox@example.net,UK,2024-02-13,Standard,33068.85
2873,Cesar Watts,alexis54@example.org,Germany,2022-03-15,Premium,24378.27
2874,Jessica Palmer,halelinda@example.net,Australia,2020-04-04,Premium,37425.74
2875,Michael Castillo,christopherharris@example.org,Germany,2021-08-15,Standard,37567.79
2876,Danielle Hamilton,gjackson@example.org,Germany,2022-06-06,Standard,7879.43
2877,Kimberly Davis,umccoy@example.com,France,2021-07-03,Standard,28288.13
2878,Jesse Brown,thomasronald@example.net,UK,2023-04-13,Basic,37594.28
2879,Robert Jones,harold30@example.com,USA,2020-03-01,Basic,49485.04
2880,Anthony Haley,psawyer@example.net,UK,2024-09-16,Standard,18983.6
2881,Alicia Nguyen,garyyang@example.org,Australia,2021-06-12,Premium,19847.91
2882,Jamie Castillo,edwardsjonathan@example.net,USA,2022-12-11,Premium,14538.51
2883,Brandon Heath,norozco@example.net,Australia,2022-08-06,Basic,49220.7
2884,Samuel Ramirez,esparzajesse@example.net,Australia,2020-08-26,Standard,17666.03
2885,Amber Gray,daviselizabeth@example.net,USA,2023-10-15,Basic,14016.1
2886,Ashley Clark,jason91@example.org,Canada,2021-02-20,Standard,33245.31
2887,Christopher Gray,hoganeric@example.net,France,2022-12-27,Standard,31847.0
2888,Scott Shelton,david42@example.net,Germany,2021-12-30,Standard,11332.45
2889,Elizabeth Ramos,thompsonbrandy@example.com,UK,2022-02-23,Basic,14385.54
2890,Patrick Blair,john77@example.net,Australia,2024-07-10,Premium,43679.76
2891,Destiny Berry,gregory73@example.com,UK,2022-01-09,Premium,41510.33
2892,Felicia Thompson,zholden@example.com,Canada,2024-01-26,Standard,34199.25
2893,Andrea Freeman,xhorne@example.org,India,2024-05-11,Standard,20963.19
2894,Lisa Butler,daniel75@example.org,UK,2021-03-31,Premium,1549.15
2895,Melissa Moore,rwaters@example.com,USA,2022-03-04,Standard,25217.73
2896,David Clark,omartinez@example.net,India,2022-10-03,Standard,20497.89
2897,David Roberts,lsnyder@example.org,India,2021-06-27,Standard,8406.3
2898,Brad Davidson,vtapia@example.net,France,2022-09-25,Standard,47597.12
2899,Devon Bentley,robert58@example.net,India,2022-02-22,Standard,39515.01
2900,Allison Glover,jcross@example.com,UK,2022-10-29,Standard,9732.28
2901,Cynthia Franklin,perrymichael@example.org,Australia,2023-05-15,Standard,36180.7
2902,Ashley Prince,heatherdavis@example.org,USA,2020-02-12,Standard,35668.35
2903,Kara Gray,xvazquez@example.org,USA,2024-09-17,Premium,3334.16
2904,Louis Olsen,petersdonald@example.net,India,2021-05-17,Standard,23013.73
2905,Carlos Martinez,raymond39@example.com,France,2023-11-30,Standard,12169.99
2906,Clinton Day,kaitlynfrey@example.net,USA,2020-10-27,Standard,32104.83
2907,Elizabeth Christensen,sallylee@example.org,Canada,2022-04-19,Basic,43617.06
2908,Lauren Drake,alexander69@example.com,Australia,2022-07-12,Standard,36130.11
2909,Wendy Rodriguez,ypark@example.net,India,2021-06-17,Basic,34132.98
2910,Marc Hayes,jenkinspamela@example.org,UK,2021-02-02,Standard,23563.44
2911,Brian Garcia,wrodriguez@example.net,UK,2020-02-20,Basic,47882.98
2912,Nathan Bradley,jessica01@example.org,Australia,2021-02-17,Standard,35818.16
2913,Dillon Alvarez,qwhitaker@example.org,France,2024-10-13,Basic,35766.73
2914,Robert Campbell,christopher01@example.com,Germany,2022-06-20,Basic,3083.33
2915,Benjamin King,garciaalex@example.com,Canada,2022-11-22,Basic,36285.01
2916,Mary Miller,williamslarry@example.org,India,2024-06-19,Standard,46376.76
2917,Joseph Rivas,hcastaneda@example.com,France,2024-07-30,Standard,39392.43
2918,Dr. Andrea Oliver MD,drew34@example.net,India,2024-06-22,Basic,37921.23
2919,Elizabeth Green,wendyclark@example.org,France,2020-05-16,Basic,36127.51
2920,John Joyce,tuckersheila@example.net,UK,2020-07-01,Standard,7183.31
2921,Janet Miller,sgarcia@example.org,USA,2023-12-14,Standard,13298.93
2922,Shawn Patton,aguilarkyle@example.org,UK,2024-12-24,Standard,22966.28
2923,John Dillon,tarameyer@example.net,France,2020-06-10,Basic,37873.33
2924,Casey Ferguson,logan71@example.net,UK,2021-01-24,Standard,16599.99
2925,Samuel Richardson,bphillips@example.org,Germany,2023-01-10,Standard,13837.42
2926,Richard Miller,hturner@example.net,India,2024-12-05,Premium,26136.79
2927,Kenneth Mitchell,darlenewilson@example.com,India,2024-05-20,Basic,28220.62
2928,David Mora,martinjenkins@example.net,France,2022-03-02,Standard,35820.25
2929,Jasmine Russell,lisa52@example.com,Germany,2020-11-16,Standard,35682.63
2930,Nancy Barry,taylormichael@example.com,France,2023-08-08,Premium,40279.41
2931,Michael Silva,abigail56@example.com,India,2023-01-08,Standard,42971.47
2932,Vicki Harper,johnsondaniel@example.net,USA,2023-07-03,Standard,42560.87
2933,Jerry Crosby,xclark@example.net,France,2021-06-24,Premium,702.13
2934,William West,bryantpeter@example.org,UK,2023-10-20,Standard,43524.6
2935,Jacob Green,alvarezelizabeth@example.org,Germany,2021-06-20,Standard,45010.2
2936,Dr. Ashley Walker DVM,ahicks@example.org,Australia,2021-04-20,Standard,29398.06
2937,Kayla Strickland,mcdowelladam@example.net,Germany,2024-11-25,Standard,18961.14
2938,Joshua Brown,vanessa17@example.org,Australia,2022-09-06,Standard,43552.03
2939,Jason Lee,martinezmolly@example.net,Germany,2020-10-21,Standard,19055.63
2940,Juan White,justinherrera@example.com,France,2021-08-19,Premium,11318.78
2941,Corey Cooke,anthony41@example.org,USA,2023-08-19,Premium,30471.2
2942,Jodi Lang,nathancasey@example.net,Canada,2020-07-29,Premium,9927.42
2943,Michael Mckenzie,james72@example.org,Germany,2023-10-30,Standard,31967.97
2944,Bonnie Petersen,oroberts@example.net,India,2024-09-05,Basic,40962.93
2945,John Hooper,bwarren@example.org,Canada,2024-08-19,Basic,37094.76
2946,Benjamin Jacobson,howellrenee@example.net,UK,2024-09-18,Premium,31357.46
2947,Billy Cook,kristindixon@example.org,Australia,2024-08-24,Standard,13646.53
2948,John Ortiz,oroberts@example.org,Australia,2022-10-02,Basic,26932.68
2949,Martin Craig,andrewwalker@example.com,India,2022-06-27,Basic,22386.98
2950,Maria Donaldson,stevenrichards@example.org,Germany,2023-05-04,Standard,39883.77
2951,Rodney Oliver,pking@example.net,USA,2022-01-04,Basic,42890.38
2952,Emma Rivera,susan75@example.net,USA,2022-11-10,Basic,8953.79
2953,Alisha Malone,barbaradoyle@example.com,Australia,2023-01-05,Standard,13946.08
2954,Mark Norris,patricia89@example.net,Canada,2022-02-22,Basic,45881.6
2955,Nicholas Price,ostevens@example.com,Australia,2023-10-12,Premium,15207.77
2956,Steven Miller,douglas61@example.org,USA,2022-02-02,Standard,38107.86
2957,Elizabeth Nolan,taylorjeffrey@example.org,Germany,2022-07-23,Premium,44093.87
2958,Nathan Gilbert,daniellesweeney@example.com,India,2021-05-06,Basic,3745.42
2959,Ryan Heath,marcuswalter@example.org,Germany,2022-08-28,Standard,23854.19
2960,Cynthia Taylor,grant48@example.org,India,2023-11-01,Standard,29954.86
2961,Jesse Martinez,cortezmatthew@example.com,UK,2023-01-01,Premium,21544.81
2962,George Ellis,cruzmary@example.net,Australia,2024-01-17,Basic,22187.83
2963,Donald Wood,allenkathryn@example.org,France,2023-04-14,Standard,31783.13
2964,Gail Greene,howard31@example.com,Canada,2023-03-14,Basic,12662.21
2965,Brenda Hughes,ramirezrhonda@example.org,UK,2023-01-09,Standard,31593.3
2966,Taylor Vaughn,ramoscory@example.com,UK,2024-10-03,Standard,14259.41
2967,Sandra Johnson,russellamber@example.org,France,2024-07-10,Standard,26656.28
2968,David Thompson,nreyes@example.com,UK,2024-04-16,Standard,25202.81
2969,Jennifer Andersen,karen31@example.org,France,2022-12-06,Premium,37854.95
2970,Elizabeth Deleon,adrian20@example.com,USA,2020-06-22,Premium,44679.02
2971,Ashley Allen,jasonmontgomery@example.com,Germany,2023-01-08,Standard,9021.88
2972,Antonio Brown,whitebonnie@example.com,Canada,2022-02-24,Standard,4818.94
2973,Clinton Peterson,holly18@example.net,Australia,2021-11-03,Standard,34379.25
2974,Ellen Acosta,jeremymitchell@example.com,Canada,2023-08-20,Premium,5524.71
2975,Breanna Young,dcurtis@example.com,USA,2024-07-30,Standard,15338.65
2976,Angela Rivera,scott43@example.com,Canada,2020-01-24,Standard,34268.84
2977,Lisa Landry,james91@example.org,Australia,2023-05-08,Standard,33627.17
2978,Jessica Fisher,wmorgan@example.org,UK,2023-04-18,Premium,19872.38
2979,Olivia Jones,bowersethan@example.org,USA,2024-02-08,Premium,33163.28
2980,Karen Brown,roblescolleen@example.org,UK,2020-08-29,Standard,23741.38
2981,Brian Mendoza,ojohnson@example.com,France,2023-03-01,Standard,36350.77
2982,David Hernandez,wmartinez@example.net,USA,2020-10-10,Standard,46723.07
2983,Jamie Reid,deborah56@example.org,Canada,2024-07-22,Standard,15381.0
2984,Dustin Hernandez,james00@example.net,Canada,2021-03-23,Basic,15835.8
2985,Patricia Sanchez,morganwarner@example.org,UK,2021-01-13,Standard,38158.49
2986,Gregory Hopkins,njames@example.org,India,2024-11-07,Basic,2859.84
2987,Kimberly Scott,mhopkins@example.net,UK,2022-06-26,Standard,7082.52
2988,Benjamin Duke,samanthataylor@example.org,Germany,2020-06-28,Standard,40944.8
2989,Seth Olsen,frank66@example.com,USA,2020-12-01,Standard,12870.87
2990,Ricky Robinson,bryce27@example.org,Canada,2024-12-18,Premium,21432.17
2991,Gregory Rivers,tracydavenport@example.net,UK,2021-12-17,Standard,36976.95
2992,Jasmin Harrison,cgreen@example.net,Canada,2021-06-19,Standard,22061.15
2993,Christopher Olsen,jean10@example.com,USA,2022-01-12,Premium,8104.86
2994,Aaron Gutierrez,tarabarnes@example.com,Canada,2022-09-01,Basic,29687.72
2995,Brian Cardenas,clinekatie@example.com,Australia,2024-05-18,Basic,39083.27
2996,Cassie Duffy,jacqueline97@example.net,UK,2023-11-20,Basic,35353.78
2997,Shawn Delacruz,andersondaniel@example.com,USA,2024-05-05,Basic,29347.11
2998,Stephanie Lopez,kellysnyder@example.net,India,2024-12-01,Premium,17200.33
2999,Sarah Barnett,mitchellmichael@example.com,Germany,2023-08-13,Standard,14283.34
3000,Shawn Brooks,helen07@example.org,Germany,2021-01-06,Basic,3792.04
3001,Kendra Davis,jpeters@example.org,Australia,2020-12-18,Basic,41233.1
3002,Shirley Steele,levi67@example.com,Australia,2023-10-30,Standard,28747.0
3003,James Russell,emilyallison@example.net,Germany,2022-02-17,Standard,16459.32
3004,Austin Taylor,anthonyavery@example.org,Germany,2024-06-15,Standard,27878.05
3005,Kelly Gordon,david48@example.org,Canada,2021-01-08,Standard,7109.33
3006,Jenny Hayes,yjohnson@example.net,Canada,2020-10-30,Basic,34992.64
3007,Kimberly Sullivan,terrypatrick@example.com,Canada,2023-03-14,Basic,18125.36
3008,Thomas Macdonald,andrewgalloway@example.com,Canada,2021-05-26,Basic,10819.16
3009,Amber Camacho,josewood@example.org,UK,2024-07-16,Standard,18173.97
3010,Jacqueline Summers,jonesrachel@example.com,USA,2021-12-15,Basic,13025.39
3011,Richard Schmidt,fernandezbrandon@example.net,France,2023-09-01,Basic,7099.47
3012,Nicole Moss,jonathan10@example.com,France,2020-04-22,Standard,40322.63
3013,Gregory Cruz,charles35@example.org,Canada,2022-08-11,Basic,3108.29
3014,Denise Brewer,ucollins@example.com,Australia,2022-07-12,Standard,28329.16
3015,Marcus Smith,ublack@example.com,Australia,2021-05-29,Basic,43666.74
3016,Ryan Hayes,barry90@example.org,UK,2024-06-10,Standard,14204.06
3017,Mary Sullivan,timothygarcia@example.org,UK,2020-07-13,Premium,3870.07
3018,Jean Pollard,krodriguez@example.net,India,2022-05-08,Standard,5705.51
3019,Jessica Riley,elizabethmoore@example.org,USA,2022-05-20,Standard,42589.15
3020,Frank Johnson,nicholasscott@example.net,France,2022-09-11,Standard,32543.68
3021,Jennifer Gonzales,amywright@example.org,USA,2024-12-07,Premium,34229.26
3022,Leslie Juarez,justinhughes@example.net,Canada,2020-09-16,Standard,44478.85
3023,Ricardo Olson,jonesmark@example.com,Australia,2024-08-23,Premium,16588.43
3024,John Melton,briggskimberly@example.org,USA,2020-10-03,Standard,22756.95
3025,Christine Santana,wwhite@example.com,Canada,2022-02-24,Basic,47430.33
3026,Maria Scott,littlelisa@example.net,Australia,2020-04-21,Standard,14761.31
3027,Shaun Wood,ronald30@example.net,France,2022-05-02,Standard,526.04
3028,Thomas Nichols,umartinez@example.org,UK,2023-03-12,Premium,42793.17
3029,Courtney Grimes,stephanieleon@example.com,France,2022-04-12,Basic,26664.98
3030,Nicole Martinez,donald27@example.net,France,2022-07-09,Standard,41094.09
3031,Aaron Morrison,ramoschristopher@example.org,Australia,2020-03-28,Basic,35773.73
3032,Scott Taylor,emily73@example.net,France,2024-10-26,Premium,7499.36
3033,Matthew Allison,gduke@example.net,UK,2024-03-03,Premium,26717.76
3034,Stephanie Michael,xrodriguez@example.net,Australia,2023-01-18,Premium,6453.44
3035,James Carrillo,mphillips@example.net,UK,2023-08-13,Premium,43540.75
3036,Scott Lee,allen95@example.org,Australia,2020-10-21,Standard,10164.9
3037,Diane Taylor,xfleming@example.org,USA,2023-11-25,Basic,11725.64
3038,Tina White,rileykathleen@example.org,Australia,2024-12-01,Basic,1462.09
3039,Judy Cox,timothy36@example.org,Australia,2023-10-23,Basic,6243.19
3040,Richard Willis,velezmark@example.net,Australia,2023-07-06,Premium,43389.89
3041,James Poole,robertjohnson@example.org,Canada,2020-09-02,Standard,2555.79
3042,Kenneth Clark,megan59@example.com,Germany,2024-04-25,Premium,38572.09
3043,Christina Flores,michaelkline@example.net,France,2020-12-07,Premium,48465.26
3044,Jamie Hudson,patrick86@example.net,Germany,2021-12-08,Standard,25873.16
3045,Ronald Burnett,mcdowellchristopher@example.com,USA,2023-06-18,Standard,47040.72
3046,Jennifer Diaz,lanceryan@example.com,Canada,2024-04-16,Standard,49768.34
3047,Carol Le,kellywilliams@example.org,UK,2023-06-12,Standard,4630.47
3048,Mary Smith,fbeck@example.com,Germany,2023-05-02,Standard,25485.89
3049,Alan Miller,hansenmatthew@example.org,Australia,2024-02-13,Premium,19063.45
3050,Brian Best II,kochheather@example.org,UK,2024-12-09,Basic,5093.29
3051,Jason Rios,patrickmarquez@example.org,UK,2024-01-22,Standard,3358.75
3052,Anthony Bowen,foxbrooke@example.org,Australia,2020-04-30,Standard,11545.01
3053,Brian Smith,melissa80@example.org,France,2022-08-19,Standard,40527.45
3054,Mrs. Melissa Ramirez,amy92@example.net,Australia,2023-06-01,Premium,48215.3
3055,Crystal Mclean,cynthiabutler@example.org,Canada,2021-03-18,Basic,2363.94
3056,Christopher Hendricks,huntlisa@example.org,Canada,2024-12-03,Premium,562.77
3057,Jessica Jones,kimberly47@example.org,Germany,2024-05-10,Premium,23543.65
3058,Connie Holder,johnsonmichael@example.net,India,2024-09-24,Standard,10570.3
3059,Natalie Smith,mcrawford@example.net,Canada,2022-03-28,Standard,30916.0
3060,Veronica Davis,burgessdonald@example.com,Canada,2023-01-12,Standard,8814.41
3061,Jason Boyer,todddale@example.com,Germany,2022-02-18,Premium,40489.94
3062,Annette Simpson,ikane@example.net,France,2022-08-27,Standard,46255.23
3063,Claire Mcintosh,qgardner@example.net,Canada,2021-10-14,Premium,10283.44
3064,Matthew Koch,stevemorales@example.net,UK,2020-10-17,Standard,42087.11
3065,Jeffrey Robertson,hudsongwendolyn@example.com,France,2023-03-21,Premium,1388.92
3066,James Montoya,jacobrangel@example.net,India,2023-05-19,Standard,36774.05
3067,Tracy Smith,beverly35@example.net,USA,2022-09-04,Standard,27019.8
3068,Glenn Woods,uhernandez@example.net,Canada,2024-03-06,Basic,8570.04
3069,Alexander Roberson,susan80@example.com,India,2020-02-23,Standard,11212.71
3070,Michael Mcconnell,mejiadaniel@example.com,UK,2021-08-24,Premium,48439.65
3071,Chelsea Jones,brittanyrush@example.com,Germany,2024-05-02,Standard,44917.36
3072,Brandon Patel,wongmckenzie@example.com,Germany,2022-08-17,Basic,40490.31
3073,Shane Ward,smithcarrie@example.com,India,2021-05-07,Standard,44987.49
3074,Catherine Gould,dbailey@example.org,USA,2023-02-17,Standard,27045.31
3075,Patricia Lawrence,martinezjessica@example.org,Australia,2021-09-12,Standard,4910.27
3076,Mathew Myers,snydergeorge@example.org,Germany,2022-01-03,Basic,28604.85
3077,Haley Cowan,jeremylopez@example.net,India,2021-01-19,Standard,40291.83
3078,Justin Cruz,smithstephanie@example.net,India,2020-12-23,Standard,37184.94
3079,Robin Floyd,bcurtis@example.org,Canada,2021-04-18,Standard,30789.23
3080,Joanne Allen,virginia57@example.net,USA,2020-06-17,Standard,36528.51
3081,Destiny Myers,rachel74@example.org,UK,2023-08-08,Basic,23161.24
3082,Katherine Clark,jon53@example.com,France,2021-08-26,Standard,49383.38
3083,James Patterson,ggomez@example.org,USA,2023-05-01,Basic,16464.41
3084,Katie Buchanan,donnamcintosh@example.net,UK,2022-09-25,Premium,36846.88
3085,Christopher Butler,zlewis@example.com,Canada,2022-08-03,Basic,40008.59
3086,Allen Alvarado,hkennedy@example.com,France,2020-01-09,Basic,48978.58
3087,Lisa Sanchez,nwise@example.net,India,2021-02-02,Standard,41785.42
3088,Darlene Sanchez,sshea@example.com,USA,2024-05-01,Standard,684.45
3089,Alexander Ramsey,luis05@example.net,Germany,2020-02-28,Basic,9468.64
3090,Derrick Ford,williamsjames@example.org,Australia,2024-08-02,Basic,20342.28
3091,Olivia Bradley,vgriffin@example.com,Australia,2024-07-14,Standard,13213.95
3092,Leslie Nelson,elizabeth03@example.net,Germany,2024-08-16,Basic,32807.48
3093,Chad Hansen,daniel02@example.net,Germany,2023-06-27,Standard,49834.62
3094,Willie Johnson,susandavis@example.org,USA,2021-09-19,Standard,43611.36
3095,Brenda Marshall,kelsey33@example.com,Canada,2023-02-06,Standard,4915.52
3096,Erin Miller,rodriguezjohn@example.com,Canada,2022-11-17,Basic,13216.88
3097,Sean Morales,nicolemontoya@example.org,Canada,2022-10-03,Standard,1368.16
3098,Jamie White,daniel08@example.com,Germany,2022-06-24,Premium,48756.89
3099,Kristen Rhodes,kelly14@example.net,Canada,2023-10-13,Premium,35663.5
3100,Rebecca Colon,richardsmario@example.org,India,2022-05-20,Standard,22682.98
3101,Elizabeth Poole,katelyn37@example.net,Germany,2020-02-27,Basic,48318.0
3102,Brandy Lopez,perryjames@example.com,Australia,2021-04-01,Premium,41019.33
3103,Ryan Singleton,maria56@example.net,Australia,2023-08-11,Standard,7171.25
3104,Carol Coleman,thompsonroger@example.net,France,2021-04-15,Basic,10013.99
3105,William Pena,lmoore@example.net,Canada,2024-08-30,Standard,39018.89
3106,David Munoz,yallen@example.org,Germany,2024-08-12,Standard,2445.06
3107,Tiffany Graham,teverett@example.com,Germany,2020-02-29,Standard,34715.37
3108,Luis Lawrence,samanthamartinez@example.net,Australia,2023-07-09,Premium,8021.61
3109,Darren Lara,stephanielewis@example.org,France,2024-02-20,Standard,42961.15
3110,Kristi Bernard,wayne14@example.net,USA,2020-10-05,Basic,35832.69
3111,Lawrence Allen,michael28@example.org,Germany,2023-12-05,Basic,21258.39
3112,David Anderson,katie76@example.com,USA,2020-12-03,Premium,48460.4
3113,Ashley Rivera,goodmancourtney@example.org,UK,2024-06-22,Standard,26135.25
3114,Michelle Lucas,ryangilbert@example.org,UK,2024-07-29,Standard,16163.87
3115,Andrew Delgado,elizabethrichards@example.com,Canada,2020-08-04,Standard,3836.04
3116,Erica Russell,frysharon@example.net,France,2020-08-19,Standard,10516.86
3117,Toni Lamb,klewis@example.net,Canada,2020-07-22,Standard,3434.06
3118,Michael Miller,simontracy@example.net,Canada,2020-10-11,Premium,24098.51
3119,Joshua Sanders,buchananscott@example.net,USA,2022-04-20,Basic,48825.11
3120,Ashley Johnson,annettefleming@example.com,Australia,2020-01-02,Standard,8056.21
3121,Hannah Larson,brooksjames@example.com,UK,2021-05-15,Standard,12503.81
3122,Robert Thompson,kimberlybennett@example.net,UK,2021-03-21,Standard,47457.6
3123,Louis Eaton DDS,dana02@example.net,India,2021-07-31,Standard,36326.35
3124,Philip Williams,nelsoncassandra@example.net,France,2023-12-11,Standard,10370.97
3125,Michael Stevens,kenneth18@example.net,India,2023-08-14,Standard,16440.73
3126,Jeff Wagner,jonesjohn@example.net,France,2023-04-29,Standard,26259.62
3127,Benjamin Savage,craig34@example.com,Canada,2020-04-19,Standard,11685.84
3128,Caitlin Smith,amandapayne@example.com,Germany,2023-12-24,Basic,27108.85
3129,Ray Singh,keithemily@example.net,France,2020-08-09,Premium,44023.32
3130,Jennifer Perry,youngannette@example.net,Canada,2023-05-27,Basic,43774.25
3131,Meredith Mooney,dburke@example.net,Australia,2022-07-20,Premium,41915.07
3132,Maria Patterson,brandonjohnson@example.org,USA,2020-05-27,Standard,21352.94
3133,Ariel Williams,dgentry@example.org,USA,2022-03-02,Basic,43288.76
3134,Jacob Bauer,dalton37@example.org,Germany,2022-08-24,Standard,26189.68
3135,Brian Norman,deanlauren@example.com,India,2021-10-22,Basic,47990.75
3136,Jennifer Kennedy,ycooper@example.org,Australia,2022-12-31,Standard,42513.27
3137,Jonathan Young,znavarro@example.org,Germany,2023-06-10,Basic,21680.62
3138,Kathryn Brady,wallen@example.com,India,2020-07-13,Premium,38520.28
3139,Pamela James,bstephens@example.com,Canada,2021-10-25,Basic,45246.09
3140,Brett Stephens,cburgess@example.org,France,2023-08-24,Standard,33382.23
3141,Matthew Love,elizabeth14@example.com,USA,2023-12-08,Standard,745.01
3142,Casey Coleman,aaronbean@example.org,France,2020-05-10,Standard,29330.63
3143,Richard Sutton,conniegarcia@example.org,USA,2021-06-23,Standard,13361.13
3144,Kyle Mooney,aclark@example.com,Australia,2022-05-25,Basic,24444.31
3145,Jasmine Bennett,ewatkins@example.org,France,2021-01-30,Standard,30370.73
3146,Peggy Hall,ramirezjeffrey@example.net,Australia,2023-01-06,Standard,2200.85
3147,Jennifer Perez,cannonbarbara@example.org,India,2023-09-25,Basic,32169.62
3148,Troy Travis,stanleygary@example.org,India,2021-11-30,Premium,48339.81
3149,Diana Williams,brendan29@example.org,USA,2020-05-29,Standard,35494.33
3150,Carl Moore,mmartinez@example.org,France,2020-06-08,Basic,35942.62
3151,Michael Barton,epearson@example.com,India,2023-05-21,Standard,22068.23
3152,Monica Copeland,marissa74@example.net,Germany,2023-01-26,Basic,1960.08
3153,Amy Martin,danielmartinez@example.com,UK,2022-09-24,Basic,37244.88
3154,George Butler,tranamanda@example.org,Germany,2024-12-21,Basic,10880.37
3155,Alexandra Jones,crystalcohen@example.net,USA,2021-07-26,Standard,16515.22
3156,Anna Russell,jacksonsteven@example.com,UK,2024-02-29,Standard,1515.89
3157,Christopher Delacruz,mgarcia@example.com,Germany,2023-01-16,Basic,17993.59
3158,Thomas Hunter,berrypatricia@example.net,France,2024-04-06,Standard,48282.87
3159,Mariah Eaton,myerstiffany@example.org,USA,2023-06-27,Basic,16293.17
3160,Daniel Morrow,fjones@example.com,France,2020-12-10,Standard,38453.7
3161,Carolyn Price,robertmartinez@example.org,USA,2020-05-20,Standard,43187.8
3162,Kelsey Adams,websterbrandon@example.net,France,2023-01-04,Basic,37690.63
3163,John Martin,kara58@example.com,Canada,2022-07-08,Premium,25041.84
3164,Jason Ponce,erinstark@example.net,India,2023-10-17,Standard,26957.91
3165,John Ramirez,cassandramoore@example.com,Canada,2023-11-20,Basic,15895.05
3166,Ashley Stokes,bassjackie@example.org,UK,2021-08-12,Basic,4612.58
3167,Andrea Stevenson,marilyn62@example.org,UK,2024-02-04,Standard,32009.8
3168,Michelle Sullivan MD,mhall@example.com,Canada,2021-10-15,Standard,42813.2
3169,Daniel Barton,lucas15@example.com,Germany,2021-02-01,Standard,21944.68
3170,David Jacobson,hharper@example.net,UK,2023-09-07,Premium,8510.31
3171,Lisa Curtis,tdominguez@example.com,India,2024-05-29,Premium,15595.33
3172,Julie Soto,hartkara@example.net,Germany,2024-04-30,Standard,14880.56
3173,Julia Fields,markbautista@example.org,Germany,2022-02-03,Premium,30961.7
3174,Andrea Harris,blee@example.com,India,2020-02-22,Premium,35612.11
3175,Barbara Sandoval,theresa24@example.org,Australia,2023-04-02,Standard,42625.22
3176,Nancy Landry,barkeralicia@example.net,USA,2021-02-23,Standard,17754.6
3177,Jennifer Gaines,jessicahamilton@example.com,India,2024-07-04,Standard,42265.97
3178,Joshua Banks,kelly24@example.net,Canada,2024-05-12,Basic,39944.51
3179,Michael Barnett,heathersanchez@example.com,France,2020-01-14,Basic,16259.43
3180,Jessica Bell,wilsonjill@example.com,USA,2023-04-15,Basic,12370.59
3181,Jennifer Hill,dakota75@example.org,USA,2023-02-07,Basic,1415.32
3182,Ana Lee,floresmariah@example.org,USA,2021-07-01,Standard,11026.86
3183,Brandon Schultz,romeromakayla@example.com,Australia,2024-04-19,Standard,40595.11
3184,Samantha Jones,lucasflores@example.com,USA,2020-11-26,Standard,48233.07
3185,Wanda Johnson,johnreyes@example.com,Australia,2022-03-01,Standard,22003.6
3186,Yvonne Greene,ashleyhall@example.net,Germany,2021-12-01,Basic,9692.73
3187,Anna Jones,chelseasmith@example.net,USA,2023-12-19,Standard,20040.88
3188,Elizabeth Ramirez,kellygray@example.net,France,2020-11-20,Basic,19416.48
3189,Debra Lee,emily89@example.org,USA,2024-10-04,Basic,18262.05
3190,John Garcia,ngraham@example.com,Canada,2023-08-29,Standard,18289.27
3191,Patty Cox,gregory38@example.org,Australia,2021-12-01,Standard,27064.42
3192,Brandi Rivera,colejames@example.org,India,2022-11-20,Standard,16150.96
3193,William Phelps,chelsea70@example.org,Canada,2022-11-05,Basic,39798.3
3194,Lisa Choi,mark59@example.org,France,2024-03-12,Premium,45882.22
3195,Garrett Green,langalexandra@example.org,Australia,2020-03-09,Basic,26814.46
3196,Leah Hill,rlewis@example.com,India,2023-09-12,Basic,11468.44
3197,Jennifer Bennett,ljordan@example.net,UK,2023-01-21,Basic,48827.0
3198,Alan Haynes,pgraves@example.org,Canada,2024-05-11,Standard,13529.76
3199,Jessica Williams,christine11@example.org,Canada,2024-10-25,Standard,21949.76
3200,Joseph Flynn,zgarcia@example.com,France,2024-02-23,Premium,49789.85
3201,Nicholas Smith,chase86@example.org,India,2023-06-07,Standard,32548.85
3202,Matthew Green,jamesbenson@example.com,Australia,2023-01-20,Standard,35344.82
3203,Jessica Holmes,andradevictoria@example.com,India,2021-08-14,Standard,47741.24
3204,Maria Harrington,kvincent@example.org,USA,2022-06-03,Standard,44836.79
3205,Chad Joseph,rachel86@example.org,India,2022-05-11,Standard,21598.42
3206,Leah Lam,cmartinez@example.org,Canada,2021-08-26,Premium,19872.68
3207,Miss Cynthia Morris,lpatterson@example.com,France,2024-05-15,Standard,34890.58
3208,Willie Jones,phodges@example.net,UK,2023-03-27,Standard,39940.98
3209,Olivia Russell,lambertjames@example.net,Germany,2021-10-02,Standard,38338.38
3210,Ryan Johnson,horndonald@example.net,Australia,2022-11-21,Standard,43150.43
3211,Angela Drake,aaroncarter@example.net,Australia,2024-04-18,Premium,37747.87
3212,Sean Erickson,ybell@example.com,France,2020-03-30,Basic,3643.57
3213,Garrett Thomas,julielewis@example.com,India,2023-05-26,Standard,8144.24
3214,Kurt Powell,tburgess@example.org,USA,2021-02-28,Basic,38709.34
3215,Megan Hernandez,nathanfrazier@example.org,Australia,2022-05-20,Basic,1571.43
3216,Stephanie West,maryblackwell@example.com,Australia,2021-05-26,Basic,16656.33
3217,Joel Patterson,yzamora@example.org,India,2024-09-18,Standard,35076.34
3218,Erik Williams,qcervantes@example.com,France,2024-10-30,Basic,19126.41
3219,Lisa Sutton,shelleycombs@example.net,Germany,2021-09-02,Basic,9231.18
3220,Sarah Griffin,bcobb@example.org,UK,2022-05-19,Premium,21575.01
3221,Justin Campbell,monica07@example.com,USA,2022-05-03,Premium,13099.23
3222,Kyle Bell,christopher57@example.org,USA,2023-04-05,Standard,32396.54
3223,Marco Brown,schneiderbrandon@example.com,India,2023-09-10,Standard,4791.99
3224,Jacqueline Kelly,johnroberts@example.com,USA,2021-09-19,Basic,3138.95
3225,Tina Cook,vdiaz@example.org,Germany,2024-07-26,Standard,4864.97
3226,Beverly Jenkins,welchrose@example.net,India,2023-10-24,Basic,727.67
3227,Amanda Owens,jonesjill@example.com,UK,2022-12-04,Standard,40021.9
3228,Heidi Fisher,greenekathy@example.net,Germany,2022-11-02,Standard,3562.52
3229,Sandra Chaney,kelleyfelicia@example.com,USA,2022-07-06,Standard,24960.25
3230,Jo Hickman,tsimmons@example.net,Germany,2021-07-13,Basic,4938.59
3231,Thomas Dixon,qdixon@example.org,France,2021-05-27,Premium,18771.0
3232,Kevin Ross,jkelley@example.net,USA,2023-01-26,Standard,42314.06
3233,Michelle Wood,tiffany95@example.org,Canada,2022-08-19,Standard,40736.64
3234,Desiree Martin,heathersmith@example.org,Germany,2022-11-14,Standard,46771.12
3235,Jay Mitchell,stewartmary@example.net,Australia,2021-03-17,Basic,6102.13
3236,Carrie Moore,brian13@example.org,Australia,2022-08-29,Basic,5477.97
3237,Eric Parker,jasongarza@example.org,France,2021-04-07,Standard,8452.53
3238,Kathryn Jackson,tevans@example.org,India,2020-01-05,Premium,7847.11
3239,Dennis Garcia,sabrinaperez@example.net,France,2022-05-28,Standard,22787.89
3240,Hunter Miller,fgutierrez@example.com,France,2021-07-06,Basic,39224.73
3241,Wayne Sellers,wagnerjacob@example.org,Australia,2021-10-10,Standard,3366.63
3242,Derek Duffy,ibarton@example.org,USA,2021-09-29,Premium,48023.31
3243,Taylor Parsons,dana17@example.net,Germany,2023-01-04,Basic,2175.36
3244,Marcus Harvey,janice12@example.net,India,2024-11-23,Basic,24073.13
3245,Robert Franco,bennettmichael@example.net,Canada,2020-11-20,Standard,37755.12
3246,Terri Davis,,France,2020-06-16,Basic,4638.58
3247,Pamela Oconnor,susanbrown@example.com,France,2024-04-30,Basic,28193.54
3248,Cameron Lawson,larrymoore@example.net,France,2023-01-15,Standard,37870.48
3249,Joel Randall,pittmanjill@example.org,France,2020-11-12,Standard,6860.24
3250,Brittney Conway,christopher14@example.net,Canada,2022-01-03,Standard,31354.33
3251,Bradley Andrade,michael01@example.com,UK,2021-02-12,Standard,24574.22
3252,Robert Phillips,falexander@example.net,Germany,2023-07-24,Standard,24256.81
3253,Lisa Barron,jward@example.com,UK,2023-04-26,Standard,39339.36
3254,Jesus Figueroa,zyoung@example.com,UK,2021-08-17,Standard,2850.27
3255,Barbara Grant,carlagarcia@example.com,Canada,2024-09-10,Premium,4550.46
3256,Linda Peterson,butlergabrielle@example.net,Australia,2024-08-02,Basic,28606.62
3257,Allison Bonilla,yhendrix@example.net,USA,2023-01-29,Standard,2493.01
3258,Steven Beasley,ernestwright@example.net,India,2020-08-13,Basic,19306.58
3259,Jennifer Gordon,edwinmiller@example.com,UK,2021-10-11,Standard,41204.93
3260,Carolyn Casey,bblevins@example.net,France,2020-12-19,Standard,25467.9
3261,Kenneth Randolph,reesealex@example.net,Canada,2021-02-24,Standard,34088.56
3262,Madison Nielsen,travis28@example.net,India,2022-04-12,Standard,22915.96
3263,Brooke Johnson,rdurham@example.net,USA,2021-09-12,Standard,16083.5
3264,Carl Trujillo MD,thomasmichael@example.com,France,2021-09-03,Standard,28600.15
3265,Roberta Rivera,mccarthydylan@example.net,France,2024-09-26,Premium,19136.29
3266,Robert Williams,thompsonsavannah@example.org,Australia,2021-04-23,Premium,14593.04
3267,Ian Evans,zbaker@example.com,Australia,2023-06-18,Standard,45770.72
3268,Glenda Robbins,scottchristopher@example.net,UK,2024-11-09,Premium,19556.8
3269,Erin Myers,james16@example.com,USA,2023-02-18,Basic,20157.74
3270,Robert Walker,gschmidt@example.com,USA,2023-08-22,Standard,31126.01
3271,Jeffery Haas,charlesprice@example.org,USA,2022-01-30,Basic,34051.75
3272,Timothy Bridges,dyervictoria@example.net,France,2024-05-04,Basic,15555.99
3273,Alexa Ramirez,elizabeth71@example.net,Australia,2023-01-28,Standard,45695.44
3274,Alan Murphy,melody89@example.com,UK,2023-08-25,Premium,41195.39
3275,Tiffany Hudson,charles14@example.com,UK,2024-01-17,Basic,9555.88
3276,Tina Hall,panderson@example.net,Canada,2021-10-16,Standard,620.44
3277,Nicolas Wells,wilkinsmark@example.org,France,2020-08-18,Premium,38379.62
3278,Katherine Morton,michelle86@example.net,India,2022-08-23,Standard,3619.17
3279,Sandra Rivera,brittanyjackson@example.net,India,2024-09-11,Premium,39580.38
3280,Charlene Blackwell,jennifersantana@example.org,India,2022-08-20,Standard,8451.6
3281,James Williams,ronald46@example.com,Canada,2024-07-13,Basic,35779.67
3282,Kathryn Bishop,zramirez@example.net,France,2021-02-03,Standard,14393.3
3283,Morgan Andrews,fcook@example.org,Canada,2021-10-14,Standard,38073.37
3284,Timothy Morris,gabriela59@example.net,UK,2020-10-16,Basic,10186.09
3285,Lisa Hill,fsanford@example.net,India,2020-04-27,Basic,10119.33
3286,Tracy Cruz,roymorris@example.org,Germany,2024-03-12,Premium,23993.11
3287,Rachel Montgomery,oscott@example.com,India,2023-01-24,Premium,19464.39
3288,Evan Saunders,hcollins@example.net,India,2022-01-06,Standard,3463.28
3289,Jessica Mcconnell,mcintyrebrendan@example.org,Germany,2021-10-02,Standard,36943.48
3290,Catherine Conley,cmueller@example.org,Germany,2023-10-17,Basic,33177.55
3291,John Fowler,sandrathomas@example.net,Germany,2021-05-27,Basic,38450.61
3292,Natasha Torres,timothyortiz@example.org,Canada,2022-11-02,Premium,809.14
3293,Dawn Pena,friedmanlinda@example.net,USA,2024-11-07,Basic,12615.03
3294,Riley Gonzalez,angela15@example.org,USA,2022-03-11,Standard,45087.98
3295,Robert Rose,fhatfield@example.org,India,2024-08-22,Standard,47346.38
3296,Dominic Gilmore,john26@example.org,Germany,2023-01-28,Standard,31397.96
3297,Scott Velazquez,ischultz@example.com,UK,2020-09-05,Basic,1362.95
3298,Nicole Foster,claire11@example.net,Germany,2023-06-15,Basic,30122.84
3299,Samantha Bailey,rrodgers@example.org,UK,2024-01-06,Premium,27401.46
3300,Andrew Zavala,tara38@example.org,UK,2024-04-20,Premium,3350.05
3301,Jordan Baxter,christophermoore@example.org,Germany,2022-01-31,Premium,36052.07
3302,Lawrence Sanders,keith60@example.com,Canada,2022-10-21,Standard,2017.66
3303,Alison Castillo,christopher99@example.org,Australia,2023-01-13,Standard,394.49
3304,John Wood,ashleywatts@example.com,India,2020-06-24,Premium,19437.61
3305,Richard Morgan,jordanjoshua@example.net,Germany,2020-11-20,Basic,38132.59
3306,Olivia Holmes,elizabeth74@example.com,India,2022-03-23,Standard,1087.69
3307,Richard Aguilar,olsonmichael@example.com,Canada,2023-08-17,Standard,28617.44
3308,Riley Clark,jeffrey68@example.com,UK,2023-04-15,Standard,19399.68
3309,Scott Owen,stephanieswanson@example.net,Australia,2021-04-30,Standard,24579.06
3310,Stephanie Tucker,kennethrodriguez@example.org,USA,2021-10-19,Basic,31871.21
3311,Calvin Williams,rodriguezstephanie@example.net,Germany,2021-04-05,Basic,22765.74
3312,Darryl Roberts,john14@example.net,Australia,2022-09-06,Standard,14414.49
3313,Harold Diaz,richard13@example.com,Canada,2021-05-08,Basic,19483.74
3314,Madison Parker,pferguson@example.com,USA,2022-05-03,Premium,37026.28
3315,Emily Young,amandalevy@example.com,Germany,2022-10-06,Standard,2223.49
3316,Megan Perkins,todd94@example.com,UK,2021-10-23,Basic,42599.01
3317,Martha Powell,kristinkent@example.com,Australia,2023-02-20,Premium,31362.35
3318,Corey Jackson,judithrios@example.net,USA,2021-07-05,Standard,44192.73
3319,Albert Garcia,croman@example.net,Germany,2023-07-31,Standard,47623.47
3320,William Caldwell,zle@example.net,Germany,2021-03-24,Standard,33302.13
3321,Justin Reeves,virginia83@example.com,India,2024-09-10,Standard,12375.76
3322,Randall Johnson,mjohnson@example.com,France,2020-07-03,Standard,47405.45
3323,Gregory Byrd,changsamuel@example.org,Canada,2024-09-12,Basic,18234.4
3324,Richard Nelson,burnsryan@example.net,Germany,2020-11-21,Basic,39624.71
3325,Emily Garcia,danielyates@example.net,UK,2024-01-19,Standard,19702.2
3326,Joshua Moody,rwallace@example.org,Germany,2021-10-06,Standard,22670.76
3327,Jeffrey Cooke,natasha58@example.net,Australia,2022-01-14,Basic,43518.53
3328,Jesse Anderson MD,kimberly33@example.com,UK,2024-02-06,Premium,16950.39
3329,Lisa Jones,brandonmcdonald@example.com,Australia,2020-10-28,Standard,46862.39
3330,Vanessa Perez,orosales@example.com,Germany,2022-05-26,Basic,1289.39
3331,Laura Alexander,sampsonjoseph@example.org,USA,2020-12-23,Standard,8699.81
3332,Valerie Contreras,sloanemily@example.org,Australia,2024-01-09,Standard,38485.08
3333,Jessica Diaz,peterjohnson@example.org,France,2024-11-14,Standard,40061.76
3334,Travis Caldwell,pennyruiz@example.net,USA,2024-09-23,Standard,12360.35
3335,Rebecca Thomas,lpatterson@example.org,Canada,2020-06-10,Basic,24385.58
3336,Carl Gonzalez,charlessims@example.org,France,2021-08-11,Basic,26576.35
3337,James Leblanc,iclarke@example.net,France,2024-01-11,Premium,4943.52
3338,Gary Montgomery,phillip57@example.com,India,2023-02-22,Premium,46016.57
3339,Thomas Graves,nicholasfuentes@example.com,Australia,2021-06-06,Standard,4588.35
3340,Joseph Salinas,christopher67@example.org,Australia,2022-07-22,Standard,37204.86
3341,George Brown,vaughnjavier@example.net,Australia,2022-02-22,Standard,3394.55
3342,Brett Osborne,michelle14@example.com,France,2023-05-09,Standard,45235.31
3343,Tracy Green,jamesmorris@example.org,Germany,2024-06-30,Standard,8843.38
3344,Jeremy Weaver,asmith@example.net,UK,2022-05-29,Basic,8074.64
3345,Tami Harrison,kwilliams@example.org,Australia,2024-12-15,Premium,6010.18
3346,Karen Rodriguez,kimberlybennett@example.net,Australia,2023-01-07,Standard,28127.04
3347,Jason Webb,fieldsjacob@example.org,France,2022-06-30,Standard,14133.61
3348,Joshua Singleton,qhoffman@example.com,Canada,2020-07-07,Standard,5756.69
3349,Kenneth Williams,paulevans@example.com,Australia,2023-12-24,Basic,4943.74
3350,Jeffrey Evans,moralesmarcus@example.net,India,2023-10-06,Basic,23693.37
3351,Alicia Mueller,laura90@example.net,Germany,2023-08-06,Basic,29350.15
3352,Maria Perez,matthewstanley@example.org,Australia,2023-07-11,Standard,22102.73
3353,Melanie Martinez,mclaughlinnathaniel@example.net,France,2020-07-01,Standard,1090.85
3354,Joshua Riley,dbest@example.com,Germany,2020-11-15,Standard,17257.06
3355,Tammy Jones,danasanders@example.org,UK,2023-11-27,Premium,18561.41
3356,Christopher Flynn,granthenderson@example.net,USA,2024-08-23,Standard,33900.92
3357,Michael Gibson,wyatt29@example.org,Australia,2020-12-29,Premium,46757.94
3358,Kimberly Avila DVM,faithhowell@example.org,Australia,2020-01-08,Premium,31747.72
3359,David Lara,castillomatthew@example.com,UK,2021-11-20,Basic,39350.21
3360,Michael Reed,liujessica@example.com,UK,2020-03-26,Basic,24788.02
3361,Ann Bartlett,jaimeduncan@example.com,France,2022-07-26,Standard,49585.92
3362,Michelle Knight,huynhmatthew@example.net,UK,2022-04-08,Standard,25719.8
3363,Johnny Vincent DDS,antoniojenkins@example.com,Australia,2024-07-15,Basic,1269.87
3364,Elizabeth Anderson,fsmith@example.com,UK,2021-04-07,Premium,32505.32
3365,Paige Welch,jason76@example.net,France,2021-04-17,Standard,49808.08
3366,Jody Wall,qmarshall@example.com,UK,2024-04-15,Standard,49755.33
3367,Douglas Collins,qrhodes@example.org,France,2024-03-18,Standard,16712.65
3368,Kaitlyn Young,jeremiahbaker@example.com,India,2023-09-28,Basic,46334.6
3369,Joanne Gaines,qkemp@example.com,India,2020-07-31,Standard,15205.25
3370,Joshua Prince,willisjaclyn@example.com,USA,2023-08-17,Standard,19481.02
3371,Bruce Davis,paul54@example.org,France,2022-06-02,Standard,18819.58
3372,Richard Silva,lisa47@example.com,UK,2024-02-28,Standard,49683.29
3373,Anthony Ashley,cmyers@example.com,UK,2021-06-13,Basic,6703.77
3374,Jennifer Murray,yhernandez@example.net,UK,2022-11-18,Standard,9725.88
3375,George Harding,changbethany@example.net,USA,2022-07-15,Premium,22548.72
3376,Jamie Garrison,bsmith@example.com,France,2023-08-14,Basic,45675.75
3377,Catherine Glenn,hjones@example.org,Australia,2024-08-27,Basic,1248.07
3378,Karen Weber,dware@example.com,India,2022-12-24,Basic,12223.76
3379,Peter Harris,othomas@example.com,USA,2022-05-05,Premium,28638.25
3380,Patrick Blake,yjones@example.org,USA,2020-04-10,Premium,3863.04
3381,David Howard,angelabarnes@example.org,Canada,2023-04-21,Basic,17122.63
3382,Joshua Santana,karlmartin@example.org,Australia,2023-06-03,Premium,29179.47
3383,Amber Thomas,johnnygray@example.com,Australia,2024-01-27,Basic,31587.05
3384,Sandra Crane,qknight@example.net,UK,2021-02-17,Standard,30667.0
3385,Jennifer Cooper,jameskim@example.com,India,2021-08-13,Premium,45908.31
3386,Eric Taylor,john00@example.com,Australia,2024-04-22,Premium,35940.89
3387,Joseph Clayton,justin75@example.org,India,2020-07-13,Standard,34311.49
3388,Lynn Duran,scottmichael@example.com,USA,2024-07-09,Basic,19406.36
3389,Abigail Wright,tortiz@example.org,France,2021-10-28,Premium,40895.79
3390,Karen Heath,opierce@example.com,France,2022-09-20,Standard,35343.07
3391,Christopher Perez,garywright@example.org,Germany,2024-08-01,Basic,29631.42
3392,Steven Howell,ann63@example.net,Australia,2023-11-17,Standard,25428.46
3393,Kimberly Kennedy,hmoore@example.com,India,2021-01-05,Basic,13236.75
3394,Angela Solis,ashley62@example.net,Australia,2024-02-01,Standard,9548.34
3395,Melvin Long,danny03@example.org,India,2023-10-20,Basic,9491.11
3396,Katie Ruiz,nguyenjacqueline@example.org,Canada,2022-08-20,Basic,11463.01
3397,Michael Hernandez,thomaserik@example.net,UK,2023-04-13,Basic,14906.3
3398,Nathaniel Burns,michael41@example.com,UK,2021-05-17,Standard,10991.09
3399,Mr. Sean Jones PhD,richard27@example.com,USA,2023-04-02,Standard,12114.46
3400,Brent Jackson,kking@example.org,India,2021-02-23,Basic,34208.2
3401,Amy Nichols,kelly83@example.org,USA,2020-01-25,Premium,3174.82
3402,Katie Snyder,haleyrobinson@example.net,Germany,2023-07-15,Basic,3114.16
3403,Anthony Miller,matthew92@example.org,Canada,2020-09-02,Standard,33734.35
3404,Mr. Matthew Peterson,oliversteven@example.org,Australia,2021-10-28,Standard,48860.67
3405,Krystal Crawford,bcaldwell@example.net,France,2020-08-23,Standard,38592.17
3406,Carlos Wilson,andreale@example.org,Australia,2021-03-11,Standard,30314.79
3407,Tracy Cole,,Australia,2023-10-08,Standard,36384.73
3408,Kathy Watkins,coopertami@example.net,UK,2024-07-17,Standard,40567.17
3409,Rita Jones,lauriebrewer@example.org,UK,2021-05-30,Standard,24505.46
3410,Alec Cobb,maria74@example.net,Germany,2024-04-17,Basic,11482.77
3411,Tracey Melendez MD,lserrano@example.com,USA,2020-10-16,Standard,20545.65
3412,Kyle Holmes,heatherthompson@example.net,Australia,2022-11-16,Standard,39832.96
3413,Rebecca Harrison,pyoung@example.com,Australia,2023-07-17,Standard,43447.25
3414,Christopher Walton,james43@example.net,Germany,2024-05-31,Premium,36919.17
3415,Lisa Ford,ymartin@example.com,UK,2022-05-20,Basic,43680.75
3416,Jared Dawson,jeffrey80@example.org,Canada,2023-01-25,Standard,43525.5
3417,Pamela Perez,davidsondavid@example.com,USA,2022-11-27,Standard,21775.63
3418,Anthony Johnson,bradleyalbert@example.org,Canada,2022-02-04,Basic,7636.83
3419,Darren Perry,natasha66@example.net,Australia,2023-11-23,Standard,917.83
3420,Brenda Diaz,sandrawalker@example.net,Germany,2021-02-25,Standard,9968.05
3421,Angela Bernard,gaineserika@example.org,Germany,2022-05-02,Premium,41505.93
3422,Michael Goodwin,lorifoster@example.org,Canada,2021-04-17,Standard,9578.31
3423,Erin Duncan,kochcynthia@example.net,France,2021-04-30,Standard,21811.87
3424,Rebecca Robinson,cheryl47@example.com,Canada,2020-10-25,Standard,33322.88
3425,Marcia Flowers,christina67@example.com,UK,2023-12-26,Premium,47652.22
3426,Harry Roy,clarkegabriel@example.org,France,2023-09-16,Standard,7159.74
3427,Richard Powell,williamsjames@example.net,Germany,2022-10-24,Standard,10898.55
3428,Michele Fields,dturner@example.com,Germany,2020-05-03,Basic,31612.28
3429,Emily Thomas,vwright@example.net,UK,2021-08-16,Standard,30962.16
3430,Todd Klein,gregory31@example.com,France,2023-02-04,Standard,26528.87
3431,Misty Brady,xramos@example.com,UK,2024-09-23,Standard,34456.87
3432,Craig Blanchard,rmatthews@example.com,India,2024-04-07,Standard,23728.8
3433,Megan Grimes,greg78@example.net,India,2021-02-10,Standard,12380.88
3434,David Yates,mcclainjohn@example.com,Australia,2021-02-28,Standard,45516.29
3435,Mark Massey,brentodom@example.com,Australia,2021-07-20,Standard,45101.81
3436,Brittany Chang,andrew98@example.com,Germany,2020-12-14,Standard,17103.79
3437,Brooke Allen,bradley16@example.org,Canada,2020-08-17,Standard,45102.61
3438,Erin Fuentes,xerickson@example.com,Australia,2021-08-15,Basic,28656.52
3439,Amy Matthews,cynthia04@example.org,Australia,2020-10-05,Basic,30508.42
3440,Melissa Evans,phillip11@example.net,Canada,2023-02-07,Standard,28208.57
3441,Jaime Miller,jesse07@example.net,Australia,2020-05-17,Standard,44048.34
3442,David Rowland,rebecca53@example.net,UK,2023-06-11,Premium,16150.58
3443,Dawn Gill,jensennancy@example.org,Germany,2021-08-31,Standard,45031.48
3444,Peter Howard DVM,oreynolds@example.org,Australia,2024-10-16,Basic,3439.58
3445,Bonnie Ramirez,andrebowers@example.org,UK,2023-09-22,Premium,38520.29
3446,Samuel Powers,patricia63@example.com,France,2020-08-27,Standard,38910.19
3447,April Graham,edwardskeith@example.org,Germany,2021-07-28,Standard,252.36
3448,Janice Stokes,dlarson@example.org,UK,2021-07-12,Standard,28137.71
3449,Melissa Henderson,mcgeebrittany@example.org,Canada,2020-03-21,Basic,24286.42
3450,Pamela Butler,atkinsonjessica@example.net,UK,2020-09-28,Basic,10082.91
3451,Kelly Grant,benjaminlloyd@example.com,Canada,2023-04-13,Premium,46193.09
3452,David Mills,erasmussen@example.net,France,2022-09-05,Standard,3122.09
3453,Joseph Cohen,cgalvan@example.com,Australia,2023-02-20,Standard,25256.05
3454,Janet Holder,omarthompson@example.org,USA,2020-01-22,Standard,35062.24
3455,Michelle Moore,ramseytonya@example.org,Canada,2023-05-14,Standard,10291.58
3456,Donna Moore,stephenbell@example.com,UK,2020-02-02,Premium,32235.02
3457,Monica Joseph,chungjeffrey@example.com,UK,2023-01-07,Standard,38812.27
3458,Kelly George,dakota45@example.com,Australia,2023-01-14,Standard,19162.77
3459,Joel Miller,kcastillo@example.org,USA,2024-09-19,Standard,15772.94
3460,Jose Butler,carlos85@example.com,Australia,2024-06-19,Standard,9969.26
3461,Eric Jordan,elizabeth56@example.org,France,2024-12-25,Standard,29365.37
3462,Paul Gordon,jclark@example.org,UK,2023-08-07,Premium,2715.93
3463,Joseph Ali,yrivera@example.org,UK,2021-03-14,Standard,7173.47
3464,John Norton,rhodescory@example.com,Canada,2023-06-09,Standard,1370.72
3465,Mr. Christopher Perry,justin72@example.org,Germany,2024-04-04,Standard,8982.12
3466,Maurice Taylor,stephanie45@example.com,France,2020-02-13,Basic,32216.69
3467,Glenn Lawrence,hunterjulie@example.org,UK,2023-04-30,Basic,2065.14
3468,Krista Clark,dmorales@example.org,Germany,2022-08-08,Basic,35711.84
3469,Eric Davis,alexanderyates@example.com,Germany,2021-03-30,Basic,7081.58
3470,Michael Johnson,carterlawrence@example.net,India,2021-07-14,Premium,35721.3
3471,Victoria Vasquez,daniel99@example.net,India,2022-01-23,Standard,17918.34
3472,Jennifer Hughes DDS,wsteele@example.org,India,2022-08-10,Standard,3571.87
3473,Brooke Rogers,ostrickland@example.com,UK,2020-04-11,Premium,20876.01
3474,David Anderson,benjamin67@example.com,Canada,2024-04-06,Standard,27450.07
3475,Ashley Ward,april04@example.org,India,2024-08-12,Standard,8037.12
3476,Carol Atkins,rogersrobert@example.com,Canada,2020-03-20,Basic,11447.07
3477,Ashley White,tonytran@example.com,India,2022-06-06,Standard,1308.84
3478,Lauren James,robertnguyen@example.com,France,2021-12-14,Standard,23986.79
3479,Juan Burnett,kevin20@example.org,India,2020-10-19,Basic,47503.3
3480,Melissa Hernandez,elee@example.org,Australia,2024-05-04,Premium,16041.0
3481,Billy Richardson,sherrymonroe@example.org,UK,2024-07-25,Standard,19850.86
3482,Christian Shelton,morakristin@example.net,Germany,2023-10-23,Standard,1273.31
3483,Jennifer Reyes,bakersarah@example.org,Canada,2024-05-13,Standard,3491.28
3484,Natasha Rivas,jessicaboone@example.com,USA,2024-10-12,Premium,11552.35
3485,Brenda Torres,jortiz@example.net,Germany,2023-11-19,Standard,4123.31
3486,Wayne Robinson,campbelljames@example.org,Australia,2022-07-30,Standard,41468.93
3487,Scott Bond,collinsstacy@example.com,UK,2024-08-09,Premium,466.76
3488,Crystal Edwards,wallacebrenda@example.org,France,2021-07-19,Standard,13355.77
3489,Jonathan Gutierrez,laura67@example.org,UK,2021-06-24,Standard,41757.63
3490,Judy Lewis,gonzalezjose@example.com,Canada,2023-10-25,Standard,9869.04
3491,Ernest Martinez,stephenstanley@example.com,Australia,2022-12-30,Standard,32558.09
3492,Jordan Adams,jasonkaiser@example.com,Germany,2021-04-29,Standard,48389.97
3493,Lauren Morse,osmith@example.org,France,2023-01-16,Basic,10309.04
3494,Jennifer Booker,christopher64@example.org,India,2020-01-08,Standard,5425.81
3495,Danny Simmons,ebell@example.net,Australia,2023-03-25,Standard,38011.99
3496,John Gould,christophercopeland@example.org,Canada,2020-02-18,Standard,34518.52
3497,Jennifer Cook,kbuchanan@example.com,USA,2021-02-16,Standard,15238.19
3498,Timothy Smith,scott86@example.com,Germany,2022-12-30,Standard,11567.52
3499,Jamie Reid,william81@example.com,Australia,2020-01-23,Basic,10918.62
3500,Jennifer Rodriguez,morsestephen@example.com,India,2020-01-08,Premium,41496.4
3501,John Sosa,desireeedwards@example.com,Australia,2022-12-23,Standard,47345.07
3502,Rose Villa,hrose@example.org,UK,2022-03-18,Standard,49213.05
3503,Olivia Collier,ramirezandrew@example.org,France,2021-05-04,Premium,24634.94
3504,Tony Patrick,melinda67@example.com,Germany,2021-02-19,Standard,49340.38
3505,Matthew Turner,vmercer@example.com,Australia,2024-09-12,Standard,30856.88
3506,William Castillo,cardenasjessica@example.com,Australia,2021-03-21,Basic,31001.91
3507,Timothy Brown,paulpowell@example.com,Australia,2021-01-26,Basic,46514.96
3508,Brian Singh,dholland@example.org,UK,2020-07-08,Standard,28448.73
3509,Tyrone Booth,jbenson@example.com,USA,2022-07-13,Premium,10843.9
3510,Brittany Hull,megan65@example.net,USA,2021-03-20,Standard,43834.59
3511,Sharon Hopkins,qtran@example.org,India,2021-04-21,Standard,1217.49
3512,Timothy Allen,kyliekline@example.com,Canada,2024-08-02,Basic,15172.3
3513,Timothy Jordan,michael17@example.org,USA,2024-02-15,Basic,44379.36
3514,Calvin Gilmore,pricematthew@example.com,Canada,2023-06-27,Standard,45978.38
3515,Lisa Michael,karen64@example.com,Canada,2021-01-15,Standard,1615.34
3516,Melissa West,mcmillanelaine@example.net,Australia,2023-03-25,Standard,815.77
3517,Aaron Sawyer,johnanderson@example.net,India,2024-03-13,Standard,43502.61
3518,Joshua Foster,michaelmartinez@example.net,France,2020-04-09,Standard,13576.34
3519,Thomas Price,smithelizabeth@example.org,France,2023-05-03,Standard,36598.56
3520,Angela Murphy,perrymeghan@example.com,USA,2020-12-17,Premium,33933.16
3521,David Wise,taylorchristopher@example.org,India,2020-01-03,Standard,41539.52
3522,Kristi Taylor,alyssaturner@example.com,UK,2024-02-28,Basic,28880.36
3523,Pamela Parks,mwoods@example.net,India,2024-08-29,Premium,38499.7
3524,Dennis Baker,snyderpamela@example.com,USA,2024-09-28,Standard,24010.64
3525,William Chase,tara61@example.net,Canada,2020-09-09,Premium,13670.93
3526,Patricia Moreno MD,andrewlewis@example.org,Australia,2022-08-18,Standard,22454.66
3527,Dr. Barbara Cruz,mariamoore@example.com,India,2021-04-23,Standard,43688.69
3528,Mark Lawson,uhunter@example.net,Canada,2023-01-17,Standard,47612.11
3529,Ryan Hamilton,copelanddylan@example.net,Germany,2023-05-01,Standard,42437.98
3530,Morgan Barrett,donald82@example.net,India,2024-01-10,Standard,29942.65
3531,Susan Thompson,stevengreen@example.net,Germany,2022-11-02,Standard,8278.35
3532,Carol Lopez,rebeccaperry@example.com,France,2021-04-16,Standard,27596.1
3533,Diana Ali,uwang@example.net,USA,2022-03-05,Basic,17404.71
3534,William Wilson,krista33@example.org,USA,2022-02-17,Standard,23427.46
3535,Michael Johnson,vmendoza@example.com,UK,2023-07-06,Standard,40729.95
3536,Mary Benson,khale@example.com,Canada,2022-08-26,Standard,27159.2
3537,Amy Nielsen,wattsalfred@example.net,UK,2021-05-01,Standard,30147.38
3538,David Jackson,uwhite@example.com,Australia,2021-12-22,Standard,17997.57
3539,Charles Nguyen,charles02@example.net,Germany,2021-08-06,Basic,43103.82
3540,Leah Bean,uhammond@example.com,USA,2024-11-06,Premium,25367.01
3541,Christina Rivas,ufarrell@example.com,Australia,2020-05-03,Standard,29979.75
3542,Rose Scott,fadams@example.org,Germany,2020-04-27,Basic,8055.46
3543,Victoria Richmond,tsmith@example.net,Canada,2022-02-16,Premium,40831.29
3544,Jenna Delgado,kgarcia@example.com,USA,2024-09-27,Standard,4179.0
3545,Samuel Harris,hoganamy@example.com,UK,2021-12-27,Premium,25119.04
3546,Patrick Romero,belindamartin@example.com,India,2024-12-20,Premium,301.62
3547,Kayla Walker,laurenwilliams@example.com,Australia,2023-06-01,Standard,8318.62
3548,Christina Jackson,bperez@example.com,USA,2023-10-24,Basic,16811.5
3549,Gregory White,eanderson@example.net,India,2022-03-31,Basic,39865.96
3550,Edward Gardner,maria16@example.net,Germany,2023-08-01,Standard,32878.91
3551,Michael Gill II,knguyen@example.net,UK,2023-08-28,Standard,37516.33
3552,Gary Cohen,smithmichael@example.org,France,2020-02-29,Basic,11368.16
3553,Eric Medina,jennifer26@example.org,France,2021-01-14,Premium,34727.75
3554,Daniel Smith,ptaylor@example.com,Canada,2020-03-10,Basic,44669.86
3555,Kendra Smith,elizabethvega@example.net,Australia,2021-05-16,Basic,24810.63
3556,Erin Harris MD,jsaunders@example.net,Australia,2020-02-25,Standard,15397.14
3557,Shelby Fletcher,davidlarsen@example.com,Canada,2023-01-22,Standard,10541.28
3558,Kaitlin Lowe,wrightmichele@example.com,France,2021-11-13,Basic,9631.23
3559,Amy Smith,grahamjoseph@example.com,India,2020-01-08,Standard,10433.66
3560,Donna Mccormick,andrea15@example.net,Canada,2023-04-12,Standard,3444.39
3561,Edwin Carpenter MD,zacharywillis@example.com,Germany,2020-06-24,Premium,47249.24
3562,Evan Smith,tgilbert@example.com,France,2020-06-29,Premium,29918.29
3563,Christie Rivera,jeanettewatson@example.net,UK,2021-03-22,Standard,15258.95
3564,Matthew Petty,nguyenmary@example.org,France,2024-12-01,Basic,31797.46
3565,Makayla Young,jody47@example.com,France,2020-11-14,Standard,48852.97
3566,Seth Gonzalez,brandon11@example.org,Germany,2024-07-28,Standard,12863.53
3567,Ruth Flores,ddavenport@example.com,Germany,2023-07-09,Basic,37670.61
3568,Cassandra Williams,birdjoshua@example.net,Canada,2020-02-04,Standard,29397.52
3569,David Maynard,mannbrittany@example.org,Australia,2024-03-07,Basic,34273.92
3570,Robert Atkinson,margaret22@example.net,Australia,2024-12-15,Standard,48142.14
3571,Tyler Murphy,donna59@example.org,Canada,2020-03-23,Premium,12682.6
3572,Heather Russell,sean99@example.org,India,2020-07-14,Standard,41548.44
3573,Jerry Vargas,andrewtorres@example.com,France,2022-05-04,Premium,19054.57
3574,Jessica Wright,millerpaul@example.net,UK,2022-11-06,Standard,23517.05
3575,Heather Schmidt,cbuck@example.org,UK,2024-05-22,Standard,35231.6
3576,Tracey White,jamesfletcher@example.net,Germany,2023-11-19,Standard,4838.19
3577,Thomas Gonzalez,vreynolds@example.org,France,2020-08-25,Standard,33794.61
3578,Laura Black,adrianmcneil@example.com,India,2021-05-27,Standard,3548.07
3579,Natalie Adkins,mray@example.org,USA,2022-05-01,Standard,28295.99
3580,Tanya Dominguez,gainesmelissa@example.org,Canada,2021-01-20,Standard,36244.11
3581,Nicole Macias,nicole28@example.com,USA,2023-09-02,Premium,25885.14
3582,Kristina Mendez,ghunt@example.net,USA,2023-11-12,Standard,42692.4
3583,David Johnston,dhorton@example.net,India,2024-07-18,Standard,21393.91
3584,Maria Ruiz,nmatthews@example.net,France,2024-11-24,Basic,3933.35
3585,Terri Valdez,kimberly57@example.net,Germany,2024-07-02,Standard,19426.45
3586,Sheila Collins,hornbradley@example.com,Canada,2022-11-27,Standard,8913.92
3587,Natasha Taylor,justin34@example.com,UK,2024-02-25,Standard,11248.79
3588,Ashley Myers DVM,john98@example.org,Australia,2024-08-08,Standard,24718.22
3589,Tina Walsh,murraycatherine@example.net,France,2024-10-30,Basic,47407.25
3590,Scott Cole,sandracrawford@example.com,India,2023-05-01,Premium,6686.75
3591,Andrea Woods,wendy34@example.net,Australia,2020-03-12,Standard,1281.54
3592,Melissa Brown,gpearson@example.net,Germany,2024-03-14,Basic,21555.68
3593,James Beard,lesliejohnson@example.net,France,2020-01-05,Basic,18477.59
3594,Claudia Silva,jamesbaldwin@example.net,Germany,2021-08-10,Standard,1773.49
3595,Tanner Ortiz,david85@example.net,Germany,2023-10-30,Basic,3440.23
3596,Courtney Hubbard,sarahvega@example.com,India,2021-07-29,Basic,33268.65
3597,David Benson,lisa49@example.com,Germany,2020-10-11,Standard,12237.27
3598,Amy Taylor,johnolson@example.org,Australia,2021-06-17,Premium,1303.05
3599,Erin Johnson,jenniferedwards@example.com,India,2023-06-22,Premium,9906.2
3600,Mrs. Vicki Johnson,qwilson@example.org,France,2020-12-21,Standard,27912.69
3601,Deborah Mahoney,anne76@example.org,Germany,2023-10-30,Basic,32847.51
3602,Justin Ho,fryedylan@example.net,France,2023-08-30,Premium,2083.81
3603,Sarah Nguyen,gmoss@example.org,USA,2020-11-04,Standard,37357.44
3604,William Banks,diazkenneth@example.com,UK,2022-10-14,Standard,25558.78
3605,Michael Zuniga,mike59@example.com,India,2020-04-03,Standard,13367.79
3606,Christy Cook,portertony@example.net,Germany,2023-01-11,Standard,40591.94
3607,Tammy Robinson,tonyhodge@example.org,UK,2022-11-18,Standard,24071.42
3608,Deborah Colon,johnsongregory@example.net,USA,2024-02-15,Standard,23965.94
3609,James Guerrero,stacycoleman@example.net,USA,2020-02-01,Premium,27696.32
3610,Catherine Brown,vbrooks@example.net,France,2020-02-12,Basic,3638.84
3611,Raymond Johnson,ujohnson@example.org,France,2024-10-11,Basic,7355.59
3612,Carrie Brown,johnnycarr@example.com,Canada,2022-03-07,Standard,49494.36
3613,Christopher Wilson,jessicaarnold@example.org,India,2023-06-06,Premium,31384.35
3614,Sabrina Chapman,yangeric@example.com,UK,2023-12-01,Standard,46886.67
3615,Ashley Horn,angelmiller@example.org,Canada,2024-08-06,Standard,37643.31
3616,Anthony Hansen,williampearson@example.com,India,2023-09-28,Standard,19791.98
3617,Richard Stewart,travis88@example.com,USA,2023-12-12,Basic,18746.74
3618,Taylor Brown,edwardsteele@example.net,Germany,2024-02-25,Basic,11313.58
3619,Allison Miller,robertray@example.org,Australia,2024-07-04,Standard,47474.46
3620,Michael Diaz,derrick47@example.com,Germany,2020-01-24,Standard,43606.37
3621,Sabrina Short,qmercado@example.com,France,2020-10-11,Standard,26110.8
3622,Sydney Kidd,michaelrobinson@example.net,Germany,2022-04-30,Premium,30031.11
3623,Johnny Escobar,alexis09@example.com,UK,2022-01-30,Standard,35253.27
3624,Jimmy Dillon,nmiller@example.net,Canada,2022-07-02,Basic,2093.43
3625,Thomas Gardner,raymondbrown@example.net,USA,2020-09-05,Standard,32543.33
3626,Bridget Morales,zimmermankatelyn@example.com,Australia,2020-08-06,Standard,41832.59
3627,Glenn Glenn,brewershelly@example.org,France,2021-09-03,Basic,42783.41
3628,Jennifer Robertson,charlesfranco@example.net,Germany,2022-01-02,Standard,37895.14
3629,John Berg,cynthia27@example.net,Canada,2022-08-14,Standard,28053.37
3630,Sheryl Juarez,dennis53@example.com,France,2023-05-12,Standard,39312.22
3631,Ryan Conner,raychristopher@example.net,India,2022-10-12,Standard,34602.06
3632,Alejandro Gonzales,ruizheather@example.net,Australia,2023-06-05,Standard,30856.7
3633,Dr. Jacob Williams,ubanks@example.org,India,2022-05-10,Standard,46714.63
3634,Dustin Walker,jessica96@example.com,Australia,2023-07-01,Standard,11469.33
3635,Elaine Miller,murphycarlos@example.org,Australia,2024-08-18,Standard,12046.8
3636,April Rhodes,ochoatyler@example.net,USA,2021-10-23,Basic,9673.14
3637,Alexandra Williams,elizabeth97@example.org,UK,2023-06-06,Standard,13998.25
3638,Crystal Fleming,antoniosmith@example.net,France,2020-11-10,Standard,9498.8
3639,Julie Conway,dadams@example.net,France,2023-06-19,Basic,40132.0
3640,Teresa Bowman,vmorris@example.com,France,2023-09-28,Premium,34330.39
3641,Peter Reed,ralvarado@example.net,France,2023-10-26,Standard,10302.78
3642,Matthew Brown,sullivandaniel@example.net,Germany,2021-01-20,Standard,5948.82
3643,Todd Buchanan,christopher33@example.com,Canada,2024-09-07,Standard,12426.65
3644,Dr. Sheena Clarke,xfigueroa@example.net,France,2023-01-15,Standard,16934.87
3645,Brian Lowe,awang@example.net,Australia,2021-08-07,Basic,18812.43
3646,Brandon Flynn MD,marshabigail@example.net,UK,2023-08-14,Basic,46630.95
3647,Angela Nelson,robertsonjason@example.com,Germany,2022-07-08,Standard,12810.81
3648,Nicholas Craig,vscott@example.org,India,2022-10-28,Premium,18890.44
3649,Jessica White,kathy52@example.com,Germany,2023-09-07,Standard,3420.67
3650,Steven Davis,bartlettapril@example.net,Canada,2024-04-22,Standard,24803.27
3651,Danielle Byrd,candace21@example.org,Australia,2021-10-13,Standard,41075.8
3652,Autumn Wade,cardenasshawn@example.net,Germany,2020-12-28,Standard,13358.49
3653,Timothy Patel,dyerdylan@example.com,Australia,2021-04-28,Standard,24529.02
3654,Walter Simpson,alanyork@example.com,India,2022-09-25,Standard,15725.78
3655,Kenneth Kane,jmorse@example.org,India,2023-08-04,Premium,38030.21
3656,Austin Blake,thomas49@example.net,Australia,2022-09-12,Premium,3606.97
3657,James Phillips,selenamullen@example.com,India,2023-08-09,Standard,6458.36
3658,Melanie Hatfield,christopherjordan@example.com,India,2020-11-30,Basic,21220.87
3659,Anthony Nelson,christyprince@example.com,India,2022-03-25,Standard,3088.01
3660,Jessica Calhoun,ilawrence@example.net,India,2022-04-21,Basic,36006.64
3661,Edward Rivera,nicole41@example.org,USA,2021-05-21,Standard,11099.84
3662,Leroy Carney,robertzamora@example.org,France,2023-06-16,Basic,46399.79
3663,Jessica Dominguez,elizabeth19@example.org,UK,2021-04-03,Standard,1245.41
3664,Kelli Johnson,maryskinner@example.net,France,2021-06-06,Basic,8674.93
3665,Larry Henderson,richard15@example.com,Australia,2022-10-09,Standard,27131.39
3666,Michael Haynes,mindybrown@example.com,India,2020-02-21,Premium,28604.89
3667,Louis Stone,tammy16@example.org,France,2020-08-27,Basic,40496.56
3668,Mark Evans,brianhood@example.net,India,2020-11-17,Standard,20379.47
3669,Marie Christensen,ajones@example.net,USA,2023-03-30,Standard,44605.07
3670,Jesus Sawyer,elopez@example.org,Australia,2020-08-25,Standard,258.1
3671,Joshua Smith,angelafreeman@example.org,France,2024-07-12,Standard,43058.67
3672,Francis Macias,cindy85@example.net,Canada,2022-01-02,Standard,11685.82
3673,Jeffrey Erickson,christopher02@example.net,Canada,2024-04-09,Standard,22262.24
3674,Casey Taylor,robinmills@example.net,USA,2021-11-27,Basic,42544.26
3675,Susan Stewart,peter98@example.com,Canada,2020-11-16,Premium,38276.29
3676,Brooke Schwartz,shane05@example.org,USA,2020-03-22,Standard,21888.85
3677,Daniel Craig,udavis@example.org,Australia,2021-01-17,Standard,1133.72
3678,Alan Dillon,smills@example.org,Germany,2023-12-09,Standard,22165.25
3679,Nicole Gardner,ronaldweaver@example.net,USA,2023-11-21,Premium,3960.11
3680,Charles Ford,ujarvis@example.org,Canada,2020-09-30,Standard,8502.24
3681,Susan Cole,mariahkim@example.org,UK,2024-10-12,Standard,17727.95
3682,Christopher Herrera,josephschultz@example.net,USA,2023-07-09,Basic,44932.78
3683,Mr. Jeffery Lee,micheleyork@example.com,UK,2022-07-01,Basic,48036.69
3684,Amanda Scott,matthewkelly@example.net,France,2022-05-07,Standard,32309.32
3685,Calvin Ford,georgecooper@example.com,India,2024-08-11,Basic,1191.78
3686,Michael Kramer,hinestasha@example.com,France,2021-09-16,Standard,1122.66
3687,Jason Munoz,tinaflynn@example.com,Germany,2023-03-31,Standard,21264.48
3688,Brian Woods,wardbrandy@example.net,Germany,2023-12-03,Standard,13529.17
3689,Sean Stevens,vskinner@example.com,Australia,2023-01-16,Standard,7989.1
3690,Vincent Robertson,julie67@example.net,USA,2021-02-20,Standard,25906.77
3691,Christopher Charles,justinguzman@example.com,Germany,2022-09-03,Premium,1911.04
3692,Jessica Smith,pvance@example.net,UK,2023-01-27,Premium,11506.15
3693,Lauren Watkins,susan64@example.org,France,2022-06-10,Premium,30810.95
3694,Justin Morris,millersherry@example.org,Germany,2021-02-15,Standard,26310.17
3695,Laura Johnson,allensierra@example.com,USA,2020-06-15,Premium,7167.54
3696,Briana Walker,roger90@example.com,Germany,2024-06-15,Basic,9382.4
3697,Yvette Johnson,pottsmichael@example.org,UK,2021-01-12,Premium,3432.27
3698,Robert Nguyen,osmith@example.net,Australia,2022-04-01,Standard,28673.19
3699,Randall Jones,sara59@example.com,Canada,2023-04-20,Basic,43353.67
3700,Michael Perkins,michael75@example.net,Canada,2021-09-18,Standard,23565.39
3701,Vanessa Johnson,mario36@example.org,UK,2022-10-25,Premium,957.37
3702,Jessica Evans,nancy41@example.net,Australia,2021-02-13,Standard,3944.67
3703,Christopher Edwards,douglas07@example.net,Canada,2023-11-13,Standard,39178.87
3704,Kathryn Hampton,fosterlawrence@example.org,Germany,2023-01-19,Basic,27716.59
3705,Anna Collier,travis45@example.org,UK,2020-04-19,Premium,26729.5
3706,Richard Ortega,wmccoy@example.net,USA,2024-05-28,Basic,16341.35
3707,Alexander Cross,kevinbrown@example.net,USA,2021-10-23,Standard,40683.96
3708,Carrie Pineda,joannmitchell@example.com,Germany,2020-01-18,Basic,19750.9
3709,Lauren Lutz,phall@example.org,USA,2022-11-17,Standard,42342.2
3710,Robert Davis,wardmaria@example.org,USA,2021-10-07,Standard,18422.82
3711,Lauren Brown,campbelllisa@example.net,Canada,2024-07-25,Standard,22801.71
3712,Robert Rios,markrussell@example.org,France,2022-10-08,Basic,8188.14
3713,Tina Harrington,laurenfigueroa@example.net,France,2024-11-19,Premium,49144.53
3714,Jonathan Richardson,harriscarolyn@example.net,India,2023-02-12,Standard,26491.76
3715,Stephanie Patterson,fmiller@example.org,Germany,2021-06-14,Basic,27560.76
3716,Randy Hernandez,christineandrade@example.net,Canada,2021-01-07,Basic,23384.35
3717,Danny Davis,ann29@example.net,France,2024-10-02,Standard,39340.6
3718,Joshua Rice,laneerica@example.com,France,2024-01-18,Basic,20319.41
3719,Bruce Armstrong,palmerchad@example.org,USA,2020-12-16,Basic,8428.09
3720,Justin Velasquez,clintonhaley@example.org,Australia,2023-10-20,Premium,1917.19
3721,Lori Burns,terri17@example.org,India,2020-01-21,Basic,42113.11
3722,Melissa Winters,montgomerypamela@example.com,India,2021-06-14,Basic,19190.36
3723,Sean Rodriguez,kimberlyjohnson@example.org,UK,2021-05-12,Premium,24412.36
3724,Leslie Jordan,hjones@example.com,Canada,2023-11-06,Standard,38776.1
3725,Ronald Crawford,karen25@example.net,Canada,2024-04-18,Standard,29562.45
3726,Darrell Petersen,davidjohnson@example.org,Canada,2023-04-24,Premium,39708.65
3727,Kathy Jones,stewartpamela@example.com,UK,2024-11-18,Premium,45035.13
3728,Tiffany Malone,nheath@example.org,Australia,2022-02-14,Standard,20022.04
3729,Alison Reed,richard96@example.com,France,2023-06-07,Standard,10314.15
3730,Mike Hatfield,jefferymurray@example.org,India,2022-06-19,Basic,12343.76
3731,Emily Fuentes,carpentermichelle@example.org,USA,2021-05-15,Standard,5154.11
3732,Jason Wright,kennethrichard@example.com,UK,2021-09-08,Standard,45478.66
3733,Katherine Mitchell,cindycurtis@example.org,Australia,2022-05-04,Basic,3998.36
3734,Abigail Lane,,UK,2024-07-25,Basic,27625.18
3735,Brenda Brooks,julia55@example.org,India,2021-01-21,Basic,42374.01
3736,Stephanie Blevins,maynardsamantha@example.net,India,2024-04-22,Standard,15586.05
3737,Cynthia Simpson,amyburns@example.com,Germany,2024-05-22,Premium,5155.01
3738,Cheryl Benton,johnsonheather@example.com,Canada,2021-04-11,Standard,3088.36
3739,Eric Fisher,zachary74@example.org,Germany,2021-12-18,Standard,18626.19
3740,Brandon Johnson II,kcook@example.net,Germany,2022-03-18,Standard,30685.01
3741,Bryan Howard,adam11@example.net,UK,2023-11-18,Standard,18461.58
3742,Bobby Gonzales,mannjennifer@example.net,Canada,2021-11-23,Standard,44188.3
3743,Jason James,parkersamantha@example.org,Canada,2024-05-21,Standard,25747.18
3744,Jose Jackson,pattonmatthew@example.net,France,2023-02-25,Standard,37471.97
3745,Gregory Scott,pmason@example.com,Germany,2022-07-13,Basic,7751.17
3746,Samuel Maxwell,vincentdavis@example.com,Canada,2024-01-13,Standard,35742.13
3747,Shawn Rhodes,juan59@example.com,Canada,2023-05-16,Standard,7283.18
3748,Alyssa Hall,yorkchristopher@example.com,Canada,2023-03-21,Premium,30882.03
3749,Jonathan Hernandez,tanyabennett@example.net,USA,2022-05-11,Standard,2296.27
3750,Calvin Garcia,zmanning@example.org,India,2021-12-14,Premium,20976.96
3751,Kimberly Barrett,dunlapmark@example.net,USA,2023-02-26,Basic,44170.01
3752,Richard Lee,normancassandra@example.org,UK,2022-01-12,Standard,49522.27
3753,Heather Stephens,lopezlinda@example.com,USA,2024-04-12,Basic,8253.23
3754,Theresa Allen,anna37@example.com,India,2020-03-02,Basic,39371.91
3755,Carrie Tucker,jennifer95@example.net,USA,2020-08-14,Basic,8363.64
3756,Linda Kelly,chloe66@example.net,France,2021-08-24,Premium,33503.92
3757,Bradley Harmon,skirby@example.com,Canada,2024-03-22,Standard,36423.3
3758,Grant Mason,rodrigueztammy@example.net,UK,2024-06-11,Standard,47830.54
3759,Michelle Jones,tharris@example.com,France,2022-11-25,Standard,45076.16
3760,Melissa Flores,jimcraig@example.com,Canada,2023-07-23,Standard,16394.0
3761,Samantha Henderson,rhiggins@example.net,USA,2024-04-05,Standard,35856.55
3762,Jeremy Marshall,martinezjennifer@example.com,Germany,2023-03-07,Standard,29733.13
3763,Jared Jones,blakenelson@example.net,Australia,2021-07-04,Standard,1209.04
3764,Michael Castaneda,colleenvance@example.org,Germany,2021-07-26,Standard,25490.87
3765,Chase Davies,daniellewebb@example.net,Germany,2022-09-03,Basic,20294.98
3766,Ian Sullivan,jberry@example.org,Australia,2023-04-19,Standard,43169.98
3767,Charles Mcclure,dhill@example.net,India,2022-05-12,Premium,11258.9
3768,Gloria Castro,houstonmichelle@example.com,Canada,2024-10-18,Basic,12512.03
3769,Kelly Wheeler,randolphsharon@example.com,Australia,2023-08-21,Basic,34899.35
3770,William Wilson,sarah44@example.com,Germany,2023-07-25,Standard,20052.55
3771,Brian Aguilar,bruceray@example.com,Germany,2024-01-01,Standard,12200.46
3772,Randall Marks,ulewis@example.net,France,2022-07-31,Basic,33177.83
3773,Marisa Rogers,johncooke@example.net,Canada,2022-05-31,Basic,2939.46
3774,Michael Mata,dellis@example.com,UK,2022-10-20,Standard,20769.72
3775,Mackenzie Peterson,matthewdavis@example.org,Australia,2023-10-03,Standard,18581.97
3776,Kristen Johnson,karisullivan@example.net,UK,2024-11-09,Standard,49890.15
3777,Jason Sullivan,hernandezrussell@example.net,Australia,2024-03-20,Standard,10780.03
3778,Cindy Duncan,stephen64@example.com,Germany,2023-10-16,Standard,12237.47
3779,Brandi Rodriguez,calderonjacob@example.net,Canada,2022-05-12,Standard,29939.31
3780,Nicole Cameron,griffinlisa@example.com,France,2022-08-07,Basic,5122.93
3781,Mark Walton,tellison@example.com,India,2023-10-04,Basic,7587.31
3782,Courtney Johnson,duncanpamela@example.net,UK,2021-03-04,Basic,46725.28
3783,Linda Chambers,tvasquez@example.net,Canada,2022-03-14,Standard,7679.2
3784,Michael Gilbert,brian74@example.net,India,2024-04-25,Standard,1730.96
3785,Jennifer Alexander,xruiz@example.net,UK,2021-05-19,Basic,33969.11
3786,Katrina Shaw,rcuevas@example.com,Australia,2022-05-20,Standard,33336.31
3787,Scott Drake,kyleduran@example.org,India,2020-04-21,Premium,15557.39
3788,Christopher Carr,brianmartinez@example.net,India,2021-12-11,Basic,4209.05
3789,Dawn Jackson,stephanie33@example.org,India,2023-01-22,Premium,46135.3
3790,Amanda Kaiser,kimberly06@example.org,Canada,2021-09-03,Basic,41227.13
3791,Grant Holland,steven75@example.org,Germany,2020-08-16,Standard,14642.28
3792,Christina Wolf,brownlauren@example.org,Canada,2021-12-30,Premium,30675.57
3793,Jennifer Galvan,derekhamilton@example.org,India,2024-12-18,Standard,42634.53
3794,Joseph Kelly,xmoore@example.net,USA,2021-02-25,Basic,25793.08
3795,Richard Bond,tylerthompson@example.com,Germany,2023-10-03,Standard,14256.48
3796,Andrew Patrick,usummers@example.net,UK,2023-07-28,Standard,8224.05
3797,Joshua Silva,dianaking@example.org,Germany,2021-01-08,Standard,47590.06
3798,Derek Lee,feliciachen@example.net,UK,2024-06-08,Standard,40750.44
3799,Kim Richardson,andersondebbie@example.net,UK,2023-02-16,Basic,39733.45
3800,John Gonzales,karen17@example.com,Canada,2022-11-09,Standard,10606.31
3801,Alan Rowland,tphillips@example.com,Germany,2021-07-14,Basic,1936.2
3802,Melissa Davis,iwade@example.org,India,2022-04-26,Basic,7469.23
3803,Jessica Johnson,jennifersoto@example.com,Australia,2020-12-27,Premium,36166.21
3804,Tracy Patterson,christina42@example.net,USA,2024-12-16,Standard,16065.52
3805,Robert Johnson,maustin@example.com,USA,2024-07-26,Standard,20553.04
3806,Kelly Robinson,christopherwatson@example.org,Australia,2020-10-28,Standard,33614.87
3807,Jacqueline Perkins,zmaynard@example.com,Canada,2023-11-24,Standard,35484.63
3808,Monica Anderson,fosterryan@example.net,Australia,2023-03-31,Standard,18274.05
3809,Michael Johnson,twalker@example.com,UK,2022-02-01,Standard,2540.72
3810,Edward Carroll,jwright@example.net,Canada,2021-10-16,Basic,19539.0
3811,Stephanie Smith,jacob27@example.com,Canada,2020-11-04,Standard,48330.97
3812,Harold Malone,rebeccaalexander@example.org,Canada,2022-11-11,Basic,22535.65
3813,Mrs. Lindsey Gilbert,adrian89@example.com,Canada,2021-08-08,Basic,35398.49
3814,Jennifer Graham,james70@example.net,France,2022-06-14,Basic,37600.55
3815,Chase Phelps,batesjill@example.com,Australia,2024-09-12,Premium,43471.79
3816,James Vega,michaelmyers@example.com,USA,2021-01-09,Standard,4751.5
3817,Charlene Valentine,justinwagner@example.com,Australia,2022-10-27,Standard,2197.07
3818,Ana Contreras,roblesbetty@example.org,India,2023-01-06,Standard,24818.35
3819,Joseph Foster,adkinsjared@example.net,USA,2020-10-08,Standard,9107.59
3820,Thomas West,elizabethpalmer@example.net,India,2021-10-24,Premium,18100.3
3821,Anna Frey,buchananchristina@example.org,UK,2022-12-30,Standard,16925.27
3822,Thomas Carter DVM,danielle81@example.org,India,2021-06-05,Basic,48466.78
3823,Robin Baldwin,kgraham@example.com,USA,2021-04-10,Premium,34049.75
3824,Daniel Horne II,dtate@example.net,Australia,2023-11-08,Basic,13744.96
3825,Michelle Anderson,hopkinspaul@example.com,UK,2024-08-03,Standard,29565.34
3826,Corey Daniels,jody71@example.net,Australia,2022-08-23,Premium,38508.62
3827,Kathryn Davila,john45@example.org,Canada,2023-01-11,Premium,48210.71
3828,Francis Lewis,fosterjulie@example.org,France,2020-09-30,Standard,49839.83
3829,Scott Newman,zramirez@example.net,Germany,2024-10-04,Standard,993.95
3830,Timothy Evans,michaelrice@example.net,France,2021-08-25,Basic,3233.64
3831,Chelsea Garcia MD,carsonwilliam@example.org,Canada,2020-01-10,Standard,23230.8
3832,Christine Parrish,yhowell@example.com,Australia,2020-01-02,Standard,46162.17
3833,Robert Lewis,rgreen@example.com,Canada,2022-02-24,Standard,13308.56
3834,Barbara Harmon,simmonsjacob@example.org,Australia,2024-01-23,Basic,40855.14
3835,Paul Acosta,whale@example.net,France,2023-12-11,Standard,19801.15
3836,Michelle Miles,williamsmaria@example.org,India,2021-07-27,Standard,11167.87
3837,Cindy Watson,qespinoza@example.com,Canada,2020-01-03,Standard,212.3
3838,Kelli Stewart,mirandaanthony@example.net,India,2021-09-10,Premium,40183.86
3839,Cheryl Stone,freynicole@example.org,Germany,2020-12-02,Basic,47001.85
3840,Hector Owens,pruittangelica@example.com,India,2023-09-27,Basic,36664.23
3841,Ann Phillips,lopezrichard@example.net,Canada,2021-11-13,Basic,38468.15
3842,Gabriella Johnston,martharay@example.net,France,2022-03-10,Standard,29050.79
3843,Rebecca Vasquez,asmith@example.net,Germany,2021-07-22,Standard,39005.77
3844,Linda Harris,karengould@example.net,Canada,2024-07-14,Basic,19512.42
3845,Sarah Hays,henryrhonda@example.org,Canada,2022-12-31,Premium,32839.52
3846,Victor Robinson,charleslee@example.net,India,2021-10-06,Standard,16505.86
3847,Amanda Savage,blake03@example.com,USA,2024-05-12,Standard,5063.05
3848,Timothy Crawford,paul74@example.net,Australia,2020-01-13,Basic,8534.23
3849,Barry Hull,rebeccamccormick@example.net,UK,2020-08-27,Standard,8176.89
3850,David Brown,xvargas@example.org,UK,2022-02-22,Basic,18135.34
3851,Brandon Rodriguez MD,deckerbryan@example.org,Canada,2024-06-29,Standard,49894.47
3852,Bonnie Barnett,nancymendez@example.net,France,2024-08-18,Standard,3903.67
3853,Christopher Howard,icarpenter@example.org,USA,2022-02-22,Premium,46861.43
3854,Brian Mitchell,carol88@example.net,Australia,2023-01-10,Premium,38539.94
3855,Ashley Smith,kschultz@example.com,Canada,2024-04-19,Standard,9030.63
3856,Dwayne Johnson,christopherthomas@example.org,Canada,2024-03-18,Standard,25073.11
3857,Abigail Martinez,kimberly80@example.com,Canada,2021-04-10,Standard,25587.9
3858,Jennifer Williams,holtvictor@example.org,Germany,2021-04-13,Standard,39296.3
3859,Kristen Young,qelliott@example.com,UK,2022-10-30,Premium,8902.29
3860,Robert Smith,maria80@example.com,Canada,2024-02-20,Standard,12588.77
3861,Joyce Peterson,owheeler@example.net,India,2023-02-02,Basic,40238.33
3862,Sandra Duncan,freemandonald@example.com,Canada,2020-05-22,Premium,3265.31
3863,Luke Smith,shawn76@example.org,USA,2021-07-31,Premium,40779.38
3864,Philip Ferguson,ysullivan@example.net,Germany,2020-06-05,Standard,46243.22
3865,Haley Williams,shurley@example.com,France,2020-09-10,Premium,42689.96
3866,Mrs. Julie Carter,uwu@example.net,Canada,2024-07-13,Standard,40383.02
3867,Richard Parks,chelseagriffin@example.com,Canada,2020-06-03,Standard,8459.4
3868,Jasmine Mack,xgraham@example.org,France,2021-07-17,Standard,29359.09
3869,Debra Pugh,cwebb@example.org,France,2021-12-23,Basic,37258.1
3870,Ryan Reese,bradley15@example.com,Canada,2024-10-04,Basic,39060.2
3871,Mitchell Hernandez,joshuawoodward@example.com,Germany,2020-10-03,Standard,16178.48
3872,Jeanette Johnson,julie89@example.com,UK,2022-12-31,Basic,1915.34
3873,Jodi Rodriguez,morganedward@example.net,USA,2021-10-19,Standard,954.35
3874,Crystal Gonzalez,lopezdavid@example.com,France,2021-11-09,Standard,17002.41
3875,Gary Yu,keithhernandez@example.org,Canada,2020-08-19,Premium,15826.99
3876,Becky Munoz,sandralane@example.com,Germany,2024-06-11,Premium,4889.27
3877,Brian Olsen,campbellanthony@example.net,Germany,2024-08-18,Basic,29684.99
3878,Mr. Michael Mcbride,erinreid@example.com,Germany,2022-12-16,Standard,27625.07
3879,Melissa Torres,colinwilson@example.net,Canada,2020-09-25,Premium,40560.38
3880,Johnathan Bentley,shawdenise@example.org,Canada,2024-01-08,Standard,12377.27
3881,Brittany Collins,dcooper@example.net,Germany,2023-11-11,Standard,2043.05
3882,Jessica Robinson,michael77@example.com,India,2023-11-18,Basic,33274.7
3883,Sharon Butler,wayne82@example.org,Australia,2023-09-29,Standard,40803.1
3884,Samantha Hernandez MD,davidmorris@example.com,Australia,2020-08-01,Standard,42501.88
3885,Tracy Frazier,angelarivera@example.org,Australia,2021-04-04,Basic,18252.88
3886,Julian Rose,qmoore@example.com,Germany,2021-12-25,Basic,20402.86
3887,Thomas Erickson,amberbooker@example.com,India,2021-08-09,Standard,9320.33
3888,Kathryn Miller,briankennedy@example.org,India,2020-05-11,Premium,26295.22
3889,Cindy Pruitt,cassandra15@example.net,France,2020-09-05,Premium,5757.37
3890,Matthew Johnson,jennifer14@example.com,Australia,2021-02-05,Basic,15983.76
3891,Barbara Trujillo,ramirezjustin@example.org,India,2022-12-14,Standard,29153.19
3892,Janet Torres,ncollins@example.org,India,2020-05-06,Premium,15643.28
3893,Sarah Davis,suttonmichael@example.org,Canada,2024-02-03,Basic,45657.36
3894,Rachel Cantu,cindywilkinson@example.com,India,2020-02-22,Basic,46766.94
3895,Angel Harris,jeremy49@example.net,Australia,2022-06-25,Standard,45325.34
3896,Kimberly Kelly,usims@example.net,France,2022-08-13,Premium,20242.12
3897,Timothy Hunt,gouldwendy@example.org,Australia,2020-07-30,Standard,43910.42
3898,Brittany Lawson,stephenlevine@example.org,India,2022-07-29,Standard,37080.61
3899,Dylan Dillon DVM,jasonmartin@example.org,India,2021-02-22,Premium,47240.33
3900,Deborah Williams,csmith@example.org,India,2023-06-06,Basic,2221.99
3901,Dr. Sherry Humphrey,laurenpeters@example.com,Canada,2022-04-19,Standard,5433.86
3902,Kathleen Smith,walkerpaul@example.com,USA,2022-01-04,Basic,44761.72
3903,Walter Gray,fernandoriddle@example.org,USA,2020-08-07,Standard,9337.95
3904,Rachel Newman,davidcalderon@example.org,Australia,2024-04-17,Basic,5283.3
3905,Sharon Medina,qpeters@example.com,Canada,2020-09-01,Standard,36464.56
3906,Richard George,melissaescobar@example.net,India,2023-11-23,Basic,41126.56
3907,Yvette Jordan,eileenjohnson@example.com,France,2022-01-02,Standard,20454.73
3908,Amanda Nelson,vanessa12@example.org,France,2021-04-05,Basic,28876.87
3909,Christine Peterson,beth81@example.org,Canada,2024-10-30,Basic,24683.38
3910,Vicki Yates,corey42@example.org,USA,2020-02-23,Standard,30701.57
3911,David Grant,wellsjasmine@example.com,UK,2022-10-17,Basic,14706.04
3912,Courtney Bennett,millerrobert@example.com,India,2022-11-23,Basic,20636.0
3913,Nancy Wilkins,ashley42@example.org,France,2023-02-10,Standard,30857.6
3914,Dr. Thomas Clark PhD,reneelong@example.net,Australia,2022-06-25,Basic,12824.46
3915,Joel Stone MD,ashley58@example.com,France,2020-05-11,Premium,5819.07
3916,Elizabeth Washington,richardsjeffrey@example.net,France,2020-02-12,Basic,34595.87
3917,Kimberly Evans,ibuchanan@example.org,France,2021-01-01,Basic,29052.19
3918,Meghan Burns,bwilson@example.org,Australia,2020-06-20,Standard,35582.3
3919,Leonard Cook,parkerisaac@example.org,USA,2022-01-23,Standard,2423.55
3920,Luke Chang,victoria90@example.org,India,2020-01-05,Standard,48264.47
3921,Tiffany Davis,qwaters@example.com,USA,2023-07-09,Premium,240.6
3922,Ryan Pollard,cooperrebecca@example.org,USA,2022-08-26,Premium,34841.58
3923,Jane Austin,omurray@example.com,UK,2022-04-05,Standard,22409.02
3924,Lauren Foster,owenkathleen@example.com,USA,2020-11-26,Standard,6249.88
3925,Michael Brown,cbradley@example.org,UK,2024-06-23,Basic,18998.36
3926,Lisa Harrison,michael79@example.org,Germany,2020-10-13,Standard,33189.67
3927,Julie Wilson,kyle91@example.com,Australia,2023-05-19,Premium,19521.63
3928,Robert Cross,lsmith@example.com,USA,2022-07-16,Standard,47343.58
3929,Juan Herrera,cwebster@example.net,USA,2021-09-18,Standard,13767.48
3930,Christina Reed,edowns@example.net,India,2021-06-19,Premium,23232.77
3931,Michael Lee,fhill@example.org,India,2020-11-03,Basic,3073.66
3932,John Franco,wdyer@example.com,Germany,2022-12-21,Standard,20728.88
3933,Rebecca Moss,yrios@example.com,Australia,2023-02-04,Premium,14038.47
3934,Mackenzie Compton,baileymeagan@example.net,UK,2021-03-11,Premium,39306.19
3935,Susan Boyer,lovedavid@example.org,Germany,2023-11-15,Standard,17457.36
3936,Jon Burke,hansenjoshua@example.net,France,2022-08-15,Standard,34452.7
3937,Shawn May,marvin03@example.com,USA,2024-01-09,Standard,19590.69
3938,Julian Mcmahon,xwarren@example.org,USA,2022-08-29,Standard,45249.85
3939,Joseph Buckley,jacoblawson@example.org,India,2022-01-13,Standard,24346.54
3940,William Warren,lisa07@example.org,USA,2022-04-17,Basic,25533.92
3941,Robert Hill,aaron63@example.org,Australia,2024-01-20,Premium,36090.01
3942,Sara Edwards,phamnatasha@example.com,Germany,2021-10-21,Standard,13663.42
3943,Joseph Welch,sharris@example.com,France,2022-05-03,Basic,37345.51
3944,Deborah Lucero,vshields@example.org,India,2021-03-28,Standard,44251.95
3945,Tiffany Berger,lynnhudson@example.com,USA,2021-04-27,Standard,40504.54
3946,Charles Brown,lisa10@example.org,Canada,2020-02-08,Standard,27842.32
3947,Jessica Webb,flemingcaitlyn@example.org,France,2021-12-16,Basic,26542.97
3948,Deborah Ibarra,eknight@example.org,USA,2022-08-04,Standard,26463.56
3949,Sharon Johnson MD,jason57@example.net,USA,2021-11-08,Premium,38447.81
3950,Kara Lawrence,andrew52@example.com,Canada,2020-02-27,Standard,17130.68
3951,Alyssa Powell,wcook@example.com,Germany,2020-04-20,Premium,36657.68
3952,Ryan Lyons,pughcarol@example.org,Canada,2024-05-31,Standard,34831.74
3953,Brandon Robinson,andersontravis@example.com,USA,2021-10-26,Premium,20157.49
3954,Kelly Evans,gravestammy@example.org,Canada,2022-06-28,Standard,28244.7
3955,Jill Cook,burnscarl@example.org,India,2023-02-20,Standard,9893.81
3956,Sarah Cox,cardenasjoseph@example.com,USA,2020-03-06,Premium,16873.78
3957,Daniel Medina,scott48@example.org,Germany,2024-01-10,Standard,16738.12
3958,Joseph Mack,vlewis@example.net,USA,2021-06-03,Basic,919.93
3959,Shawna Rich,timothypalmer@example.net,India,2020-01-19,Standard,6936.09
3960,Jesse Booth,latoyahartman@example.com,UK,2021-03-24,Premium,23407.44
3961,Jessica Manning,julie84@example.com,Germany,2024-12-19,Basic,5220.5
3962,Krista Hopkins,wendy93@example.org,Australia,2020-12-31,Standard,35949.71
3963,Mario Murray,ryan52@example.com,USA,2023-02-04,Standard,18606.76
3964,Becky Ward,marthabanks@example.org,India,2023-01-13,Premium,29416.23
3965,Lisa James,andrewburke@example.org,India,2024-07-20,Standard,29472.45
3966,Vincent Gomez,goodanthony@example.net,Germany,2023-03-19,Standard,17106.63
3967,Harry Trujillo,brockfelicia@example.org,USA,2024-08-14,Premium,40290.25
3968,Charles Villegas,jason85@example.org,Canada,2020-02-10,Standard,31492.44
3969,Blake Meza,hollychang@example.net,Canada,2024-04-08,Premium,34480.94
3970,Beth Kerr,allison10@example.net,Germany,2021-03-09,Standard,34823.86
3971,Susan Reed,jeanne38@example.com,India,2022-03-20,Basic,40871.56
3972,Lindsay Dyer,josephmoran@example.net,USA,2023-05-26,Standard,16604.13
3973,Ronald Brooks,nicholstodd@example.net,India,2020-12-08,Standard,46248.07
3974,Brenda Frederick,brendaparrish@example.org,USA,2022-07-10,Standard,17513.04
3975,Jack Lucas,yschroeder@example.net,UK,2023-04-22,Standard,34827.36
3976,Taylor Vargas,brianpalmer@example.net,India,2022-02-11,Premium,31397.6
3977,Sandra Murphy,jose87@example.com,India,2020-07-07,Standard,8686.2
3978,Alexis Erickson,william49@example.net,USA,2020-07-29,Basic,36648.77
3979,Erika Johnson,destinyroberts@example.net,USA,2021-06-14,Standard,6718.15
3980,Gary Wallace,xlarson@example.com,Germany,2023-12-02,Standard,11358.7
3981,Rebecca Villa,michelle88@example.org,India,2024-04-17,Premium,45620.84
3982,Michelle Beck,vgonzales@example.com,USA,2022-03-27,Standard,44020.3
3983,Lori Peck,nathan25@example.com,UK,2024-05-24,Standard,7781.08
3984,Daniel West,jill37@example.net,India,2022-05-08,Basic,23739.13
3985,Johnny Page,patricia94@example.net,India,2024-02-28,Standard,26698.18
3986,Nancy Murray,sandra16@example.com,France,2020-08-30,Basic,5515.37
3987,Glenda Fisher,vwilson@example.com,Canada,2022-12-06,Standard,7771.61
3988,Allen Jackson,qjordan@example.net,India,2023-09-02,Standard,40648.72
3989,Eric Casey,travisfrazier@example.com,USA,2021-10-20,Standard,27794.37
3990,Teresa Montoya,steelejames@example.org,France,2022-06-25,Basic,46609.41
3991,Sabrina Brown,susan58@example.org,Australia,2023-12-14,Basic,49221.94
3992,Marcus Rogers,sandra21@example.com,Australia,2024-12-16,Premium,49861.16
3993,Mary Harris,wlyons@example.com,Germany,2022-01-27,Standard,47685.54
3994,Robert Salazar,turnerlinda@example.net,UK,2020-06-16,Standard,39756.36
3995,Olivia Williams,christopherdavis@example.com,USA,2023-05-27,Standard,10785.94
3996,Pamela Davis,oaguilar@example.com,Canada,2022-10-12,Basic,1099.38
3997,Paula Jensen,monicabarnett@example.com,UK,2020-03-06,Standard,26818.84
3998,Tracey Holmes,debbie01@example.org,Australia,2021-11-03,Basic,5855.84
3999,Kristen Harper,rodriguezmaureen@example.org,France,2020-03-20,Basic,11563.92
4000,Anthony Carr,ginagross@example.net,France,2021-01-31,Basic,5746.93
4001,Dana Matthews,reneewade@example.org,Germany,2022-09-19,Basic,29075.05
4002,Kelly Acevedo,hansenchristina@example.net,Canada,2021-06-26,Premium,25945.93
4003,Joanna Garcia,bmejia@example.com,Germany,2021-03-29,Standard,6408.71
4004,Shirley Brock,stephenskerry@example.net,Australia,2020-06-18,Standard,30384.38
4005,Patrick Sullivan,timothy26@example.com,Australia,2021-05-16,Standard,27658.64
4006,Joel Hansen,kathleengreene@example.com,UK,2022-01-12,Standard,13056.95
4007,Richard Murphy,vegaandrea@example.com,UK,2024-02-15,Premium,8997.67
4008,Leon Jackson,qfox@example.org,UK,2021-07-12,Basic,10344.49
4009,Janet Bishop,john55@example.com,Canada,2022-01-06,Standard,31848.84
4010,Christina Ramirez,courtneysparks@example.net,Germany,2023-10-17,Standard,3664.62
4011,Teresa Trujillo,kathy96@example.com,Canada,2022-02-02,Standard,36913.28
4012,Kelly Benjamin MD,maryray@example.org,UK,2021-03-19,Premium,13887.93
4013,Lorraine Ibarra,josephcastro@example.org,Canada,2020-12-05,Premium,38297.42
4014,John Hall,brian61@example.org,Canada,2022-07-28,Basic,34575.09
4015,Eric Ware MD,tyler30@example.com,Australia,2023-12-08,Basic,4273.33
4016,James Mcbride,emma76@example.net,USA,2024-02-05,Basic,31888.26
4017,Veronica Petersen,jshaw@example.net,India,2020-01-04,Standard,24090.92
4018,Gail Atkinson,sabrinawalsh@example.com,Canada,2023-04-04,Standard,44725.29
4019,David Guzman,,France,2022-05-02,Premium,31579.22
4020,Brian Hayden,james44@example.org,Australia,2020-03-18,Premium,7573.79
4021,Brandon Cohen,dramos@example.net,UK,2020-07-01,Standard,5846.36
4022,Anthony Nguyen,armstrongallison@example.net,Australia,2024-09-19,Standard,37651.21
4023,Gerald Brooks,youngleslie@example.net,USA,2021-08-06,Premium,40657.02
4024,Lori Zhang,marissamckinney@example.net,France,2024-05-04,Standard,23891.24
4025,Jay Mckinney,jacobburns@example.net,Germany,2023-06-17,Basic,3922.53
4026,Douglas Clark,smithbilly@example.net,USA,2024-01-01,Basic,25120.63
4027,Angela Colon,johnsonedward@example.net,Canada,2020-05-28,Standard,23496.83
4028,Jimmy Roberson,betty65@example.net,Germany,2022-12-29,Standard,2302.91
4029,Casey Smith,michaeloliver@example.org,India,2024-10-14,Standard,44301.06
4030,Cindy Berger,bradleydunlap@example.org,UK,2023-02-19,Standard,4525.56
4031,Steven Ball,walkerronnie@example.org,Canada,2022-12-23,Standard,7582.93
4032,Steve Taylor,dpierce@example.com,UK,2021-09-11,Premium,20707.32
4033,Samantha Rodriguez,jallen@example.org,Canada,2021-06-01,Standard,49534.31
4034,Cameron Campbell,whiteronald@example.com,UK,2021-12-28,Premium,15575.31
4035,Daniel Morales,vfaulkner@example.net,USA,2020-02-10,Standard,36507.02
4036,Danielle Nguyen,edward72@example.org,Germany,2023-05-16,Premium,23541.48
4037,Steven Burgess,shawnedwards@example.org,UK,2020-01-15,Standard,30144.92
4038,Stephanie Bruce,cpierce@example.com,France,2022-11-23,Standard,17818.35
4039,Tyler Barton,christophermills@example.com,Australia,2022-04-08,Basic,38952.83
4040,Christina White,michaelflynn@example.net,Australia,2024-01-07,Basic,26338.51
4041,Tamara Smith,joseph49@example.net,India,2021-08-06,Premium,40119.49
4042,Seth Rivera,kempbonnie@example.org,Australia,2020-09-22,Basic,12715.47
4043,Joseph Johnson,gregory46@example.net,Germany,2022-08-22,Basic,45770.22
4044,Timothy Rivera,berrydouglas@example.org,Canada,2021-07-10,Standard,36690.92
4045,Marissa Brown,amy05@example.org,Australia,2020-04-01,Standard,27419.14
4046,Duane Hampton,jeffreybutler@example.org,Germany,2020-01-12,Basic,12525.87
4047,Dr. Michael Lee,smithlori@example.com,USA,2020-08-06,Basic,9465.43
4048,Deborah Hayes,pjohnson@example.org,France,2020-06-24,Standard,12187.14
4049,Ronald Francis,lbrown@example.com,France,2023-07-09,Premium,20064.12
4050,Carolyn Roach,michelleknapp@example.net,France,2024-02-05,Basic,26134.0
4051,Anna May,oscar17@example.com,France,2023-01-09,Standard,15444.08
4052,Henry Davis,tammyschroeder@example.org,UK,2020-02-25,Premium,43984.36
4053,Veronica Jennings,patricia91@example.com,Canada,2023-01-12,Premium,36140.25
4054,Danielle Santos,ychapman@example.com,Canada,2023-03-21,Standard,5294.24
4055,Lance Velasquez,bradley54@example.com,Australia,2024-02-20,Standard,23152.07
4056,Felicia Harris,stuart76@example.com,India,2020-01-13,Standard,47278.1
4057,Christopher Smith,ronald27@example.org,France,2022-11-26,Premium,47312.47
4058,Jennifer Wolf,efrench@example.org,UK,2022-10-21,Standard,43686.0
4059,Sharon Stevenson,fritzolivia@example.org,USA,2022-03-07,Basic,36084.09
4060,Matthew Lawrence,olsencarlos@example.com,UK,2020-03-30,Standard,9429.07
4061,Wendy Porter,hestrada@example.org,USA,2021-09-21,Basic,36489.39
4062,Mary Vaughn,fmarshall@example.com,France,2023-12-04,Standard,15455.7
4063,Michael Marshall,ghunter@example.org,Canada,2022-10-25,Basic,25697.71
4064,Matthew Moss,btorres@example.com,Australia,2022-03-31,Standard,45822.1
4065,Tonya Cox,mooneylisa@example.org,India,2020-03-08,Standard,5537.36
4066,Stephanie Wilson,michealallen@example.net,USA,2024-03-02,Standard,25985.47
4067,Mary Robles,michaelwilliams@example.com,Canada,2020-07-12,Standard,36302.18
4068,Derek Cochran,mfowler@example.com,India,2022-09-15,Standard,34889.81
4069,Monica Burns,cbaker@example.com,France,2022-06-30,Standard,14555.84
4070,Jacqueline Mercer,diamond43@example.net,France,2021-03-05,Basic,14639.67
4071,Kenneth Harrison,thompsonduane@example.org,USA,2024-03-18,Standard,48489.62
4072,Amy James,ronald91@example.org,Canada,2021-11-27,Premium,26358.01
4073,Kenneth Carroll DVM,jasonallen@example.org,France,2021-01-23,Basic,6196.8
4074,Phillip Mendoza,benjamindavidson@example.net,Canada,2020-08-30,Basic,40316.8
4075,Misty Woods,joecameron@example.org,India,2022-02-12,Basic,22791.72
4076,Chad Lowe,gking@example.org,Germany,2020-07-26,Basic,6276.56
4077,Jennifer Bond,kellyrichardson@example.com,India,2021-02-25,Basic,12130.71
4078,Rebecca Taylor,christophernewman@example.net,India,2022-02-26,Standard,24679.79
4079,Aimee Sanchez,gina75@example.net,India,2023-03-29,Standard,49972.23
4080,Vincent Schwartz,xhardy@example.net,India,2020-05-24,Standard,1834.4
4081,Benjamin Martinez,jason53@example.com,India,2021-03-28,Premium,37527.12
4082,Angela Vaughn,lbell@example.org,Canada,2024-07-01,Standard,48088.88
4083,Anthony Nelson,quinnjacob@example.net,Australia,2023-07-05,Premium,48040.92
4084,Mason Braun,nicolescott@example.org,Australia,2022-11-18,Basic,36042.27
4085,James Serrano,zbray@example.net,Germany,2022-09-07,Premium,45584.39
4086,James Blake,kimriley@example.com,USA,2021-04-30,Premium,40553.29
4087,Richard Jones,dustin79@example.com,France,2021-04-20,Standard,20809.63
4088,Donald Richards,mccallaaron@example.net,Germany,2023-12-31,Basic,26241.1
4089,Sherry Mendez,lewiseric@example.net,India,2022-12-06,Standard,16759.21
4090,Wesley Morris,laura11@example.org,France,2021-08-16,Standard,36490.13
4091,Dr. Elijah Wood Jr.,harrellmary@example.com,Canada,2024-03-16,Standard,48022.39
4092,Candice Lopez,regina46@example.org,Australia,2020-01-06,Basic,44125.84
4093,Caleb Hall,laura92@example.org,France,2023-04-26,Standard,30526.16
4094,April Copeland,potterjohn@example.com,UK,2021-02-22,Basic,3904.97
4095,Thomas Hull,marissa47@example.net,France,2020-03-31,Basic,43555.0
4096,Jennifer Flynn,sarafox@example.org,France,2020-04-03,Standard,5531.92
4097,Patricia Rodriguez,matthewjones@example.net,UK,2023-10-24,Standard,26541.44
4098,Christopher Gaines,kellyrodriguez@example.com,UK,2021-12-30,Premium,7050.75
4099,Andrew Lawson,fking@example.net,Australia,2023-08-29,Premium,40765.83
4100,Debra Lee,ryanward@example.org,USA,2020-09-13,Standard,30138.03
4101,Todd Mcbride,murphyryan@example.com,USA,2022-10-04,Standard,13823.48
4102,Lonnie Estrada,kdunn@example.org,UK,2023-07-09,Premium,12831.85
4103,Robert Watkins,christopherrichards@example.org,India,2023-03-20,Basic,36563.29
4104,Douglas Hudson,william41@example.com,India,2020-01-13,Standard,47039.32
4105,Robert Ali,lvalenzuela@example.org,India,2022-11-25,Standard,1160.59
4106,Christopher Morris,bullockmaria@example.net,Canada,2020-02-25,Standard,46786.06
4107,Steve Hernandez,jacqueline69@example.net,Germany,2022-07-26,Basic,37213.48
4108,Jennifer Weber,vazquezdylan@example.org,Germany,2024-09-11,Premium,37342.51
4109,Danielle Cruz,stacy16@example.com,UK,2024-10-12,Basic,46948.38
4110,Laura Ferrell,james21@example.net,Australia,2023-04-10,Basic,2863.83
4111,Annette Brown,nicole31@example.com,Australia,2022-01-05,Standard,19951.73
4112,Patricia Eaton,keithdaniels@example.net,France,2024-11-11,Basic,38160.54
4113,Brittany Barber,ralph67@example.org,UK,2023-02-23,Standard,3726.7
4114,Mrs. Whitney Edwards DVM,erik86@example.com,Australia,2023-12-31,Standard,47644.06
4115,Kara Johnson,christinedennis@example.net,Canada,2024-12-17,Standard,17092.62
4116,Mary Potter,bbowman@example.net,India,2021-12-22,Standard,27559.54
4117,Anthony Ryan,itucker@example.org,Germany,2020-03-13,Premium,31356.28
4118,Cassandra Carter,smithmarissa@example.net,Germany,2020-03-06,Basic,32243.13
4119,Sarah Smith,jlevy@example.com,India,2023-12-28,Standard,26272.16
4120,Brenda Hill,ereed@example.com,USA,2023-09-22,Basic,2113.06
4121,Kim Lambert,toddanthony@example.net,USA,2024-10-07,Basic,347.45
4122,Cynthia Pierce,jeffreysandoval@example.net,Germany,2020-11-05,Standard,9784.05
4123,Laura Velez,tarasims@example.com,UK,2022-09-29,Standard,33388.63
4124,Alex Wilkerson,hilldebra@example.org,Germany,2021-10-05,Basic,6911.11
4125,Patricia Hall,beth11@example.net,India,2022-02-17,Standard,18777.7
4126,Chelsea Miller,lucasedwards@example.com,Canada,2023-08-07,Premium,33384.58
4127,Robert Lucero,simpsonnicholas@example.net,Germany,2022-10-16,Standard,30323.53
4128,Stephanie Knight,wgonzalez@example.com,India,2021-11-21,Standard,28266.64
4129,Tyler Martinez,youngsarah@example.com,France,2024-07-23,Basic,14359.64
4130,Levi Morrow,jodi42@example.org,USA,2024-07-01,Premium,49768.64
4131,Gabrielle Gonzalez,jeannewton@example.net,Australia,2020-05-02,Standard,8363.49
4132,Kevin Clark,daniel10@example.net,Canada,2022-01-19,Basic,31226.4
4133,Brian Hall,wperez@example.com,France,2023-09-02,Basic,28678.49
4134,Scott Gross,calvin37@example.org,UK,2020-09-13,Basic,14890.94
4135,Jason Park,coneill@example.net,Germany,2020-12-28,Standard,30055.5
4136,Meghan Robinson,taylorchristopher@example.org,Canada,2024-06-07,Standard,49063.66
4137,Rose Valdez,michaelvalencia@example.net,Germany,2022-03-20,Basic,14847.82
4138,Nicole Wiley,jonesevan@example.net,Germany,2021-08-02,Standard,19266.53
4139,Dana Gates,chadtorres@example.org,Australia,2021-03-11,Standard,16584.66
4140,Stephanie Davies DDS,terribrown@example.com,India,2023-08-29,Premium,25071.88
4141,Wesley Oneal,johnsonlisa@example.net,UK,2020-06-23,Standard,48745.2
4142,Dana Butler,jennifer00@example.org,USA,2020-05-03,Premium,9599.75
4143,Bill King,westdennis@example.com,USA,2024-11-10,Basic,40986.35
4144,Mark Ruiz,omay@example.org,UK,2020-12-01,Premium,48458.59
4145,Keith Berry,clarkdavid@example.org,UK,2021-05-26,Standard,46882.7
4146,Mary Scott,kristopheranderson@example.org,UK,2022-01-21,Standard,49502.13
4147,Andrew Smith,asmith@example.net,Germany,2021-06-17,Standard,5974.06
4148,David Richardson,iduncan@example.org,Canada,2023-08-09,Basic,1622.96
4149,Yvette Cohen,erikacarlson@example.com,Germany,2022-02-11,Basic,15544.14
4150,Melissa Anderson,,Australia,2023-07-21,Basic,26047.69
4151,Lindsay Blake,despinoza@example.com,USA,2022-02-12,Standard,30159.77
4152,Tabitha Hancock,vincentmarshall@example.org,UK,2020-08-23,Standard,47508.26
4153,Joshua Patel,christinaday@example.org,India,2020-03-17,Basic,37874.91
4154,Courtney Hill,matthewsluis@example.net,Canada,2022-07-04,Basic,41417.88
4155,Rhonda Miller,oclayton@example.com,Australia,2020-07-26,Basic,44375.41
4156,Melissa Jimenez,umaxwell@example.net,India,2020-03-14,Premium,34787.64
4157,Rebecca Bailey,gballard@example.com,France,2023-02-05,Standard,27507.68
4158,Ashley Rollins,john62@example.org,Canada,2021-10-22,Premium,29566.56
4159,Eric Lee,brandywest@example.net,UK,2022-10-26,Standard,21763.86
4160,Tony Perez,melanie70@example.org,USA,2024-11-19,Basic,19183.45
4161,Tracey Jones,james84@example.org,UK,2020-04-10,Standard,3732.93
4162,Heather Banks,katelyn54@example.com,Canada,2024-09-06,Premium,24148.26
4163,Joanna Crosby,sbryant@example.net,UK,2024-05-15,Standard,34314.99
4164,Rebekah Ho,dawnmerritt@example.org,USA,2024-11-15,Premium,26472.38
4165,Pamela Johnson,,France,2020-01-17,Basic,37546.05
4166,Randy Montgomery,ewolf@example.org,USA,2023-11-29,Premium,13425.65
4167,Brian Wallace,amedina@example.com,Germany,2020-06-22,Standard,39834.55
4168,Tiffany Duke,fortiz@example.net,UK,2022-02-03,Standard,31339.46
4169,Brittany Hamilton,kevin70@example.net,India,2021-04-17,Premium,47965.2
4170,Julie Wilson,pettywayne@example.com,Germany,2023-11-22,Standard,425.02
4171,Christopher Ford,schwartzdonna@example.org,Canada,2023-12-05,Standard,19594.58
4172,David Parker,xhopkins@example.net,Australia,2022-10-31,Premium,2852.03
4173,Karen Mcclain,fischerdanielle@example.org,Canada,2021-04-21,Basic,25244.58
4174,Kayla Garcia,mramos@example.net,India,2022-07-02,Standard,40734.26
4175,Brenda Powell,justinjohnson@example.net,UK,2020-08-09,Basic,42737.04
4176,Melanie Brown,ssaunders@example.org,India,2020-09-05,Premium,26437.84
4177,Dennis Howard,gochoa@example.net,France,2023-12-08,Standard,14722.43
4178,Jacob Miller,pbrown@example.com,France,2021-03-17,Basic,16137.5
4179,Denise Daniel,michaeljames@example.net,Germany,2022-05-06,Basic,43158.63
4180,Robert Ponce,jason25@example.org,Germany,2024-05-17,Basic,47476.24
4181,Christine Jones,jonathan11@example.net,France,2024-03-06,Standard,2609.93
4182,Margaret Johnson,burnsjohn@example.com,UK,2023-04-01,Standard,13579.06
4183,Richard Ward,gregorylevine@example.com,Australia,2021-04-28,Standard,29981.9
4184,Jessica Pennington,kaitlindiaz@example.org,UK,2022-10-20,Premium,47152.25
4185,Emily Coleman,walldaniel@example.net,Australia,2021-07-24,Basic,38172.02
4186,Laura Carr,jessica61@example.net,UK,2021-05-17,Premium,6945.94
4187,Emily Gonzales,amanda26@example.net,India,2020-08-20,Basic,37318.56
4188,Jackie Ferguson,melissa94@example.org,Germany,2020-11-30,Standard,23759.55
4189,Cory Peters,margaretdixon@example.net,UK,2021-01-11,Premium,8132.49
4190,Tasha Cook,williamjohnson@example.org,France,2024-08-17,Standard,38478.75
4191,Angel Crawford DDS,willisnicole@example.net,USA,2024-02-08,Standard,26246.67
4192,Heather Kramer,rhonda52@example.com,Germany,2023-07-09,Premium,9843.9
4193,John King,ariana49@example.org,USA,2020-03-02,Standard,46868.36
4194,Robert Williams,hughesamanda@example.net,Australia,2024-08-14,Standard,35774.45
4195,Joshua Martinez,xdiaz@example.org,USA,2022-06-26,Standard,48054.61
4196,Rachel Ochoa,rebecca46@example.org,India,2022-11-30,Standard,4049.63
4197,Alex Mathis,mcdonaldmichele@example.com,India,2024-01-18,Basic,44965.79
4198,Craig Graham,camposbruce@example.net,USA,2024-04-09,Premium,30186.07
4199,Brenda Chen,taylor79@example.org,India,2021-12-26,Premium,37541.85
4200,Michael Orozco,mannkenneth@example.org,USA,2023-06-05,Standard,33514.68
4201,Claudia Watson,karagood@example.net,India,2021-06-26,Standard,28714.44
4202,Linda Michael,stacie27@example.net,UK,2022-11-12,Premium,10990.86
4203,Tim Simmons,qvargas@example.net,India,2022-01-26,Standard,14906.74
4204,Timothy Torres,jennifer57@example.net,USA,2022-07-14,Premium,48065.77
4205,Jerry Lee,snydermorgan@example.net,Australia,2023-08-22,Standard,7128.47
4206,Briana Daniel,davidthomas@example.net,UK,2021-05-26,Standard,48656.62
4207,Daniel Hanna,ihuffman@example.com,India,2021-12-08,Standard,49746.95
4208,Thomas Nelson,mirandajoshua@example.org,USA,2021-05-22,Standard,12581.28
4209,Gabrielle Richardson,martinnicholas@example.net,India,2020-05-25,Standard,5503.3
4210,Alan Smith,jasmineballard@example.net,India,2023-08-04,Standard,39567.75
4211,John Santos,briana28@example.net,France,2024-09-25,Premium,9413.75
4212,Timothy Fisher,lnorton@example.org,India,2023-02-15,Premium,4704.2
4213,Derek Lozano,loricooley@example.com,Germany,2020-12-19,Basic,26858.58
4214,Michelle Meyer,cathycarrillo@example.net,USA,2020-12-07,Standard,13128.81
4215,Haley Williams,nicolasburns@example.org,Australia,2020-05-03,Standard,28668.74
4216,Mark King,khuber@example.net,UK,2023-12-08,Basic,39241.29
4217,Tammy Cooper,wjones@example.com,France,2021-03-29,Standard,37918.13
4218,Heather Smith,cameronchavez@example.org,Australia,2023-04-29,Standard,41144.95
4219,Heather Alvarez,maureenmcdonald@example.org,USA,2020-07-11,Premium,25813.49
4220,John Lee,shelly48@example.com,Germany,2020-04-04,Basic,20480.42
4221,Caitlin Vaughn,catherine08@example.org,UK,2022-01-22,Standard,22537.2
4222,April Brown,geraldcastro@example.net,Canada,2022-05-22,Standard,35170.68
4223,Terri Martinez,michael39@example.net,Germany,2023-07-01,Standard,20198.79
4224,Patricia Anderson,charlesmurphy@example.net,Australia,2024-07-14,Premium,23968.23
4225,Kelli Marshall,danny57@example.net,India,2020-02-23,Basic,24873.57
4226,Adam Boyle,bauermichelle@example.net,Australia,2021-05-31,Standard,40399.52
4227,George Jackson,david30@example.org,Australia,2022-03-21,Premium,38250.35
4228,Jenny Banks,rnguyen@example.net,UK,2021-09-09,Premium,32979.64
4229,Laurie Andrews MD,bradley97@example.org,USA,2024-07-03,Standard,17530.26
4230,Marco Byrd,seanshaw@example.com,France,2020-07-09,Premium,19728.5
4231,Donna Norris,parkertammy@example.org,Australia,2023-04-04,Standard,38886.6
4232,Matthew Gentry,rebecca21@example.com,Germany,2024-05-19,Standard,5334.56
4233,Corey Phillips,michelestrong@example.org,USA,2022-02-16,Standard,36651.23
4234,Theresa Goodwin,ccole@example.com,Germany,2022-10-12,Basic,8793.31
4235,Megan Neal,amanda74@example.net,Australia,2020-05-17,Premium,28436.57
4236,Amy Brewer,jellis@example.com,Australia,2021-06-12,Basic,47749.07
4237,Jermaine Young,umedina@example.org,Germany,2022-04-09,Standard,34124.91
4238,Walter Ramirez,natasharodriguez@example.net,USA,2021-04-30,Standard,27138.7
4239,Linda Murillo,tina78@example.org,Canada,2021-05-08,Basic,47659.04
4240,Andrew Fuller,pauljones@example.net,India,2024-03-10,Basic,42558.54
4241,Richard White,lyoder@example.org,Canada,2023-10-14,Basic,34620.48
4242,Patricia Shepard,elizabethfry@example.org,USA,2022-05-07,Basic,21714.23
4243,Gordon Crawford,michaelvance@example.org,Canada,2024-12-10,Basic,12613.49
4244,David Johnson,stephen89@example.com,Australia,2023-12-09,Standard,14977.05
4245,David Thornton,matthewprice@example.org,France,2020-01-13,Basic,30525.53
4246,Misty Smith,sabrina83@example.com,Germany,2023-04-08,Premium,4292.3
4247,Troy Johnson,charles36@example.com,UK,2023-04-09,Standard,25425.99
4248,Jose Hamilton,christina97@example.net,Australia,2024-01-05,Basic,1886.39
4249,Alyssa Jimenez,simmonsangel@example.com,France,2024-09-09,Premium,46190.1
4250,Donald Allen,djohnson@example.com,USA,2023-08-31,Standard,22434.2
4251,Sean Freeman,patricia43@example.com,Germany,2022-10-19,Standard,48608.27
4252,Nicholas Mckenzie,sallen@example.com,USA,2022-03-08,Basic,22655.12
4253,Susan Mcclain,amarsh@example.net,UK,2021-08-16,Premium,30739.81
4254,Sandra Kim,millskelly@example.net,Canada,2023-08-15,Standard,23124.16
4255,Donald Burns,nicole14@example.org,France,2023-08-18,Standard,27144.64
4256,Kathryn Thompson,jeanneparks@example.org,Canada,2020-05-30,Standard,21879.58
4257,Daniel Robinson,davidhart@example.org,Germany,2020-01-27,Basic,41868.55
4258,Barbara Callahan,dorothysmith@example.net,India,2021-05-13,Standard,9888.06
4259,Tammy Bell,emclean@example.org,Australia,2021-10-25,Premium,32200.95
4260,Deborah Gross,ysantos@example.com,UK,2020-01-13,Standard,19989.82
4261,Joshua Monroe,mcclainrichard@example.net,USA,2021-07-20,Standard,11950.33
4262,James Knapp,zwalton@example.com,India,2024-01-30,Standard,1591.9
4263,Janice Callahan,ckaufman@example.net,Australia,2021-10-06,Standard,49724.2
4264,Michael Hebert,brendacollins@example.com,UK,2024-08-18,Standard,34312.06
4265,Jack Roberts,lmoreno@example.net,Germany,2022-07-04,Premium,6328.79
4266,Julie Evans MD,adamjones@example.net,USA,2022-10-08,Standard,38941.12
4267,Jennifer Lawson,obowers@example.net,UK,2022-08-18,Standard,12635.17
4268,Desiree Brown,ataylor@example.com,Australia,2021-01-04,Standard,29720.39
4269,Christopher Delacruz,john31@example.net,USA,2023-06-25,Standard,40779.81
4270,Dr. Cynthia Hoover DVM,dorseylauren@example.net,UK,2021-04-24,Standard,31734.06
4271,Hayden Shaw,matthew75@example.com,India,2020-08-31,Standard,28845.05
4272,Christian Long,charles36@example.net,USA,2022-04-15,Standard,43332.01
4273,Jesse Mckay,loganpineda@example.net,Australia,2024-05-25,Premium,48027.69
4274,Jonathan Marquez,douglasmark@example.com,Australia,2024-10-10,Basic,17075.28
4275,Jessica Mcdowell,lindseydaniels@example.net,USA,2021-10-10,Premium,34058.42
4276,Kimberly Beck,marshallamanda@example.org,UK,2021-08-20,Standard,16960.61
4277,Stephanie Schwartz,hamptonsabrina@example.com,Australia,2020-08-23,Standard,45706.3
4278,Taylor Parker,kfisher@example.net,UK,2020-12-23,Premium,28814.64
4279,Melinda Herrera,ryanheath@example.org,UK,2022-06-05,Standard,43429.88
4280,Cheryl Olson,davisnatalie@example.org,USA,2023-04-10,Standard,39105.96
4281,Sarah Li,frazierwendy@example.com,UK,2024-04-12,Standard,49572.32
4282,Sharon Copeland,amberguerrero@example.org,Germany,2020-07-03,Standard,19621.84
4283,Ricardo Solis,armstrongcynthia@example.com,UK,2023-08-27,Basic,24532.64
4284,Ronald Ochoa,robert22@example.org,USA,2020-06-20,Standard,42521.1
4285,Jason Chen,carolynduke@example.com,UK,2020-03-07,Standard,37823.8
4286,Colin Anderson,marcusnunez@example.org,Canada,2024-10-08,Standard,13159.18
4287,Anthony Simpson,sheryl98@example.com,India,2020-04-29,Standard,31196.7
4288,Christopher Thomas,allison35@example.org,Australia,2022-06-09,Basic,41234.0
4289,Peter Reese,joanwright@example.org,India,2022-07-30,Basic,45702.63
4290,Margaret Macias,qjohnson@example.com,France,2020-01-08,Premium,10037.48
4291,Christina Johnson,mcdonaldcole@example.net,Canada,2020-11-13,Standard,11877.3
4292,Michele Allen,katherineburns@example.net,Canada,2023-03-20,Premium,18274.76
4293,Henry Scott MD,wmartinez@example.com,UK,2024-09-25,Premium,14753.13
4294,Eric Mcintosh,taylor12@example.com,India,2022-01-11,Basic,10194.63
4295,Steven Wright,laurenray@example.org,USA,2023-01-13,Premium,31007.04
4296,Michael Collier,reedsarah@example.org,USA,2021-01-14,Standard,36419.3
4297,Scott Fields,kimthomas@example.net,Australia,2022-09-12,Premium,39960.31
4298,Stacey Gordon,lisa73@example.org,Germany,2023-07-11,Standard,901.23
4299,Andrea Anderson,walkersamantha@example.net,France,2023-01-01,Basic,7569.36
4300,Jeremy Greene,leslie14@example.org,Australia,2020-06-02,Basic,14245.59
4301,Jennifer Nunez,arthurhowe@example.com,Canada,2024-04-12,Premium,38839.05
4302,Erika Davis,lovemary@example.org,USA,2021-12-20,Standard,26507.68
4303,Jenna Roberts,madisongoodman@example.net,Australia,2024-01-16,Standard,26233.68
4304,Brandon Hernandez,welchsteven@example.org,Germany,2020-10-28,Standard,41762.12
4305,Jessica Robbins,luismurray@example.org,Canada,2024-03-26,Premium,18113.23
4306,Sonya Griffin,elizabeth10@example.net,USA,2024-07-30,Standard,27934.46
4307,Paul Robinson,williamsbradley@example.org,Canada,2023-04-30,Standard,44520.24
4308,William Peterson,ebrewer@example.com,Australia,2024-06-03,Standard,45653.35
4309,Jacob Gutierrez,qmartin@example.com,Canada,2024-10-26,Standard,47781.75
4310,Daisy Hill,olittle@example.org,Australia,2023-07-23,Standard,20834.08
4311,Heather Mccormick,hfoley@example.com,Canada,2024-09-09,Standard,14048.95
4312,Felicia Goodman,masonowens@example.com,Australia,2021-01-07,Premium,35334.47
4313,Nicole Roth,daniel76@example.net,Germany,2023-05-16,Basic,44669.23
4314,Robert Ward,amurphy@example.org,USA,2020-03-17,Standard,36671.1
4315,Tammy Hull,janicewest@example.com,UK,2020-10-07,Standard,43353.0
4316,Jennifer Nelson,dana10@example.net,Canada,2020-10-18,Basic,14472.83
4317,Bethany Davis,matthew79@example.net,Germany,2021-11-03,Standard,30757.69
4318,Jody Anderson,csanders@example.com,India,2020-05-07,Premium,34689.69
4319,Jeffrey Lewis,christineruiz@example.net,Australia,2020-05-21,Premium,46635.47
4320,Brittney Garza,davidharvey@example.org,India,2021-10-22,Premium,7881.56
4321,Emily Werner,catherinemartin@example.net,UK,2021-11-05,Standard,29357.93
4322,William Estrada,ashley28@example.com,Australia,2020-02-16,Premium,11897.42
4323,Megan Contreras,james08@example.com,France,2022-09-10,Basic,49560.89
4324,Zachary Carter,rpowell@example.net,India,2020-02-13,Standard,15937.11
4325,Jessica Moore,reginald66@example.net,USA,2021-07-17,Standard,24078.41
4326,Jessica Sutton,frazierannette@example.com,Germany,2021-01-19,Standard,21341.57
4327,Christopher Fleming,rebecca08@example.com,Canada,2021-09-04,Standard,14267.08
4328,Richard Simmons,ysparks@example.com,USA,2022-10-29,Standard,30883.74
4329,Christine Gentry,marknavarro@example.org,UK,2022-06-09,Standard,35865.2
4330,Elizabeth Carey,tweeks@example.net,USA,2023-07-23,Basic,34549.0
4331,Anthony Fleming,xthompson@example.net,Australia,2023-05-26,Standard,44953.55
4332,David Rich,gbutler@example.org,Canada,2021-10-07,Basic,14704.14
4333,Elizabeth Daniel,dmiller@example.com,UK,2024-05-07,Basic,6573.85
4334,Jonathan Dunn,nbender@example.org,Canada,2021-05-11,Basic,35213.85
4335,Steven Scott,molinaerin@example.net,Australia,2023-05-19,Standard,47490.19
4336,Angela Krueger,robert13@example.net,India,2021-07-01,Standard,40697.01
4337,Justin Fernandez,mistystephens@example.net,France,2020-02-20,Basic,5382.47
4338,Patrick Adams,zrichards@example.org,India,2023-03-24,Basic,6402.14
4339,Christina Sheppard,crystalbishop@example.org,France,2020-06-15,Basic,32292.88
4340,Brooke Arias,jonesjason@example.net,France,2023-10-27,Standard,3043.33
4341,Aaron Hernandez,coxjavier@example.org,Canada,2021-03-18,Basic,26027.57
4342,Mandy Jennings,carteradam@example.net,UK,2020-11-19,Standard,10277.46
4343,Angel Sanchez,cwebb@example.org,Germany,2020-11-30,Standard,26672.4
4344,Albert Charles,connormejia@example.com,Canada,2023-03-06,Standard,35337.72
4345,Kenneth Norris,lyonshannah@example.net,France,2022-11-28,Premium,9115.19
4346,Dr. Tiffany Bennett MD,lorithompson@example.com,UK,2024-03-31,Standard,13091.0
4347,Dawn Robinson,ewilson@example.com,Australia,2021-06-03,Standard,13354.95
4348,Jeffrey Wilson MD,hursthannah@example.com,India,2020-01-20,Premium,28603.82
4349,Mr. Cody Johnson,brian93@example.net,India,2024-12-15,Premium,4602.68
4350,Alexandra Kane,justinreeves@example.net,Canada,2020-07-27,Basic,37120.88
4351,Carol James,johnsonmichelle@example.net,UK,2021-01-27,Standard,12130.34
4352,Billy Hall,jacob76@example.org,India,2021-10-21,Premium,43464.61
4353,Amanda Martin,danielkim@example.net,Canada,2021-09-24,Basic,32306.47
4354,Joseph Whitehead,garyhughes@example.net,USA,2020-02-18,Standard,10831.92
4355,Angela Griffin,rodriguezryan@example.com,Germany,2023-12-22,Basic,10941.77
4356,Jennifer Taylor,whitecody@example.org,Germany,2022-07-15,Standard,9388.81
4357,Nicole Reynolds,kimberlyjackson@example.org,Canada,2023-01-27,Premium,9171.28
4358,John Roman,jason04@example.net,USA,2020-01-22,Basic,45491.11
4359,Angela Boyd,brownmatthew@example.com,USA,2021-08-11,Standard,8642.51
4360,Joseph Shaw,amygutierrez@example.com,India,2022-03-26,Standard,16415.04
4361,Jonathan King,dbishop@example.net,Canada,2020-01-13,Premium,15229.61
4362,Crystal Johnson,qlong@example.com,Germany,2024-02-26,Premium,44845.66
4363,Jordan Morris,millerraven@example.com,UK,2020-10-31,Standard,48211.16
4364,Vicki Sanchez,amycunningham@example.org,Canada,2024-03-26,Basic,27054.16
4365,Cynthia Smith,daviseric@example.org,UK,2021-04-11,Basic,13412.24
4366,Craig Reyes,joneschristine@example.org,India,2021-10-26,Basic,23205.07
4367,Andrew Edwards,craigdanielle@example.com,Canada,2024-04-11,Standard,8161.93
4368,Billy Davis,barnettjoseph@example.com,UK,2024-09-10,Standard,1076.06
4369,Lacey Gaines,ocrane@example.net,UK,2020-06-12,Basic,28922.69
4370,Rachel Scott,westdonna@example.org,Australia,2021-07-16,Standard,35803.0
4371,Michael Case,rayrobin@example.org,India,2024-12-25,Basic,30220.01
4372,Denise Stout,sporter@example.com,Canada,2022-04-28,Standard,234.14
4373,Benjamin Valencia,josephross@example.org,Germany,2020-06-25,Standard,8188.27
4374,Christian Davis,etorres@example.com,UK,2024-05-07,Standard,29835.2
4375,Robert Anderson,elizabethpeters@example.com,Canada,2023-07-09,Basic,35966.35
4376,David Hayes,scottsandoval@example.com,USA,2024-04-23,Basic,40893.26
4377,Amy Lowery,amandawarren@example.net,India,2022-05-16,Basic,47295.63
4378,Michael Porter,nbernard@example.net,Germany,2024-05-19,Premium,1501.11
4379,Mark Morgan,osnow@example.org,France,2020-10-25,Basic,6822.34
4380,Amanda Ochoa,barbaramorales@example.com,UK,2020-12-22,Basic,36332.85
4381,Kelsey Cannon,amanda42@example.net,India,2022-04-10,Premium,1979.09
4382,Crystal Sharp,wflynn@example.org,India,2023-07-20,Basic,24498.38
4383,Kristen Tran,ysullivan@example.org,Canada,2022-05-14,Standard,23333.54
4384,William Perez,melodyjacobson@example.com,Germany,2023-02-25,Basic,21974.66
4385,Brian Coleman,josephbrown@example.com,France,2023-06-16,Standard,36130.02
4386,James Norris,nicole52@example.com,Australia,2021-01-21,Standard,17932.48
4387,Sean Hawkins,olivialee@example.com,USA,2020-02-28,Standard,46222.7
4388,Jack Lloyd,singhnicole@example.com,Canada,2021-01-06,Basic,39537.77
4389,Taylor Miller,mcdonaldjoseph@example.net,Canada,2021-04-28,Premium,965.12
4390,Evelyn May MD,welchamanda@example.com,Australia,2020-11-24,Standard,19453.77
4391,Elizabeth Young,nolancharles@example.net,India,2020-07-22,Standard,39733.01
4392,Jennifer Goodwin,rachelguerrero@example.com,UK,2020-11-21,Standard,17409.68
4393,Kathryn Ramos,scott35@example.org,Australia,2023-04-05,Basic,43613.13
4394,Kelsey Simpson,wardmelissa@example.org,Germany,2022-04-28,Basic,4769.11
4395,Debbie Jarvis,roblesjeffrey@example.com,Canada,2022-05-26,Standard,8457.26
4396,Sylvia Hurst,morgansteven@example.net,Australia,2020-11-09,Basic,37488.99
4397,Craig Jones,taylorrichard@example.com,France,2024-07-08,Premium,10022.09
4398,John Bowman,tcase@example.org,USA,2023-09-21,Basic,25617.91
4399,Madison Mccall DDS,simmonsjill@example.net,India,2021-12-11,Basic,45591.56
4400,Jamie Hancock,callen@example.com,France,2023-01-13,Basic,4224.13
4401,Bridget Garrison,stonetravis@example.net,France,2023-02-22,Standard,30473.99
4402,Adam Jones,samuel59@example.org,India,2020-07-05,Standard,31701.21
4403,Emily Taylor,christopherwilliams@example.com,Canada,2023-10-22,Premium,7954.49
4404,William Martin,gmccormick@example.org,Australia,2023-03-12,Basic,48009.69
4405,Christopher Spencer,bakerjacqueline@example.net,UK,2021-06-23,Basic,7067.79
4406,Samuel Montgomery,owilliamson@example.com,India,2022-07-11,Basic,33704.54
4407,Andrew Brown,mitchelljoshua@example.com,India,2020-09-06,Standard,5314.83
4408,Martin Walker,tjackson@example.net,Australia,2024-08-02,Premium,30913.65
4409,William Riley,aprilhouse@example.com,India,2023-09-12,Premium,17212.65
4410,Linda Bryant,donna63@example.com,Canada,2023-07-06,Standard,21938.08
4411,Carolyn Hall,leonard79@example.com,USA,2023-04-20,Basic,37363.98
4412,Kimberly Decker,bwallace@example.com,USA,2021-07-23,Standard,9702.98
4413,Amanda Willis,jessica81@example.com,UK,2020-01-09,Standard,769.11
4414,Ryan Hudson,matthewstokes@example.net,USA,2020-02-16,Standard,33290.68
4415,Henry Arnold,ymontgomery@example.com,UK,2023-08-01,Standard,7566.63
4416,Jennifer Howard,zsolomon@example.org,Canada,2024-07-13,Premium,4596.01
4417,Bradley Jackson,daviskelly@example.com,India,2020-10-28,Standard,19799.71
4418,Eric Rios,foxnancy@example.org,Germany,2024-04-09,Basic,43006.21
4419,Edward Shaw,marcbrooks@example.com,France,2020-10-14,Standard,6818.25
4420,David Mejia,benjamin76@example.net,France,2024-08-18,Standard,954.03
4421,Erica Kemp,qhutchinson@example.net,Canada,2024-01-23,Premium,42358.97
4422,Heather Knapp,markjackson@example.com,Australia,2024-09-09,Standard,19086.73
4423,Sandra Barnes,millertravis@example.com,Canada,2023-11-12,Basic,36825.56
4424,Sarah Chapman,christinehart@example.com,India,2021-08-21,Basic,35812.1
4425,Richard Sanders,erika99@example.net,Germany,2020-04-06,Standard,38983.02
4426,Danny Holmes,benjamin00@example.net,France,2021-04-23,Basic,38840.51
4427,Kelly Miller,justinperry@example.net,USA,2021-08-07,Standard,7179.76
4428,Connie Neal,chad39@example.com,USA,2021-11-15,Basic,27529.78
4429,Christopher Mitchell,collinsjennifer@example.net,Germany,2020-11-01,Standard,38152.35
4430,Jorge Taylor,ngibbs@example.com,India,2024-06-04,Basic,13041.93
4431,Joseph Jimenez,jlopez@example.net,India,2020-11-23,Basic,7892.91
4432,Gregory Morrison,donnaholt@example.org,India,2021-06-07,Standard,2785.39
4433,Lisa Castillo,pwilliams@example.org,India,2024-12-04,Standard,24017.59
4434,Megan Brown,kelly18@example.net,Germany,2021-07-04,Standard,8400.96
4435,Robert Jordan,ericamccoy@example.org,France,2020-06-08,Standard,36105.22
4436,Juan Williams,gabriellejones@example.net,India,2021-03-14,Standard,29581.55
4437,Nathaniel Cummings,djimenez@example.com,UK,2022-04-10,Premium,43014.54
4438,Gloria Finley,wcollins@example.com,Germany,2021-08-27,Basic,5441.28
4439,Christine Lam,austinlinda@example.net,UK,2021-04-01,Basic,8014.06
4440,Patrick Rodriguez,taylorclaudia@example.net,Australia,2021-07-29,Standard,478.12
4441,Rodney Medina,jameswright@example.net,France,2024-09-23,Basic,1715.91
4442,Jacob Mcgee,collinsdiana@example.com,India,2021-09-06,Premium,18223.02
4443,Julie Thomas,andre26@example.org,Australia,2021-12-04,Basic,28264.97
4444,Brian Chen,franciskenneth@example.net,Canada,2022-05-21,Standard,21217.14
4445,Timothy Conway,jhaley@example.org,Canada,2023-09-03,Standard,18607.31
4446,Chad Terry,lwright@example.net,France,2021-05-29,Basic,17466.8
4447,Gabriel Woods,michaelestrada@example.org,USA,2021-02-21,Basic,47293.93
4448,Tina Hunter,shawntate@example.org,USA,2021-11-14,Basic,6929.27
4449,Dennis Downs,vargaspamela@example.net,Canada,2022-12-12,Standard,236.33
4450,Sandra Howard,cruzjessica@example.net,India,2022-11-29,Premium,6013.63
4451,Melody Hill,sdouglas@example.com,Canada,2022-02-28,Premium,10440.25
4452,Brianna Summers,johnsoncharles@example.com,Canada,2020-11-06,Basic,20687.38
4453,Veronica Koch,xsimpson@example.com,USA,2021-04-11,Standard,13880.88
4454,Rachel Shaw,mgill@example.net,Australia,2021-09-24,Standard,21247.88
4455,Steven Turner,vmcmillan@example.net,India,2023-05-24,Premium,4961.67
4456,John Blake,rebecca28@example.net,Canada,2020-02-20,Standard,5459.37
4457,Emily Jones,cmccullough@example.net,France,2022-06-23,Basic,5498.26
4458,Samuel Williams,danieldavis@example.net,UK,2021-06-28,Premium,4313.31
4459,Laurie Anderson,cruzjoseph@example.com,Germany,2021-08-13,Standard,5173.16
4460,Gregory Holland,mistywolf@example.com,India,2022-06-13,Basic,16673.75
4461,Gina Davis,erin66@example.net,Australia,2024-09-04,Basic,14457.49
4462,Ian Mcdonald,michael66@example.org,Australia,2024-04-18,Basic,24652.45
4463,William Snow,knightrobert@example.net,USA,2021-03-12,Standard,5798.87
4464,Mark Peterson,lee61@example.org,USA,2021-02-04,Premium,21811.3
4465,Jennifer Lopez,josewatson@example.org,UK,2022-07-21,Basic,33850.67
4466,Lawrence Jones,christopherthomas@example.net,Germany,2022-02-23,Basic,29848.4
4467,Sarah Mcclain,jriley@example.com,Germany,2022-08-17,Standard,28106.77
4468,Samantha Burton,fstevenson@example.net,UK,2022-02-14,Basic,40202.31
4469,Gregory Simpson,greenjamie@example.net,Canada,2024-05-16,Standard,7913.57
4470,Catherine Bailey DDS,hendersondean@example.org,Canada,2024-09-14,Basic,46106.27
4471,Douglas Willis,rodriguezpeter@example.org,Canada,2023-10-07,Basic,21896.76
4472,Roger Atkins,stevenfleming@example.org,USA,2024-03-08,Standard,3297.32
4473,Gregory Burnett,fisheredward@example.org,USA,2020-01-23,Premium,42702.11
4474,Jason Harris,tracy56@example.net,India,2023-08-28,Premium,13373.62
4475,Lawrence Parker,smithkenneth@example.org,UK,2024-03-10,Premium,48257.54
4476,Claire Garner,nharris@example.org,France,2021-07-17,Premium,3483.78
4477,Michelle Torres,yclark@example.com,India,2020-08-20,Standard,24334.12
4478,Rachel Combs,wilsonzachary@example.org,Germany,2020-01-24,Basic,1963.8
4479,William Smith,rvincent@example.net,Canada,2023-08-07,Standard,11874.0
4480,Melvin Gutierrez,donnahart@example.org,Canada,2024-08-04,Standard,41045.32
4481,Shelly Mckinney,riosfrank@example.org,Germany,2022-05-02,Standard,35404.62
4482,Amanda Crosby,zcoleman@example.org,France,2021-12-17,Standard,15820.84
4483,Lisa Castillo,santoseric@example.com,France,2022-11-27,Basic,15901.63
4484,Adam Harris,tcarr@example.org,USA,2023-05-04,Standard,30481.58
4485,Victoria Johnson,tracyrobinson@example.net,India,2023-06-11,Standard,32364.54
4486,Ashley Harris,jodi27@example.net,France,2021-08-25,Standard,45637.54
4487,Brett Welch,limaria@example.net,Canada,2021-03-31,Standard,24691.94
4488,Jonathan Peters,iclarke@example.net,USA,2024-04-15,Premium,23216.06
4489,Christian Sweeney,laura91@example.net,Germany,2021-10-11,Premium,20787.36
4490,Linda Wagner,reginameadows@example.org,France,2021-08-21,Basic,5192.57
4491,John Crawford,autumn36@example.net,Australia,2020-06-04,Basic,7507.15
4492,Jessica Combs,williamcarney@example.org,Germany,2023-07-07,Basic,24302.57
4493,Jasmine Franco,diane90@example.org,Germany,2022-10-24,Standard,41562.73
4494,Deborah Osborne,emilygarner@example.com,Canada,2023-09-13,Standard,10625.68
4495,John Lamb,eboyer@example.net,France,2024-05-28,Standard,29589.66
4496,Kimberly Kim,allen09@example.org,UK,2023-06-27,Standard,5785.53
4497,Michelle Garner,donaldclark@example.net,France,2023-04-04,Basic,3443.08
4498,Pamela Chung,patricksmith@example.org,Canada,2022-11-23,Standard,44182.91
4499,Christian Stevens,jreyes@example.com,Canada,2023-05-10,Basic,7064.37
4500,Michael Vasquez,carneysamuel@example.org,USA,2023-05-06,Premium,23091.02
4501,Scott Walker,andreadunn@example.org,Australia,2020-10-15,Basic,5373.99
4502,Laura Simmons,opatterson@example.com,UK,2020-10-26,Basic,33071.72
4503,Matthew Walker,wesley65@example.com,France,2022-05-31,Standard,33055.96
4504,Brian Fuller,baileydonna@example.com,USA,2022-06-14,Basic,45106.63
4505,Scott Lee,cburns@example.com,Germany,2021-04-20,Basic,4276.05
4506,Christina Sanchez,mking@example.org,UK,2022-12-13,Basic,30798.95
4507,Gloria Huerta,pfrancis@example.net,Germany,2023-04-22,Standard,49653.26
4508,Kelly Shaw,browneugene@example.org,France,2024-11-26,Basic,44882.6
4509,Kevin Thompson,randerson@example.com,India,2023-11-20,Standard,1218.42
4510,Melissa Elliott,torresmelissa@example.com,Canada,2021-12-06,Standard,29423.61
4511,Lisa Owens,williamschad@example.net,UK,2023-05-11,Standard,1623.74
4512,Tammy Hayes,jonathan73@example.net,Canada,2021-07-18,Premium,27376.25
4513,David Morales MD,spencerjoshua@example.org,UK,2020-07-14,Standard,26801.69
4514,Theresa Gray,millsdouglas@example.org,USA,2024-10-17,Premium,47345.48
4515,Calvin Keller,diana25@example.net,Australia,2020-05-03,Standard,36898.53
4516,Steven Douglas,katelynburke@example.net,USA,2020-01-27,Basic,48628.71
4517,Matthew Campbell,lawrencewest@example.net,UK,2023-09-10,Basic,27001.08
4518,Monica Perez,johndaniels@example.com,India,2023-05-25,Premium,27050.74
4519,Mrs. Jessica Chaney,uguerra@example.net,UK,2022-11-20,Standard,33362.54
4520,Zachary Jones,kimberlydecker@example.org,Canada,2023-03-28,Premium,9526.83
4521,Sabrina Ruiz,amandamitchell@example.net,Germany,2023-07-01,Standard,20221.15
4522,Joseph Dixon,sallen@example.net,Canada,2023-04-28,Standard,46714.02
4523,Shelia Fuentes,whitekaren@example.org,Germany,2022-07-19,Standard,40875.39
4524,Kaitlyn Bailey,anita85@example.org,USA,2021-02-10,Premium,33553.58
4525,Ashley Hess,cbrown@example.com,Germany,2022-01-11,Standard,23221.62
4526,Benjamin Taylor,kathrynbaxter@example.org,Canada,2024-08-10,Standard,49952.5
4527,Vickie Wallace,wnelson@example.net,Australia,2023-02-13,Standard,31805.89
4528,Cynthia Huff,robertgray@example.com,USA,2022-08-25,Standard,11543.93
4529,Shane Jackson,lbates@example.com,India,2021-08-13,Basic,4513.01
4530,Julie Lopez,acampbell@example.com,France,2024-09-27,Premium,21414.77
4531,Anna Mcgee,jeremy52@example.com,Germany,2022-03-20,Standard,12480.76
4532,Robert Gregory,tonyamorris@example.net,Germany,2022-02-04,Standard,40443.15
4533,Lindsey Coffey,velasquezmichael@example.org,Germany,2023-10-23,Standard,36170.98
4534,Brian Fitzgerald,ybarry@example.org,UK,2022-09-19,Basic,23065.95
4535,Francisco Patterson,csnyder@example.net,Canada,2021-11-03,Basic,33534.42
4536,Nicole Mathis,walleramy@example.net,UK,2023-09-04,Standard,2353.86
4537,Shannon Walker MD,thompsontodd@example.net,France,2024-10-06,Standard,32018.73
4538,Thomas Evans,nicholas33@example.net,Canada,2022-11-21,Standard,27385.24
4539,Marcus Blackwell,joshuamorris@example.org,Canada,2021-09-11,Basic,21522.48
4540,Spencer Rogers,ocastaneda@example.org,USA,2022-01-04,Standard,7669.3
4541,Adrienne Bowman,suzannecowan@example.net,Germany,2024-05-14,Premium,16967.09
4542,Brandon Rodriguez,tmejia@example.net,UK,2022-07-22,Premium,46677.54
4543,Lauren Ford,timothy23@example.net,France,2022-05-07,Standard,31552.78
4544,Justin Curtis,terrence72@example.com,USA,2022-08-19,Standard,117.13
4545,Shawna Hardin,haroldarmstrong@example.com,Australia,2020-06-13,Basic,38955.4
4546,Tonya Fitzpatrick,donaldmolina@example.org,USA,2024-05-02,Standard,34864.72
4547,Savannah Lopez,ginaking@example.net,USA,2020-06-22,Premium,21851.82
4548,Denise Richardson,bridgeschloe@example.com,Australia,2022-09-10,Standard,7651.8
4549,Tammy Allen,katie03@example.com,Australia,2022-01-04,Standard,30136.93
4550,Tanner Moore,ryanlee@example.net,India,2021-07-06,Premium,41667.73
4551,Elizabeth Griffin,gward@example.com,India,2024-02-21,Premium,49935.67
4552,Michelle Pena,leekimberly@example.com,India,2020-04-18,Basic,49711.63
4553,Samuel Russell,paul34@example.com,USA,2021-12-06,Standard,49358.08
4554,Kelly Marks,jasonray@example.com,France,2022-09-21,Premium,41055.35
4555,Kyle Curtis,randall36@example.org,USA,2020-05-22,Standard,11709.18
4556,Alan Spencer,ewilliams@example.org,Germany,2023-09-20,Standard,121.18
4557,Brittany Hammond,shirleyhaynes@example.com,USA,2021-07-22,Standard,45925.7
4558,Roger Campbell,fcampbell@example.net,UK,2020-06-13,Standard,20090.35
4559,Cynthia Castaneda,michelefrazier@example.org,Canada,2024-09-17,Basic,45509.49
4560,Trevor Garcia,yyoung@example.com,UK,2020-11-22,Basic,37548.78
4561,Briana Hill,kevin40@example.net,Germany,2023-03-06,Standard,30852.35
4562,Thomas Castaneda,khernandez@example.com,Germany,2020-05-18,Standard,43664.79
4563,Madeline Dixon,ymiller@example.net,France,2024-11-28,Standard,39406.13
4564,Andrew Keller,whitepedro@example.org,UK,2021-06-24,Basic,23555.31
4565,Mandy Ramos,james91@example.net,Canada,2021-11-24,Basic,46574.76
4566,Stephanie Ramirez,butlercourtney@example.net,India,2022-09-20,Standard,35039.71
4567,John Spears,reginajordan@example.org,France,2024-05-16,Standard,27376.4
4568,Denise Prince,michaelnewton@example.org,India,2022-04-21,Standard,45386.9
4569,Maria Smith,navila@example.net,India,2021-11-15,Standard,41683.06
4570,Matthew Johnson,danielle06@example.com,USA,2022-03-22,Standard,22198.26
4571,Gerald Conrad,kimberlyporter@example.org,UK,2021-04-10,Basic,5318.85
4572,Emily Scott,jacksonsamantha@example.net,USA,2023-06-23,Standard,9316.93
4573,Peter Thompson,hooverhector@example.net,UK,2024-07-02,Standard,13324.82
4574,Richard White,dillon76@example.net,UK,2020-01-07,Standard,30908.59
4575,Brooke Lawson,matthewwilliams@example.com,Australia,2023-10-18,Standard,29130.3
4576,Darren Marquez,kara91@example.org,France,2024-06-08,Standard,15649.63
4577,Anthony Cardenas,michaelharmon@example.org,Germany,2022-06-07,Standard,34465.59
4578,Robin Kramer,annwagner@example.com,Australia,2021-06-23,Standard,29458.77
4579,Tara Dudley,timothylong@example.com,Australia,2021-01-19,Basic,2560.1
4580,Deborah Cameron,jo03@example.org,India,2024-12-04,Premium,29995.5
4581,Margaret Nicholson,angela32@example.net,USA,2023-03-30,Basic,39074.2
4582,Robin Cook,molinajoseph@example.net,Australia,2022-07-22,Standard,46444.54
4583,Brian Richards PhD,hawkinsrhonda@example.com,Australia,2022-06-10,Premium,5758.09
4584,Lucas Webb,jonathan93@example.net,Germany,2020-07-14,Standard,36437.06
4585,Calvin Ayers,johnsonjennifer@example.com,USA,2021-12-21,Standard,37660.05
4586,Kathy Hill,frivera@example.org,Germany,2022-05-24,Standard,21120.32
4587,Linda Sullivan,ramosjeffery@example.com,USA,2023-08-25,Basic,32416.16
4588,Sarah Norton,dale08@example.org,India,2022-09-18,Standard,16449.93
4589,Jose Clark,michaelmathews@example.net,France,2023-05-23,Standard,483.15
4590,Diane Torres,kimwilson@example.org,India,2020-09-06,Standard,28662.75
4591,Michelle Webb,sbrooks@example.com,Canada,2022-02-03,Standard,48566.61
4592,Justin Williams,simmonsrichard@example.net,USA,2020-05-06,Premium,46033.37
4593,Dennis Holland,wrightjohn@example.com,Australia,2024-06-06,Standard,13771.19
4594,Ronald Arroyo,katelynrobinson@example.org,Australia,2024-10-12,Basic,30708.18
4595,Heather Greene,joykhan@example.com,Germany,2020-03-17,Standard,16411.04
4596,Vicki Lopez,shobbs@example.net,Germany,2024-04-28,Premium,41027.55
4597,David Pacheco,thouston@example.com,Australia,2024-11-21,Standard,43272.4
4598,John Powers,cchase@example.com,Germany,2023-10-21,Standard,26922.15
4599,Amanda Bird,mferguson@example.com,India,2021-10-27,Standard,47654.27
4600,Vanessa Rogers,obautista@example.net,Canada,2021-12-03,Basic,9695.15
4601,Amanda Gonzalez,andrew73@example.com,Germany,2022-09-15,Standard,21315.06
4602,Lauren Nielsen,carterdaniel@example.net,USA,2022-06-26,Basic,12978.62
4603,Jessica Fowler,anthonyfoley@example.org,UK,2024-01-10,Standard,6627.23
4604,Kathryn Mcguire,zstanley@example.org,France,2023-05-21,Basic,16891.72
4605,Thomas Chapman,dflores@example.org,UK,2021-02-26,Premium,31667.94
4606,Phillip Wilson,amanda57@example.net,France,2024-08-01,Standard,46275.08
4607,Timothy Rodriguez,paullamb@example.net,India,2020-10-18,Basic,21332.23
4608,Kristen Thomas,martintracy@example.net,Canada,2023-02-13,Premium,7692.58
4609,Katrina Buck,jonathanmoses@example.net,USA,2020-04-26,Basic,22651.12
4610,Allison Moreno,ballmichael@example.net,Australia,2023-11-22,Standard,32866.54
4611,Cheryl Reeves,mccarthyjoshua@example.com,UK,2024-06-29,Premium,15868.66
4612,Joseph Richardson,bmaddox@example.com,India,2024-02-09,Premium,4045.35
4613,Marcus Scott,nelsonkevin@example.org,USA,2020-04-17,Basic,4705.78
4614,Amanda Wallace,pwilliams@example.org,Australia,2020-04-02,Basic,40782.75
4615,Wayne Williams,amoore@example.net,USA,2023-09-14,Basic,32006.95
4616,Justin Stanley,kara42@example.com,Australia,2024-08-14,Premium,45231.42
4617,Deanna Chapman,vjohnston@example.net,Germany,2020-09-29,Premium,29481.62
4618,Ashley Farrell,znorris@example.com,Australia,2022-01-14,Standard,24777.26
4619,Erica Hill,william78@example.net,Germany,2024-11-21,Premium,4048.69
4620,Monica Blevins,dbrowning@example.net,France,2021-08-12,Basic,17982.41
4621,Natasha Thomas,flynnheather@example.com,Australia,2022-04-19,Basic,46556.17
4622,Chloe Morales,alvarezsarah@example.net,USA,2020-02-06,Premium,35942.09
4623,Tim Bell,williamsdavid@example.org,Canada,2022-01-16,Basic,31965.84
4624,Johnny Bell,afrank@example.com,UK,2020-07-20,Premium,5634.3
4625,Jerome Haney,bgarcia@example.org,USA,2023-09-15,Standard,12636.3
4626,Jason Robles,,Canada,2023-08-08,Basic,17173.3
4627,Melissa Clark,tuckerjennifer@example.com,Germany,2021-12-27,Standard,36501.86
4628,Carol Stephenson,thomasmichael@example.org,Australia,2024-10-02,Standard,23114.09
4629,William Hall,floreskyle@example.com,UK,2021-05-12,Basic,8523.3
4630,Mr. Anthony Campbell,gzhang@example.org,Australia,2024-11-26,Basic,8823.94
4631,Dan Oliver,gsteele@example.com,India,2023-07-20,Standard,34766.33
4632,Amanda Li,pkent@example.com,USA,2020-02-23,Standard,12735.57
4633,Wanda Perez,erictownsend@example.org,Canada,2024-01-29,Basic,13490.9
4634,Janet Graham,justin05@example.org,India,2023-09-05,Basic,12797.79
4635,Christopher Bonilla,holtrobert@example.net,France,2021-05-21,Standard,23414.48
4636,Michael Landry,dmcintyre@example.net,Canada,2023-04-30,Basic,42290.95
4637,Steve Allen,mckayshawn@example.org,India,2020-07-30,Premium,9758.1
4638,Robert Mathews,vphillips@example.com,Australia,2020-08-31,Basic,14344.75
4639,Bryan Alexander,elizabeth70@example.com,Germany,2024-10-26,Basic,36575.51
4640,Tracy Johnson,zschmidt@example.com,Germany,2021-06-12,Basic,36698.65
4641,Connor Hebert,urios@example.net,Australia,2021-12-26,Standard,45068.4
4642,James Edwards,johnsondeborah@example.com,UK,2023-04-30,Standard,33258.45
4643,Brandon Mcbride,xneal@example.org,France,2024-04-30,Standard,8401.25
4644,Shawn King,jeffery27@example.org,USA,2021-05-02,Premium,41646.94
4645,Renee Cook,caldwellclaudia@example.com,Germany,2022-02-11,Standard,41000.42
4646,Craig Adams,sandersfelicia@example.org,Australia,2021-08-07,Standard,729.52
4647,Regina Reynolds,john22@example.net,Germany,2023-12-15,Basic,3456.85
4648,Patricia Williams,bairdaaron@example.com,Canada,2022-08-22,Basic,41352.41
4649,Kevin Ramos,bradley89@example.net,USA,2021-04-03,Basic,9798.66
4650,Richard Turner,pachecopatricia@example.net,UK,2020-07-19,Basic,48945.16
4651,Lindsay Smith,boydandrew@example.net,UK,2022-09-16,Standard,41504.2
4652,Shelia Rivera,paynejoseph@example.org,USA,2021-01-30,Basic,16618.1
4653,Allison Mcknight,nealpatricia@example.com,USA,2021-11-18,Standard,1884.62
4654,Connie Krueger,lpatrick@example.net,Australia,2020-03-10,Basic,31755.02
4655,Brian Young,davisjacqueline@example.net,India,2021-07-08,Premium,43642.09
4656,Chad Fields,ritabeard@example.com,Germany,2024-10-24,Standard,25758.01
4657,Patty Thomas,hernandezgina@example.net,India,2021-09-25,Standard,49446.04
4658,Cheryl Waters,bryantlindsey@example.net,USA,2022-07-18,Standard,33534.29
4659,Sara Richards,carol26@example.org,UK,2024-04-22,Standard,2769.01
4660,David Miller,julie56@example.net,Germany,2021-10-08,Basic,43962.51
4661,Shelby Blake,ggomez@example.net,France,2020-06-25,Standard,31015.1
4662,William Hanson,turnersara@example.net,Germany,2023-05-18,Basic,5446.94
4663,Matthew Sanders,benjamin62@example.net,France,2023-07-13,Standard,45526.38
4664,Erica Bauer,kaylaboone@example.org,Canada,2022-05-11,Standard,32218.1
4665,Devin Luna,gcruz@example.org,India,2022-01-24,Standard,48021.21
4666,Maureen Carroll,tracy58@example.com,Germany,2020-08-04,Standard,26989.45
4667,Melissa Wyatt,barbaracollins@example.org,UK,2022-08-04,Standard,29006.06
4668,Mark Schaefer,emmawells@example.net,Australia,2021-10-06,Standard,38842.92
4669,Katrina Lawrence,hamiltonpatrick@example.com,Australia,2023-01-24,Basic,29982.64
4670,Matthew Harper,stephaniegraham@example.org,UK,2020-09-10,Basic,24113.92
4671,David Drake,qpeterson@example.org,France,2022-08-30,Basic,5322.24
4672,Lisa Goodwin,tammy78@example.net,Canada,2023-11-23,Standard,12764.28
4673,Taylor Logan,patriciasmith@example.com,USA,2022-06-26,Basic,43106.21
4674,Alyssa Anderson,michael02@example.net,Australia,2021-12-06,Standard,48178.99
4675,Donna Gibson,elizabeth41@example.net,France,2021-05-29,Premium,6696.84
4676,Benjamin Paul,stephaniefitzgerald@example.org,USA,2024-02-19,Standard,11396.57
4677,Matthew Simmons,ogates@example.org,Germany,2024-06-10,Standard,11989.53
4678,John Garner,oolson@example.org,Canada,2023-10-03,Premium,5725.21
4679,Anne Stanley,phillipsandrea@example.net,France,2021-04-02,Standard,1601.17
4680,Sarah Thompson,sparksdawn@example.com,Australia,2022-05-05,Premium,44090.02
4681,Marc Reed,jacobfitzpatrick@example.com,USA,2020-09-17,Premium,43360.01
4682,Kevin Pugh,dennisanderson@example.com,Australia,2022-05-20,Basic,27896.59
4683,Joy King,dcraig@example.org,USA,2024-12-22,Premium,2334.63
4684,Kelly Wiley,christopherwalls@example.com,India,2022-08-19,Premium,8868.88
4685,Andrew Dawson,amandaaguilar@example.com,India,2023-07-23,Premium,26148.88
4686,Kimberly Wagner,gregory04@example.com,Germany,2021-08-27,Standard,2360.95
4687,Melissa Matthews,miguelshaw@example.net,India,2021-07-22,Basic,29883.64
4688,Amy Reyes,feliciathompson@example.com,Australia,2021-03-16,Basic,33869.09
4689,Amy Ewing,lance16@example.net,Canada,2023-04-29,Premium,27432.28
4690,Leslie Roberts,hnewman@example.net,Canada,2023-12-19,Premium,19247.42
4691,Pamela Black,alewis@example.net,India,2024-08-06,Premium,36252.85
4692,Sheila Nguyen,kimberly59@example.org,Australia,2023-07-09,Standard,16034.3
4693,Michael Rogers,othompson@example.com,USA,2024-10-21,Basic,29522.67
4694,Malik Murray,bfreeman@example.org,Canada,2022-01-02,Basic,13890.54
4695,Thomas Silva,kelly99@example.com,Canada,2023-05-24,Basic,27561.54
4696,Michelle Spencer,lisabauer@example.org,India,2020-03-21,Standard,20492.54
4697,Barbara Mccormick,newtongregory@example.com,Australia,2023-05-04,Standard,33846.43
4698,Jennifer Flores,tracy95@example.org,India,2021-04-07,Premium,36693.43
4699,Nicole Williams,ogriffin@example.net,Australia,2023-12-03,Standard,37604.68
4700,Alexis Dixon MD,crystal58@example.net,Australia,2022-06-02,Premium,40886.75
4701,Christopher Thompson,nancy96@example.com,USA,2021-09-30,Standard,37135.51
4702,Lisa Cabrera,melissadodson@example.com,UK,2020-07-28,Basic,16637.23
4703,John Paul,whitejay@example.com,Australia,2021-01-10,Premium,21699.26
4704,Erin Blackburn,cbrooks@example.net,Australia,2022-06-02,Standard,13506.76
4705,David Bowen,paulwhitaker@example.com,India,2022-08-29,Basic,19710.07
4706,Mr. Max Smith,qgreene@example.org,UK,2022-05-08,Basic,35477.04
4707,Mark Jennings,michellejohnson@example.com,France,2020-06-04,Basic,47135.55
4708,Laura Johnson,wendy66@example.net,Australia,2023-10-25,Premium,22406.35
4709,Denise Hernandez,stevenskaren@example.org,UK,2021-06-13,Standard,40915.45
4710,James Mason,kimberlymoss@example.org,Australia,2020-10-07,Standard,30968.83
4711,Jasmine Zhang,jennifer55@example.net,India,2022-03-24,Standard,18427.48
4712,Jamie Clark,wellsann@example.org,Germany,2023-09-24,Premium,21042.55
4713,Casey Barker,lisa64@example.net,USA,2022-01-28,Standard,18958.24
4714,Teresa White,ndavis@example.net,Canada,2023-03-12,Standard,20322.3
4715,Mary Santiago,danielberry@example.org,UK,2024-04-20,Standard,869.79
4716,Felicia Wolfe,jeffrey09@example.com,USA,2020-04-26,Standard,27815.5
4717,Gabrielle Oneal,brobinson@example.org,Australia,2023-04-05,Standard,23676.67
4718,Charles Frost,howardchris@example.com,Australia,2020-04-13,Standard,24316.22
4719,Sheila Hanna,pittsmary@example.net,France,2020-07-16,Standard,18612.69
4720,Matthew Hubbard,morganwatts@example.com,France,2023-09-28,Premium,22731.36
4721,Lynn Munoz MD,timothyfuller@example.org,India,2023-10-29,Standard,18915.02
4722,Lauren Stephens,smurray@example.org,France,2021-09-03,Standard,1211.62
4723,Kevin Klein,wellsvalerie@example.net,India,2022-12-09,Standard,35106.96
4724,Lisa Guzman,nguyenjane@example.org,Australia,2024-11-13,Standard,48173.27
4725,Alexandra Sandoval,jaydominguez@example.org,Germany,2021-01-22,Standard,43646.82
4726,Jordan Lee,robert21@example.org,UK,2022-03-04,Standard,4025.1
4727,Kimberly Jones,solson@example.org,Canada,2023-09-16,Basic,49021.91
4728,Kelsey Thompson DDS,bryan95@example.com,France,2023-10-06,Basic,47043.18
4729,Melvin Meadows,angela22@example.org,Canada,2023-06-18,Standard,25573.79
4730,Carl Payne,bbarnett@example.org,Australia,2020-01-11,Premium,24384.23
4731,Patricia Payne,charlenewalker@example.org,UK,2021-10-13,Premium,37422.87
4732,Scott Rose,ugarcia@example.org,Germany,2021-10-02,Standard,9325.42
4733,Mariah Evans,robertbeck@example.net,India,2022-06-29,Standard,39882.01
4734,Michael Flores,hcohen@example.org,France,2020-07-06,Premium,4685.91
4735,Vincent Lutz,jessica08@example.net,France,2020-03-30,Standard,6974.76
4736,Emily Singh,karen58@example.org,USA,2023-04-02,Premium,30197.61
4737,Adam Smith,ftucker@example.com,Germany,2021-04-08,Standard,3814.96
4738,Kevin Griffin,ybennett@example.net,India,2021-06-23,Basic,49785.59
4739,Dana Robinson,lisa74@example.net,Australia,2022-11-14,Basic,18385.42
4740,Christina Mendoza,ericgrimes@example.net,Australia,2022-02-24,Premium,27722.25
4741,Kathryn Jensen,cooperhoward@example.com,France,2021-06-13,Standard,41688.6
4742,Margaret Sanchez,brent21@example.net,India,2021-06-13,Standard,25339.3
4743,Mark King,karenjohnson@example.com,India,2024-04-27,Standard,6403.79
4744,Jessica Larson,michael97@example.com,Australia,2021-03-07,Standard,103.04
4745,Jamie Armstrong,beverly98@example.org,France,2022-03-12,Basic,2584.07
4746,William Hall,ndiaz@example.com,France,2023-03-24,Standard,35235.92
4747,Kelly Drake,rebecca57@example.org,UK,2021-03-22,Standard,2736.77
4748,Lisa King,joseph96@example.org,USA,2024-08-04,Basic,13994.46
4749,Justin White,eking@example.com,Australia,2021-05-22,Basic,25204.62
4750,Christopher Thomas,zachary75@example.com,Australia,2024-07-05,Standard,44382.47
4751,Scott Oliver,frivera@example.net,Australia,2024-05-08,Standard,3014.7
4752,Valerie Martinez,lisawilliams@example.org,Germany,2024-08-03,Standard,45629.46
4753,Adam Mitchell,kimnoah@example.net,Germany,2021-10-27,Premium,13164.7
4754,Nicholas Jones,joshuafrost@example.com,Germany,2022-01-16,Premium,49684.92
4755,Nancy Harrison,jacobyoung@example.org,India,2023-11-15,Basic,27158.02
4756,Gabrielle Harris,,Australia,2021-07-26,Basic,411.73
4757,Lauren Weaver,kbright@example.net,India,2020-12-05,Basic,47154.26
4758,Linda Hendricks,wcastro@example.net,France,2021-08-16,Basic,3044.19
4759,Matthew Arnold,djoyce@example.com,India,2021-03-28,Standard,151.18
4760,Julie Robinson,mikaylabruce@example.com,USA,2020-02-19,Standard,40382.39
4761,Mr. Jonathan Cochran DVM,gibbskaren@example.net,Australia,2023-03-19,Standard,15817.67
4762,Jack Williams,carolinemoore@example.net,UK,2024-06-21,Basic,2276.62
4763,Tricia Yang,smithscott@example.org,UK,2023-07-21,Basic,43123.51
4764,Brittany Kelly,wblack@example.com,Germany,2021-12-05,Basic,6894.6
4765,Marc Lambert,ronald11@example.com,India,2022-03-18,Standard,40502.13
4766,Juan Townsend,zmartin@example.net,France,2021-07-30,Standard,329.71
4767,Shawn Buchanan,glambert@example.net,Germany,2022-07-03,Basic,41515.86
4768,Gary Stewart,hannahdrake@example.com,France,2020-12-23,Basic,28742.72
4769,Luke Woods,nboyd@example.com,UK,2020-03-01,Basic,34986.43
4770,Michael Johnson,salinasmelissa@example.com,USA,2023-01-11,Standard,39892.69
4771,Austin Anderson,stewartamy@example.net,Germany,2022-04-01,Standard,27811.11
4772,Timothy Webb,jeffrey98@example.org,USA,2020-07-22,Basic,17296.23
4773,Molly Jackson,walkerdale@example.org,France,2020-01-05,Standard,23663.65
4774,Melissa Knight,alyssa06@example.net,India,2021-04-21,Basic,4495.73
4775,Christina Dalton,hendersonfernando@example.net,France,2021-12-21,Basic,46292.2
4776,Jason Villa,wcastillo@example.net,Australia,2021-10-11,Standard,15611.65
4777,Nancy Molina,kelly05@example.net,Germany,2023-10-14,Standard,38548.57
4778,Jessica Mccullough,michaelsmith@example.org,Canada,2020-11-22,Premium,16681.28
4779,Regina Patel,johnsonamber@example.com,USA,2024-01-11,Basic,33232.99
4780,Brittany Cooper,katelyn72@example.org,UK,2022-08-19,Standard,3529.16
4781,Todd Smith,christopher07@example.net,Australia,2024-09-30,Standard,44094.27
4782,Lauren Wilson,qsmith@example.org,Canada,2022-02-20,Standard,12876.08
4783,Ashley Cooper,crystal61@example.org,Canada,2023-03-29,Basic,16936.02
4784,Donald Alvarado,brandon04@example.com,Australia,2022-10-04,Standard,3117.73
4785,Martin Matthews,conniejohnson@example.net,Australia,2023-02-11,Basic,21827.54
4786,Matthew Collins,cindy56@example.net,Canada,2021-09-27,Standard,29455.47
4787,Stephanie Holloway,knappjeffrey@example.net,USA,2021-12-19,Basic,12643.41
4788,Jennifer Freeman,kevinnguyen@example.net,UK,2024-07-31,Standard,9842.07
4789,Andrew Blair,michaelpatton@example.com,UK,2024-05-09,Premium,40030.08
4790,Debbie Lucas,pmorales@example.net,UK,2023-01-14,Basic,45396.91
4791,Monica Green,brittanyvaughan@example.net,Australia,2020-02-03,Standard,45758.72
4792,Shelley Ramsey,ksimpson@example.com,Germany,2020-07-09,Standard,2748.34
4793,Kenneth Rodriguez,lwilliams@example.net,Canada,2024-09-21,Basic,35263.93
4794,Jonathan Smith,claytara@example.net,UK,2024-07-21,Standard,16844.62
4795,Steven Hall,noah12@example.net,India,2020-06-24,Basic,8056.84
4796,James Nguyen,jcruz@example.com,Germany,2022-03-12,Basic,585.69
4797,Sean Robinson,martinezrichard@example.net,India,2022-04-06,Basic,45125.44
4798,Sean Buchanan,sarah94@example.com,UK,2021-05-26,Premium,31484.31
4799,Anthony Elliott,owilson@example.net,UK,2021-02-06,Premium,49506.63
4800,Patricia Davis,rjohnson@example.org,India,2021-11-29,Standard,47557.0
4801,Angela Flowers,seth65@example.org,Australia,2024-03-28,Standard,25424.77
4802,Brian Lopez,justin58@example.net,UK,2023-03-01,Standard,34365.24
4803,Rebecca Rodgers,jessica54@example.org,India,2023-04-19,Basic,35237.56
4804,Rebecca Wilson,sarahmeyers@example.net,Germany,2020-03-22,Standard,34368.21
4805,Karina Patterson,morrisonlisa@example.org,USA,2022-03-22,Standard,20365.53
4806,Tara Fitzgerald,rachel76@example.org,France,2023-07-11,Basic,15824.84
4807,Mr. Bryan Kim,adam26@example.net,Australia,2020-08-14,Standard,47030.79
4808,Douglas Nguyen,paul83@example.org,France,2024-02-01,Basic,44659.14
4809,Christian Davis,sheila55@example.org,France,2024-03-18,Premium,45065.73
4810,Heather Spears,kendra75@example.org,Canada,2021-11-02,Basic,17931.49
4811,Kathy Brown,deborah82@example.net,Australia,2020-01-25,Premium,43010.59
4812,Benjamin Myers,kurtschwartz@example.org,Canada,2023-04-13,Standard,2633.62
4813,Joseph Garcia,edwardharrison@example.com,UK,2021-03-27,Standard,43154.9
4814,Jason Cole,bgonzales@example.net,Australia,2021-09-05,Basic,17416.52
4815,Katie Martinez,kathryn87@example.net,Canada,2023-07-13,Standard,29451.21
4816,Lauren Hernandez,joseph93@example.org,Germany,2021-01-02,Basic,17055.24
4817,Mark Simpson DVM,qortiz@example.net,Germany,2024-01-28,Premium,41754.2
4818,Abigail Mcdaniel,richardhenderson@example.com,India,2023-03-25,Standard,9644.02
4819,Cody Lee,tmartinez@example.net,India,2023-11-19,Standard,2570.92
4820,Karen Carlson,john03@example.net,UK,2023-05-27,Basic,33736.16
4821,Curtis Pena,huntdaniel@example.com,France,2021-05-25,Basic,33354.71
4822,Brooke Henderson,meltonmonica@example.org,Canada,2022-07-03,Premium,49130.1
4823,Nancy Mendez,stephanie11@example.com,UK,2021-05-19,Standard,10889.97
4824,Stephanie Elliott,wardjohn@example.org,UK,2024-04-19,Basic,10242.85
4825,Angela Nunez,asmith@example.org,Australia,2021-03-06,Premium,13943.96
4826,Anthony Sanders,robertzhang@example.org,India,2024-01-18,Premium,10804.2
4827,Trevor Arnold,duanemclean@example.com,India,2020-07-10,Standard,48617.97
4828,Wendy Thomas,gnixon@example.org,USA,2021-09-08,Premium,15064.61
4829,Beth Brown,antonio57@example.net,France,2024-06-13,Premium,11146.93
4830,Matthew Foster DDS,johnsonyolanda@example.com,France,2023-03-19,Basic,30868.31
4831,Tyler Schmidt,dcantu@example.net,USA,2021-01-26,Standard,17370.8
4832,Pamela Hawkins,danielwilliams@example.org,Canada,2022-05-10,Basic,34332.63
4833,Joseph Beltran,mcleankaren@example.net,UK,2020-02-02,Premium,19457.33
4834,Lindsey Finley,gentrymatthew@example.net,India,2023-04-29,Standard,24395.95
4835,Robert Olson,traciwalls@example.com,Australia,2021-06-05,Premium,1059.16
4836,Stephanie Cole,bryanjackson@example.org,Germany,2022-08-31,Basic,45450.78
4837,Teresa Hernandez,geraldandrews@example.net,Germany,2023-05-24,Premium,19404.18
4838,Erin Johnson,brittany38@example.net,Germany,2024-10-02,Standard,38936.87
4839,Katherine Ware,jimmy18@example.net,Australia,2022-01-03,Basic,25097.6
4840,Kyle Gibson,brownlisa@example.net,France,2020-11-13,Premium,44499.2
4841,Dr. Claire Jenkins,timothybell@example.net,USA,2023-04-01,Premium,42429.07
4842,Diana Hull,amberward@example.org,UK,2024-05-15,Standard,49328.87
4843,Mr. Andre Carpenter DDS,wallaceduane@example.net,Australia,2024-05-23,Premium,19692.26
4844,Pamela Esparza,campbelljason@example.org,Germany,2024-01-12,Basic,42340.91
4845,Jason Fisher,wilsonchristopher@example.com,UK,2020-02-26,Premium,8117.94
4846,Megan Zhang,marksmith@example.com,UK,2020-10-30,Premium,24712.19
4847,Wesley Brown,chrishughes@example.com,Australia,2020-08-26,Standard,6587.39
4848,Ryan Perez,graykelly@example.net,UK,2024-10-06,Standard,23022.99
4849,Adam Alvarez,ymartinez@example.net,USA,2021-06-22,Standard,31424.04
4850,Oscar Williams,munozdana@example.com,France,2020-02-22,Standard,38977.01
4851,Steven Smith,robert73@example.net,USA,2021-10-15,Standard,16618.4
4852,Yolanda Diaz,christopher63@example.com,India,2020-11-28,Premium,39394.0
4853,Matthew Johnson,lindakaufman@example.com,Germany,2022-05-24,Standard,44628.12
4854,James Nguyen,ssmith@example.net,Canada,2020-11-02,Premium,12289.84
4855,Stephen Alexander,christopher49@example.org,France,2021-11-01,Basic,27833.71
4856,George Hernandez,nshields@example.net,UK,2024-03-26,Standard,795.83
4857,Ricky Mack Jr.,stewartsteven@example.net,Australia,2023-02-14,Premium,19262.9
4858,Tammy Larson,moralesjessica@example.org,Germany,2020-06-29,Basic,30851.69
4859,Emily Krueger,jonesfrancisco@example.com,India,2020-07-30,Basic,16792.14
4860,Robert Collins,olivia67@example.org,Australia,2020-05-15,Basic,16770.74
4861,Christina Jones,thuang@example.com,Australia,2020-06-17,Standard,39518.72
4862,April Ortiz,kyle50@example.net,Germany,2021-10-04,Standard,28323.12
4863,Abigail King,bankslaura@example.com,USA,2022-01-06,Premium,36873.64
4864,Julia Hughes,debrajohnson@example.org,Canada,2023-05-12,Standard,19822.54
4865,Joseph Vincent,gibsonanthony@example.org,USA,2024-10-27,Basic,21012.11
4866,James Friedman,bgreen@example.org,Canada,2022-11-06,Premium,522.72
4867,Sarah Spears,kelly26@example.net,France,2020-04-14,Standard,17750.78
4868,Jessica Wilkins,melissajones@example.com,USA,2024-05-07,Standard,49166.84
4869,Philip Thompson,huffjon@example.com,Australia,2021-08-02,Standard,6391.51
4870,James Kim,renee82@example.org,Australia,2021-02-21,Premium,40077.54
4871,Maria Kline,david11@example.com,Canada,2024-08-07,Standard,37621.52
4872,Anthony Stone,corey59@example.org,India,2021-03-10,Premium,35051.16
4873,Jenny Flores,brucetyler@example.com,USA,2021-04-14,Standard,30438.92
4874,Timothy Garcia,rgoodwin@example.net,France,2023-12-18,Premium,45354.53
4875,Andrew Morris,dale37@example.net,Germany,2020-07-09,Premium,28685.25
4876,Michael Davidson,cynthiasherman@example.org,Germany,2024-09-24,Premium,18365.5
4877,Sarah Williams,,India,2023-09-30,Premium,5692.02
4878,James Rodriguez,traceyhill@example.net,Germany,2023-05-15,Standard,16682.56
4879,Tracy Fowler,ftorres@example.org,Germany,2021-03-10,Basic,44048.16
4880,Jacqueline Pena,wwright@example.net,Germany,2022-05-22,Standard,48643.32
4881,Jeffery Ingram,marycox@example.org,USA,2020-05-19,Standard,19147.82
4882,Michaela Robles,brandon09@example.org,Germany,2022-05-15,Basic,37545.58
4883,Paul Holmes,shawkins@example.com,Canada,2021-05-05,Basic,23989.64
4884,Manuel Jackson,murphykristin@example.com,Canada,2020-02-29,Standard,42918.2
4885,Thomas Hernandez,schmidtsergio@example.org,India,2021-12-14,Basic,30471.96
4886,Jennifer Harris,keithsimmons@example.net,USA,2020-06-22,Basic,24031.63
4887,Shannon Johnson,fthompson@example.net,USA,2023-03-25,Standard,16651.77
4888,Allison Rowland,longlauren@example.org,Australia,2023-10-23,Basic,32902.09
4889,Michael Wilson,carrie82@example.org,Australia,2021-01-17,Premium,36146.89
4890,Cathy Price,ataylor@example.net,Germany,2023-07-17,Premium,8963.85
4891,Samuel Hahn,lmartinez@example.net,USA,2022-04-20,Standard,6460.3
4892,Vincent Davis,kylie77@example.org,Australia,2020-09-19,Basic,6849.99
4893,John Lyons,hector14@example.net,Australia,2020-10-02,Premium,4525.16
4894,Cathy Gonzales,peggygreen@example.com,USA,2023-03-31,Basic,32776.2
4895,Luke Jensen,matthewmadden@example.net,Canada,2021-08-24,Basic,43026.69
4896,Mary Bradford,jeremy09@example.com,Canada,2021-10-17,Premium,48699.51
4897,Melinda Vasquez,randallpowers@example.org,Australia,2022-06-11,Standard,35555.96
4898,Gregory Hernandez,hendersonerin@example.org,France,2020-08-21,Standard,36812.39
4899,David Garcia,allenjared@example.org,Canada,2020-02-23,Premium,31738.79
4900,Jake Hubbard,thompsonjorge@example.net,Australia,2021-05-24,Standard,35748.27
4901,Paula Roberts,jacksondonald@example.net,USA,2020-08-18,Basic,6616.17
4902,Christopher Johnson,hfloyd@example.com,Germany,2024-06-06,Standard,46525.34
4903,Karen Pugh,jamie13@example.com,France,2020-01-22,Premium,18709.24
4904,Heather Humphrey,timothyjackson@example.org,USA,2024-09-30,Basic,37989.27
4905,Robert Yang,donaldbanks@example.net,Germany,2020-01-12,Standard,44328.16
4906,Linda Griffin MD,charlescole@example.net,UK,2021-07-04,Standard,244.0
4907,Kimberly Buchanan,ambergonzalez@example.net,Australia,2021-05-23,Premium,35790.84
4908,Stacy Brock,davislaura@example.com,France,2020-04-21,Basic,22054.52
4909,Derek Jackson,lawrence07@example.com,Germany,2024-05-30,Standard,29269.65
4910,Frank Hall,marc88@example.org,France,2024-04-08,Standard,38418.47
4911,Kristen Garcia,maxwellanthony@example.net,France,2024-01-21,Standard,49534.35
4912,Nichole Holmes,brian28@example.com,India,2022-06-17,Standard,40666.44
4913,Kristen Martin,zachary53@example.com,Australia,2020-05-08,Premium,14997.04
4914,Randy Garcia,javierjohnson@example.org,Australia,2021-11-27,Premium,47250.02
4915,Steven Brown,olewis@example.org,France,2020-07-01,Basic,10986.67
4916,Andrea Jordan,duarteveronica@example.net,Australia,2021-08-29,Premium,12472.28
4917,Allison Sanchez,jessicarandall@example.com,Australia,2023-06-05,Standard,13867.69
4918,Johnny Jones,nsmith@example.com,France,2022-11-10,Standard,7626.7
4919,Alyssa Davis,natashakemp@example.com,India,2024-12-03,Basic,46950.41
4920,Carl Woods,myersmaria@example.com,UK,2024-11-13,Premium,2888.27
4921,Edwin Hansen,xsanchez@example.com,UK,2020-04-20,Basic,48445.07
4922,Gary Taylor,rogerspatricia@example.com,UK,2024-01-13,Basic,19723.49
4923,Lori Wilson,olsenvalerie@example.net,Australia,2023-08-22,Basic,2124.91
4924,Karen Hess,boonelee@example.net,USA,2021-08-08,Standard,7733.29
4925,Kimberly Carroll,zryan@example.net,Germany,2021-04-25,Basic,18166.33
4926,Gabriel Padilla,hollowayseth@example.com,India,2024-12-23,Standard,38962.27
4927,Ernest Brown,rebecca55@example.com,Canada,2022-06-03,Standard,1905.27
4928,Mrs. Rachel Williams,zbrewer@example.com,Australia,2023-01-03,Standard,9897.72
4929,Dana Middleton,jonesnicole@example.net,UK,2020-05-23,Basic,35892.26
4930,Hannah Soto,hughestimothy@example.net,Germany,2020-05-11,Standard,15184.81
4931,Richard Ashley,kyle40@example.org,France,2020-01-25,Premium,9569.66
4932,Amanda Carter,wscott@example.com,Canada,2023-02-12,Standard,21748.61
4933,Ricky Phillips,xbell@example.com,Canada,2020-02-04,Premium,48436.01
4934,Kristen Jacobs DVM,ucoleman@example.com,USA,2022-02-09,Basic,33306.68
4935,Corey Williams,vmorrison@example.org,Australia,2020-06-11,Basic,47047.83
4936,Carolyn Stafford,rgomez@example.net,Germany,2021-11-11,Standard,33707.96
4937,Autumn Knight,parkerdaniel@example.org,India,2022-03-12,Standard,25710.58
4938,Sarah Parsons,charles64@example.com,Australia,2024-09-29,Premium,36774.11
4939,Dr. Nathan Hughes,loriwhitaker@example.org,Australia,2023-02-16,Standard,34393.44
4940,Stephanie Frank,jackiemartinez@example.com,India,2022-01-04,Standard,20437.44
4941,Jack Richmond,gutierrezjonathan@example.com,France,2021-05-22,Basic,45381.25
4942,Diane Juarez,johnparker@example.net,France,2022-09-17,Standard,28587.59
4943,Steven Jones,chaselaura@example.com,UK,2023-03-01,Standard,28029.31
4944,Patrick Becker,mmahoney@example.net,Canada,2020-10-13,Basic,36036.25
4945,Nicole Nguyen,robbinsjoseph@example.com,Australia,2024-11-08,Standard,23100.56
4946,Laura Torres,andrewskyle@example.com,Australia,2024-04-02,Basic,33368.85
4947,Dawn Sullivan,dawnroberts@example.net,UK,2024-03-19,Standard,12351.58
4948,Kristin Schneider,ewalton@example.com,Australia,2023-05-01,Basic,1833.25
4949,Karen Lang,cschaefer@example.net,France,2020-03-23,Premium,35349.65
4950,Scott Bell,wyattshawn@example.com,UK,2020-08-19,Standard,25025.46
4951,Jill Alexander,sreynolds@example.com,India,2023-10-07,Basic,13427.1
4952,Angela Martinez,patriciamartin@example.com,Australia,2020-08-18,Basic,19581.17
4953,Mariah Clark,lgraham@example.com,France,2024-03-23,Standard,25019.04
4954,Kiara Kelly,hflores@example.org,Canada,2023-02-21,Standard,35634.11
4955,Jessica Hartman,qwashington@example.com,Canada,2024-04-11,Basic,36115.11
4956,Karen Olson,nelsonmichael@example.com,Australia,2024-03-24,Basic,16841.63
4957,Timothy Taylor,wendy01@example.com,USA,2021-11-03,Basic,21885.65
4958,Luke Johnson,stephen52@example.com,Germany,2021-12-12,Basic,13615.64
4959,Katherine Dodson,sarah84@example.com,UK,2021-09-06,Basic,38868.35
4960,Michael Kennedy,vclark@example.net,UK,2021-05-10,Basic,21602.31
4961,Michael Mcgrath,keyrachel@example.org,Australia,2023-11-25,Premium,8936.45
4962,Caitlyn Mcfarland,oanderson@example.net,USA,2023-06-24,Premium,34917.29
4963,James Murphy,tbrown@example.net,India,2022-11-27,Standard,41954.71
4964,Todd Moore,bmontoya@example.org,France,2022-01-18,Basic,25451.47
4965,Leonard Johnson,kimberlygraham@example.com,Canada,2021-04-27,Premium,20015.14
4966,Tanner Greene,james50@example.org,India,2024-10-19,Basic,18623.66
4967,Jennifer Garcia,jeffrey77@example.net,UK,2022-08-17,Standard,22389.55
4968,John Fisher,anne19@example.org,India,2021-12-12,Basic,775.96
4969,Jessica Cook,vlang@example.net,Australia,2020-11-17,Standard,12055.91
4970,James Jones,haustin@example.org,Canada,2022-05-27,Standard,6021.31
4971,Christine Mendoza,smithbryan@example.org,USA,2023-10-09,Premium,40700.52
4972,Samantha Riley,jasontownsend@example.com,India,2021-02-27,Standard,13312.12
4973,Jessica Dalton,katherineramirez@example.com,Germany,2020-06-27,Premium,39652.66
4974,Michael Chambers,rebecca91@example.org,USA,2023-03-23,Standard,5905.56
4975,Ryan Fisher,benjamin11@example.net,Canada,2020-10-11,Basic,10753.2
4976,Kyle Davis,lmelendez@example.com,Canada,2020-06-24,Standard,20691.2
4977,Charles Pacheco,annabullock@example.org,France,2024-12-17,Standard,5302.07
4978,Janice Reynolds,qlucas@example.org,Australia,2021-01-30,Basic,1596.38
4979,Donna Lopez,jenniferhoward@example.net,France,2023-09-23,Basic,24834.55
4980,Stacie Moreno MD,thomasmendoza@example.com,Germany,2023-02-20,Standard,8433.91
4981,Erika Moss,velasquezjessica@example.com,Australia,2022-05-17,Premium,36521.48
4982,Ricky Cowan,lisamorales@example.com,Germany,2020-03-26,Basic,27893.37
4983,Heather Moore,jwilliamson@example.com,UK,2024-04-22,Standard,40800.71
4984,Elizabeth Schroeder,hannahthomas@example.net,France,2023-08-05,Basic,8893.29
4985,Katherine Dyer,michelle12@example.net,Australia,2024-11-01,Standard,23086.67
4986,Jonathan Castillo,ykramer@example.net,USA,2020-06-01,Standard,44525.65
4987,Jeremy Bush,candicecline@example.com,Germany,2021-07-26,Premium,9780.38
4988,Diane Manning,qrobinson@example.net,Australia,2020-04-01,Basic,46694.57
4989,Alejandro Jones,stevenscurtis@example.org,France,2020-09-02,Standard,20605.01
4990,Diana Buchanan,stephenmcneil@example.org,UK,2022-02-10,Basic,7464.64
4991,Thomas Carter,wwalker@example.com,Australia,2020-02-24,Standard,6689.64
4992,Jacqueline Orr,johnsondaniel@example.com,Germany,2022-07-22,Standard,20396.21
4993,Jeremy Perez,hessthomas@example.net,USA,2020-03-25,Premium,14005.0
4994,Ana Beck,mhill@example.org,India,2024-07-10,Basic,46257.52
4995,Jason Johnson,aduarte@example.org,France,2024-09-19,Standard,7709.78
4996,Melody Cuevas,nlewis@example.org,Germany,2024-03-02,Standard,1326.87
4997,Mr. Andrew Skinner,davisnicole@example.com,Australia,2022-10-29,Standard,26005.29
4998,Billy Lindsey,samanthamoore@example.net,Australia,2023-05-21,Premium,46046.67
4999,William Perry,alexandriacook@example.net,Germany,2022-12-19,Standard,36501.46
5000,Amy Sexton,melissa43@example.com,India,2022-09-17,Premium,23209.42
5001,Donald Ruiz,greerjennifer@example.org,Canada,2024-12-19,Premium,21328.59
5002,Eric Williams,julie11@example.net,France,2024-09-19,Standard,28725.85
5003,Susan Hayden,jbrown@example.com,Canada,2022-01-11,Basic,10959.07
5004,Rebecca Park,laura77@example.net,UK,2022-03-09,Basic,34736.98
5005,Garrett Durham,nicholas57@example.com,Germany,2020-01-16,Premium,1850.61
5006,Christopher Morales,katherine69@example.com,India,2023-04-25,Standard,17358.57
5007,Jennifer Rodriguez,qmorgan@example.org,France,2023-09-10,Standard,19599.19
5008,Richard Rodriguez,evansangela@example.org,Australia,2021-11-29,Premium,32279.28
5009,Justin Valentine,vlambert@example.com,France,2024-07-20,Standard,24283.52
5010,Christopher Vasquez,ujefferson@example.org,USA,2021-04-24,Premium,18739.09
5011,Anna Evans,julie94@example.org,France,2023-09-29,Basic,43004.36
5012,Mark Moreno Jr.,melanie15@example.org,France,2021-02-19,Basic,7503.09
5013,Mary Krause,robertking@example.net,USA,2024-09-25,Standard,40752.61
5014,Edward Scott,qswanson@example.net,USA,2020-07-31,Standard,44691.71
5015,Terry Smith,fkeller@example.com,France,2023-04-08,Premium,14437.74
5016,Joseph Winters,,Canada,2023-05-11,Standard,41432.45
5017,Paul Buchanan,gjenkins@example.net,Canada,2020-03-27,Standard,17766.54
5018,Sean Logan,benjamin76@example.org,India,2020-05-26,Standard,4446.67
5019,Joyce Todd,pageamanda@example.org,UK,2020-01-10,Premium,19915.09
5020,John Wright,terri57@example.com,Australia,2020-07-06,Standard,23009.82
5021,Tammy Olson,hamiltontony@example.net,Germany,2020-06-17,Standard,24941.93
5022,Rebecca Thompson,kevinlin@example.com,Australia,2021-01-09,Basic,40365.6
5023,Leslie Hernandez,eric25@example.net,Canada,2022-06-05,Premium,2024.86
5024,Jay Poole,kristen08@example.net,India,2022-11-18,Premium,19881.64
5025,Randy Reed,lindsey76@example.net,UK,2023-09-03,Basic,41198.97
5026,Shannon Johnson,emilymartin@example.com,Germany,2023-12-27,Basic,27957.96
5027,Daniel Davis,heathamber@example.org,Germany,2021-10-15,Basic,35333.74
5028,Amanda Jones,kgolden@example.net,Australia,2020-03-27,Standard,39708.42
5029,Michelle Ellis,rachelho@example.net,France,2021-10-04,Basic,38126.04
5030,Ashley Martinez,wnolan@example.org,Germany,2022-03-06,Standard,20186.61
5031,William Sullivan,amber63@example.com,USA,2024-04-11,Standard,13206.51
5032,Richard Sanchez,mpalmer@example.org,USA,2024-01-17,Basic,48212.21
5033,Cassandra Marks,brandon80@example.com,Australia,2023-01-26,Basic,7167.56
5034,Jeffrey Owen,pweiss@example.net,USA,2022-06-28,Basic,942.68
5035,Ryan Melendez,patricia00@example.net,India,2020-01-09,Standard,12762.44
5036,Joshua Robertson,melissafischer@example.net,USA,2021-02-26,Standard,33550.61
5037,Aaron Jordan,jacquelineedwards@example.net,Canada,2023-07-28,Premium,40802.77
5038,Joseph Horton,yclay@example.com,Australia,2022-10-29,Standard,9288.21
5039,Danielle Watson,mitchelltaylor@example.net,Canada,2024-11-19,Standard,2952.28
5040,Theresa Adkins,brianharrison@example.org,USA,2022-06-11,Basic,49645.85
5041,Allison Allison,hbaker@example.org,UK,2020-01-09,Standard,2560.52
5042,Amber Morse,princedavid@example.net,UK,2022-09-22,Basic,31808.04
5043,Suzanne Murphy,iclark@example.net,Canada,2023-11-15,Basic,12307.64
5044,Catherine Parker,kmoore@example.net,Canada,2021-08-17,Premium,2865.55
5045,Christopher Edwards,alexandersteele@example.net,UK,2021-10-20,Basic,13861.41
5046,Jacob Brown,markking@example.org,Canada,2020-06-16,Premium,33483.22
5047,Jordan Chambers,alexander51@example.org,USA,2024-11-30,Standard,15314.04
5048,Melissa Wiley,christopher05@example.net,India,2020-06-18,Standard,7510.01
5049,Cameron Faulkner,vasquezcrystal@example.org,Australia,2024-11-19,Premium,38760.94
5050,Jacqueline Rivera,javieringram@example.com,USA,2022-01-13,Standard,25485.03
5051,Rachel Reyes,shane87@example.net,UK,2021-01-05,Standard,28588.44
5052,Brittany Wood,carriebennett@example.org,Canada,2021-11-01,Standard,19367.2
5053,Robert Gonzales,kevinhess@example.org,UK,2021-01-06,Standard,23859.58
5054,Ryan Gilbert,deannanichols@example.org,UK,2022-11-02,Standard,3728.8
5055,Jean Mitchell,ryanclark@example.com,USA,2021-09-30,Standard,3457.91
5056,Angela Torres,heather94@example.com,India,2024-10-04,Basic,13456.64
5057,Autumn Johnson,victoria46@example.net,India,2021-02-28,Basic,33694.2
5058,Veronica Ferguson,xrich@example.org,UK,2021-03-13,Standard,28521.81
5059,Amber Gonzalez,eric33@example.org,France,2023-06-16,Standard,18861.17
5060,Olivia Garcia,jsmith@example.com,Australia,2020-02-19,Standard,22597.88
5061,Mary Simpson,adam43@example.net,Germany,2024-08-01,Basic,3103.89
5062,Jessica Turner,caindenise@example.com,Canada,2020-03-19,Basic,1006.19
5063,Ernest Gross,mfarley@example.com,USA,2022-07-08,Basic,33366.51
5064,Wesley Washington,cameronkim@example.org,India,2021-01-02,Basic,24856.91
5065,Amanda Stevens,franklinvictoria@example.net,India,2020-11-05,Standard,7568.59
5066,Anthony Mcdaniel,cory62@example.org,India,2020-01-06,Standard,12258.18
5067,Lori Flynn,zfranco@example.com,Canada,2022-08-21,Basic,31053.18
5068,Mrs. Mariah Jones,kstephens@example.com,Germany,2020-01-21,Standard,22749.77
5069,Stephen Ross,hutchinsonerik@example.net,India,2020-03-26,Basic,23780.87
5070,Carla Jackson,nicholas80@example.com,India,2022-09-23,Standard,44670.5
5071,Jerry Anderson,craig99@example.com,USA,2024-12-18,Basic,49255.99
5072,Daniel Williams,schmidtjoseph@example.net,USA,2020-01-09,Standard,19531.23
5073,Sarah Dyer,jonathan87@example.net,Canada,2022-11-13,Standard,17022.03
5074,Rebecca Nelson,jamesbutler@example.com,France,2022-09-11,Standard,31119.71
5075,Judith Fitzgerald,paulwhite@example.org,France,2020-05-08,Standard,11937.85
5076,Melissa Henderson MD,uevans@example.net,France,2023-01-11,Standard,31585.16
5077,Madison Torres,schmidtjenny@example.org,France,2024-03-17,Basic,34679.15
5078,Joseph Nielsen,janice37@example.org,USA,2020-08-19,Standard,31535.27
5079,Shelly Rose,mitchellpaula@example.com,UK,2023-12-07,Standard,1640.77
5080,Joshua Fields,crystalgonzales@example.net,Germany,2020-05-22,Basic,28953.1
5081,Valerie Wilson,ybarnett@example.org,UK,2021-05-08,Standard,7322.11
5082,Desiree Sharp,jamesrodriguez@example.net,USA,2020-10-17,Standard,17663.45
5083,Robert Bell,iortiz@example.org,India,2022-08-21,Standard,40396.96
5084,Tammy Alexander,jennifer64@example.org,USA,2023-10-27,Standard,32040.19
5085,Jerry Sullivan,mtaylor@example.net,Canada,2023-06-28,Standard,443.69
5086,Emily Simmons,lesliecooper@example.com,India,2020-09-30,Premium,48411.66
5087,Richard Morales,chelseaarmstrong@example.org,Germany,2024-12-19,Standard,27283.3
5088,William Fisher,bradley01@example.com,Canada,2024-12-11,Standard,14957.42
5089,Darren Martin,angelalambert@example.net,Germany,2021-02-03,Standard,15544.52
5090,Chad Harris,wtaylor@example.net,Australia,2024-05-28,Standard,10145.18
5091,Jonathan Fisher,fbarry@example.org,Australia,2021-02-17,Standard,49531.32
5092,Jonathan May,hansenlarry@example.com,USA,2023-04-05,Standard,1250.37
5093,Eric Ingram,robertcastillo@example.net,USA,2021-10-29,Standard,11107.48
5094,Amanda Blair,lynngutierrez@example.com,USA,2024-04-10,Standard,19367.43
5095,Amanda Lloyd,mitchellkrista@example.net,USA,2024-07-14,Standard,9404.93
5096,Anthony Rodriguez,qkelly@example.net,Germany,2024-05-13,Premium,44148.32
5097,Tommy Walls,benjamindavis@example.net,Germany,2024-05-06,Standard,28508.56
5098,Bianca Moss,wacosta@example.net,UK,2023-06-15,Standard,2572.31
5099,April Lucas,lorianderson@example.net,UK,2023-05-17,Standard,497.06
5100,Taylor Ellis,brianayala@example.org,UK,2020-10-15,Premium,26497.91
5101,James Nicholson,ghudson@example.org,Germany,2023-09-30,Standard,21385.67
5102,Joseph Contreras,linlisa@example.org,USA,2021-01-24,Premium,15769.28
5103,April Thomas,sampsonrichard@example.org,UK,2020-09-26,Standard,42511.95
5104,Jason Mccormick,kylejohnston@example.com,Canada,2023-10-24,Basic,30625.03
5105,Charles Jordan,bruce53@example.com,UK,2022-06-30,Standard,32907.21
5106,Samuel Miller DVM,moorenathaniel@example.net,USA,2024-05-20,Basic,37710.59
5107,Ryan Leach,mcooper@example.net,Australia,2024-07-01,Basic,14678.78
5108,Eugene Frederick Jr.,jennifer55@example.org,USA,2024-10-23,Basic,39299.67
5109,Nancy Pittman,kathrynwilliams@example.org,Canada,2021-12-30,Standard,6153.48
5110,Monica Smith,courtneydavies@example.net,Germany,2024-10-18,Standard,12304.95
5111,Douglas Schneider,jeremy29@example.net,France,2021-07-18,Basic,47243.02
5112,Kelly Fry,usteele@example.com,USA,2024-05-22,Standard,14325.94
5113,Zachary Villanueva,oanderson@example.net,France,2023-10-28,Standard,20554.9
5114,Susan Castillo,dorisphillips@example.net,India,2023-12-22,Basic,41854.9
5115,Mark Sparks,johnsoncandace@example.com,France,2022-10-17,Premium,11303.99
5116,Christopher Romero,cameronfields@example.org,France,2020-08-09,Standard,6502.35
5117,Jessica Hunter,dmontes@example.org,Canada,2021-06-02,Basic,11004.46
5118,April Day,kelliott@example.org,France,2021-10-22,Basic,32163.01
5119,Kendra Green,erika56@example.com,Australia,2024-10-21,Standard,46694.5
5120,Wendy Walker,samanthahill@example.net,India,2024-05-06,Premium,48370.17
5121,Kayla Smith,charlesgross@example.net,Australia,2021-08-23,Basic,22332.6
5122,Cynthia Fitzpatrick,melody90@example.net,India,2022-05-12,Premium,43035.02
5123,Monica Martinez DDS,walshlaura@example.org,Canada,2021-12-19,Standard,15137.79
5124,Anna Keller,floresjose@example.com,Canada,2024-11-14,Standard,14424.56
5125,Claudia Marshall,dwilliams@example.com,France,2024-04-11,Standard,16900.24
5126,Marc Arroyo,littlesarah@example.com,Canada,2023-05-06,Premium,38909.53
5127,Jared Huynh,davidcook@example.org,India,2020-01-07,Premium,15158.38
5128,Lisa Williams,gwilliams@example.net,Germany,2024-12-28,Basic,19136.92
5129,Margaret Alexander,vsimpson@example.org,India,2023-07-02,Basic,11249.96
5130,Lisa Howell,paultrujillo@example.net,India,2021-07-02,Premium,44872.22
5131,Brian Shelton,tinarocha@example.com,Australia,2024-11-11,Premium,38961.38
5132,Brittany Martin,juliasmith@example.com,USA,2024-01-06,Basic,16732.59
5133,Ethan Cummings,gabriel47@example.net,UK,2024-02-26,Standard,35378.24
5134,Tina Ward MD,jamesharris@example.net,UK,2022-03-25,Standard,16935.35
5135,Crystal Mcguire,danielleroth@example.com,France,2024-06-25,Standard,215.61
5136,Lisa Henderson,villarrealnoah@example.net,Australia,2020-04-02,Basic,4036.18
5137,Alex Smith,jacksonallison@example.com,France,2023-04-25,Standard,3532.34
5138,Heather Velasquez,abrown@example.com,France,2020-08-08,Standard,9538.71
5139,Gabriel Hunt,baxterkristen@example.org,France,2020-06-23,Standard,11142.23
5140,Erin Lewis,ydavenport@example.net,India,2021-01-15,Basic,27581.43
5141,Julie Johnston,jennaschaefer@example.com,India,2021-06-08,Standard,44523.42
5142,Janice Lopez,rbartlett@example.net,USA,2022-05-18,Standard,46646.13
5143,Billy Macias,elizabethmalone@example.org,Canada,2022-09-11,Premium,12508.19
5144,Matthew Wallace,umorrison@example.org,UK,2021-07-20,Standard,13329.64
5145,Danielle Franklin,wheeleranne@example.net,USA,2021-05-08,Premium,15132.77
5146,Laura Stanton,qthompson@example.net,France,2021-01-04,Basic,20842.69
5147,Vincent Gould,katiegriffin@example.net,Canada,2020-05-15,Standard,32935.83
5148,Scott Perez,arice@example.net,Canada,2022-03-23,Standard,1498.22
5149,Brian Weaver,christopher10@example.org,Germany,2020-06-12,Basic,47482.09
5150,Jodi Osborn,gkelly@example.com,UK,2021-05-22,Basic,7129.33
5151,Jennifer Bean,harveylinda@example.net,Australia,2022-04-18,Standard,29170.08
5152,Adam Davis,brian43@example.com,India,2024-12-21,Basic,32725.55
5153,April Lopez,matthew64@example.com,France,2021-11-06,Basic,21963.89
5154,Sarah Monroe,dcox@example.org,UK,2023-08-17,Standard,9497.35
5155,Karen Mccann,duranmatthew@example.com,India,2022-08-06,Standard,15994.99
5156,Rebecca Pham,johnbrown@example.com,USA,2024-06-15,Standard,39589.61
5157,Michael Wilson,afields@example.org,UK,2024-03-09,Premium,8183.15
5158,Felicia Atkinson,yrobinson@example.org,Germany,2021-08-10,Basic,21164.0
5159,Shelly Martin,tapiajenna@example.org,UK,2023-03-05,Standard,16905.03
5160,Brittany Harris,drodriguez@example.com,Australia,2020-07-22,Basic,8058.2
5161,Jessica Martinez,robinsonmelanie@example.com,USA,2020-04-15,Standard,7750.57
5162,Debra Wilson,bramos@example.net,Canada,2021-01-05,Premium,910.46
5163,Veronica Gutierrez,bradleychristy@example.net,UK,2020-03-29,Standard,5479.58
5164,Luis Wilcox,edwardroy@example.net,USA,2021-02-03,Premium,1196.13
5165,Nicole Weaver,jennifer79@example.net,USA,2022-07-17,Standard,22104.56
5166,Dawn Robinson,christy86@example.net,Canada,2023-06-07,Premium,45055.09
5167,Jillian King DDS,alexandermaxwell@example.org,Canada,2022-11-06,Standard,40807.68
5168,Steven Scott,brittany50@example.org,Germany,2024-01-23,Standard,38817.7
5169,Philip Pugh,jchavez@example.net,France,2023-04-16,Standard,40710.15
5170,Garrett Griffin,hillamanda@example.net,USA,2020-11-29,Basic,8760.68
5171,Ronnie Parker,davidsonshannon@example.com,France,2023-12-17,Standard,4004.27
5172,Donald Bowman,donnabrooks@example.net,Australia,2022-01-15,Basic,36762.33
5173,William Miller,davidvaldez@example.net,Germany,2020-04-24,Standard,24433.05
5174,Nicholas Fletcher,zroman@example.org,USA,2020-02-18,Standard,35865.27
5175,Linda Torres,juan40@example.com,Australia,2023-05-30,Premium,6440.08
5176,Erin Jacobs,christinavelez@example.com,UK,2022-10-19,Premium,48613.05
5177,Zoe Warner,deangina@example.com,France,2023-12-12,Basic,49970.15
5178,Amy Hanson,dbernard@example.net,Canada,2022-02-10,Premium,35913.2
5179,Angel Ali,kyle16@example.net,Australia,2022-02-18,Standard,6706.9
5180,Anne Woods,mcohen@example.com,India,2020-10-24,Standard,22023.4
5181,Stephen Harrison,petersonapril@example.com,Australia,2022-10-09,Standard,41583.14
5182,Michael Scott,rwashington@example.net,France,2024-11-15,Standard,36509.4
5183,John Mitchell,johnsonbrian@example.org,Australia,2021-10-29,Basic,23866.72
5184,Kelly Gutierrez,jbailey@example.net,France,2022-03-05,Standard,41259.53
5185,Melissa Bishop,pbarnes@example.org,UK,2023-01-18,Standard,41636.99
5186,Sarah Shields,howardcox@example.net,Australia,2022-11-11,Premium,13259.11
5187,Chad Callahan,qhall@example.net,UK,2024-03-04,Standard,11446.76
5188,Mrs. Nicole Terry,ubrown@example.net,Australia,2021-07-12,Standard,39452.13
5189,Jenny Jackson,judith43@example.net,Germany,2021-05-23,Premium,25338.88
5190,Catherine Allen,wilsonlawrence@example.com,Australia,2022-05-21,Premium,15901.23
5191,Peggy Chambers,molly13@example.net,India,2022-09-23,Basic,39118.86
5192,Vickie Shaffer,ericmcconnell@example.com,UK,2021-10-22,Standard,26735.45
5193,Cindy Simpson,fordphyllis@example.com,France,2020-09-30,Basic,36262.88
5194,Mrs. Diana King,codyharris@example.com,USA,2023-12-27,Standard,12530.28
5195,Mr. Jeffrey Hahn,andreahenry@example.org,USA,2021-11-13,Standard,47030.38
5196,Michael Gates,kelsey80@example.com,Canada,2023-11-28,Premium,4318.36
5197,Steven Williams,aprillopez@example.net,Australia,2021-09-26,Premium,22948.69
5198,Christopher Lopez,bjohnson@example.org,Germany,2023-02-24,Standard,17398.12
5199,Jonathon Ford,oscarmills@example.com,France,2021-10-04,Standard,45918.84
5200,Michael Barnes,sharonbeck@example.com,France,2024-12-19,Standard,44553.68
5201,Alejandro Miller,melissafields@example.com,Australia,2023-09-26,Standard,2569.24
5202,Cindy Turner MD,sharon77@example.com,Canada,2023-10-14,Standard,1899.08
5203,Kimberly Horton,flewis@example.org,France,2021-03-07,Standard,7637.42
5204,Kevin Medina,warrenmichelle@example.net,India,2024-11-08,Basic,30900.8
5205,Jonathan Ryan,yatesjanet@example.net,France,2023-11-30,Premium,15985.14
5206,Matthew Carr,shawn53@example.net,Australia,2022-06-07,Basic,24750.19
5207,Debra Roberts,mooremark@example.com,USA,2020-10-09,Premium,24662.28
5208,Adam Oconnell,kristeningram@example.com,UK,2023-05-20,Standard,11093.57
5209,Bonnie Knight,hmartinez@example.org,Germany,2022-03-28,Premium,18099.76
5210,Sonya Bennett,zhudson@example.net,UK,2021-01-04,Premium,18846.46
5211,Gina Johnson,hbarrett@example.org,UK,2022-08-05,Standard,40564.35
5212,Charles James,ssmith@example.org,France,2022-06-04,Standard,42514.87
5213,Jon Lindsey,sanchezdebra@example.net,USA,2020-01-23,Premium,36823.43
5214,Gary Ashley,udurham@example.net,France,2020-03-04,Basic,10197.6
5215,Lisa Jones,luispayne@example.net,UK,2023-01-26,Standard,43872.73
5216,Samantha Byrd,hfarmer@example.org,Canada,2020-06-16,Standard,42046.83
5217,Julia Campbell,robinharris@example.com,Germany,2020-02-16,Standard,46130.19
5218,Jennifer Johnson,tina84@example.com,India,2023-11-29,Standard,40241.53
5219,Robert Freeman,pittmanglenn@example.net,India,2023-07-21,Standard,34187.52
5220,Sarah Lewis DDS,kimberlyjones@example.net,Canada,2020-05-18,Standard,3661.43
5221,Amy Torres,holly09@example.com,Canada,2022-11-06,Standard,39422.34
5222,Tyler Bennett DDS,gregory81@example.net,Germany,2023-10-18,Standard,35129.34
5223,Robert Charles,kramirez@example.net,USA,2020-06-16,Standard,32930.84
5224,Stephanie Garcia,tamarakelly@example.net,USA,2022-03-15,Basic,37079.94
5225,Daniel Anderson,danieljones@example.net,UK,2020-07-25,Standard,22672.29
5226,Alice Thompson,mistysnyder@example.com,Germany,2022-08-18,Standard,8607.77
5227,Shelley Patel,andrewrobinson@example.com,Australia,2020-07-31,Standard,975.09
5228,Sean Jackson,kdavis@example.org,India,2020-01-18,Standard,27182.57
5229,Brent Williams,stevensdonna@example.org,India,2023-10-15,Standard,1486.07
5230,James Walsh,jamespearson@example.org,UK,2021-01-28,Basic,7967.63
5231,Andrew Johnson,walllarry@example.org,France,2024-04-29,Premium,16196.76
5232,Jasmine Hughes,lisajohnson@example.com,Australia,2022-06-23,Basic,20584.58
5233,Brooke Chen,michael98@example.org,India,2022-03-03,Standard,15858.65
5234,Christine Jennings,jeremy35@example.org,France,2020-07-23,Standard,11706.31
5235,Cody Anderson,johnsonmegan@example.net,USA,2021-05-11,Standard,40636.96
5236,Karina Johnson,elizabeth51@example.org,France,2021-02-08,Premium,31158.91
5237,Kevin Ramos,hancocksarah@example.org,UK,2021-06-19,Basic,9076.28
5238,Eric Little,matthewwelch@example.com,Germany,2022-01-27,Premium,33195.94
5239,Justin Walker,hperez@example.com,France,2022-05-27,Premium,33474.28
5240,Larry Chapman,parkanthony@example.net,UK,2021-06-28,Premium,36220.18
5241,Michael Freeman,daviskyle@example.net,USA,2021-03-16,Standard,42581.53
5242,James Smith,perezjonathan@example.net,India,2024-07-08,Standard,42598.22
5243,Ryan Dixon,paul42@example.org,USA,2020-06-27,Basic,3305.19
5244,Matthew Harper,jasonsmith@example.com,France,2024-11-19,Premium,7676.82
5245,Joseph Velazquez,sullivanalfred@example.net,Australia,2020-07-23,Premium,3905.85
5246,Mr. Jesus Cooper,peterberger@example.com,Canada,2023-03-03,Standard,45593.66
5247,Diana Davis,qholland@example.org,India,2023-05-15,Standard,7767.32
5248,Lori Campbell,jessicacraig@example.com,Germany,2022-02-15,Standard,25025.23
5249,Sheila Grant,kmueller@example.org,UK,2020-09-16,Basic,5288.66
5250,Ryan Bautista,bmiller@example.org,France,2021-12-01,Standard,13180.98
5251,Crystal Freeman,christopher42@example.net,Germany,2024-10-25,Standard,49442.21
5252,Julie Parks,vpace@example.org,Canada,2020-04-27,Basic,33718.59
5253,Kevin Kelly,williamscourtney@example.org,India,2024-11-24,Standard,28543.86
5254,Hayley Ruiz,roger42@example.com,Germany,2023-06-10,Basic,22167.98
5255,Christina Soto,finleychelsey@example.net,Germany,2022-08-08,Standard,15752.55
5256,Frank Newman,bakerryan@example.com,UK,2022-03-18,Basic,19447.07
5257,Craig Smith,daniel06@example.org,UK,2020-11-01,Basic,20024.86
5258,George Odonnell,donnamiller@example.com,UK,2023-09-18,Basic,29830.09
5259,Cody Lopez,solomonmichael@example.org,Canada,2022-06-17,Standard,32959.35
5260,Andre Price,wmendez@example.net,India,2021-05-04,Premium,46515.08
5261,Brian Lopez,jasonabbott@example.net,Canada,2022-01-11,Premium,9746.07
5262,Ashley Hodges,lauriehenderson@example.net,India,2024-11-16,Standard,2369.06
5263,Brian Burnett,rmitchell@example.net,USA,2022-01-16,Standard,10926.21
5264,Karen Green,patrick50@example.net,Australia,2021-04-22,Standard,24331.32
5265,Patrick Jones,john99@example.net,Germany,2020-10-10,Basic,38647.03
5266,Alan Carpenter,xavierwilson@example.org,France,2022-08-09,Premium,23605.87
5267,Pamela Rodriguez,allisongarrison@example.com,France,2023-06-02,Premium,38041.54
5268,David Mcmillan,krogers@example.org,France,2022-09-07,Standard,30687.02
5269,Shannon Hart,maxwelljacob@example.org,France,2024-01-17,Standard,32619.22
5270,Sierra Horn,james67@example.org,Germany,2024-06-12,Premium,36794.26
5271,Kimberly Cain,annarose@example.org,India,2020-07-10,Standard,21656.35
5272,John Conner,heatherpitts@example.net,UK,2024-04-28,Basic,37281.79
5273,Alan Smith,libarra@example.com,France,2020-03-04,Premium,17456.99
5274,John Mata,michael40@example.com,USA,2022-12-15,Premium,16899.36
5275,Audrey Parker DDS,jruiz@example.net,Germany,2021-07-11,Premium,4908.42
5276,Michael Schultz,robert69@example.com,UK,2022-12-30,Premium,40499.69
5277,Christopher Bennett,tperez@example.com,USA,2021-02-02,Basic,44967.31
5278,Theresa Burns,leemichelle@example.net,Germany,2020-05-23,Premium,17828.38
5279,Amanda Ortiz,felicia14@example.org,France,2023-06-05,Basic,42138.32
5280,Alex West,edwardray@example.net,France,2022-03-21,Standard,28271.31
5281,Kimberly Davidson,wjohnson@example.net,France,2023-02-19,Premium,19965.57
5282,Julie Smith,jacob36@example.net,France,2021-03-14,Premium,22923.69
5283,Matthew Ford,jonestara@example.net,Germany,2024-12-22,Standard,11434.21
5284,Benjamin Cooper,zbaldwin@example.com,Canada,2023-09-30,Basic,10419.78
5285,Caleb Rodriguez,steven20@example.com,Australia,2021-01-09,Standard,19329.69
5286,John Moody,jessicacollins@example.com,Canada,2024-02-15,Basic,10803.06
5287,Gregory Michael,shannon31@example.net,Germany,2020-06-27,Basic,4256.76
5288,Joseph Vargas,epowell@example.net,UK,2023-08-18,Premium,31592.19
5289,Sean Mills,jeffrey30@example.org,Germany,2021-06-28,Basic,41374.86
5290,Kara Fitzgerald,sullivanrachel@example.org,UK,2022-08-05,Standard,5327.27
5291,Stacy Sparks,penny89@example.org,Germany,2023-10-03,Standard,38870.88
5292,Diana Gould,angelacasey@example.com,India,2020-04-29,Premium,7837.12
5293,Michael Johnson,zrobinson@example.com,Germany,2024-03-03,Premium,45013.44
5294,Justin Norris,leerhonda@example.org,Canada,2022-12-12,Premium,33684.04
5295,Patrick Smith,adam30@example.net,Canada,2022-08-16,Basic,11267.91
5296,Destiny Rodriguez,moralestracy@example.com,Australia,2022-11-26,Standard,30044.32
5297,Christina Vaughn,gpeters@example.org,Canada,2024-05-21,Standard,16335.81
5298,Karen Anderson,cynthiapacheco@example.net,Australia,2020-07-07,Basic,35045.83
5299,Gregory Clark,michaelgordon@example.org,UK,2020-03-03,Basic,24701.12
5300,Curtis Tucker,pwilliams@example.org,India,2022-07-08,Premium,37800.33
5301,Nicholas Malone,jpowell@example.net,Canada,2022-06-19,Basic,8435.7
5302,Alexis Moore,alyssa10@example.com,France,2023-06-22,Basic,26180.07
5303,Brandon Castillo,thompsonwilliam@example.org,Canada,2022-03-22,Basic,12443.38
5304,Lindsay Fernandez,shellycowan@example.net,India,2024-06-18,Premium,30374.27
5305,Rebecca Cobb,hillashley@example.org,Australia,2022-12-19,Premium,45919.22
5306,Raymond Lawrence,johnlevy@example.org,France,2020-03-19,Standard,29711.7
5307,Eric Hunt,heathchristopher@example.com,France,2023-12-31,Standard,12422.8
5308,Rachel Goodwin,victoriaroth@example.com,France,2022-06-28,Standard,24924.18
5309,Michael Ramirez,fjohnson@example.com,Canada,2023-07-09,Premium,35837.9
5310,Chris Clay,scottsamuel@example.org,Canada,2020-03-08,Basic,18905.83
5311,Nicole Anderson,vparker@example.com,France,2020-12-05,Basic,26739.94
5312,Kimberly Hester,epark@example.org,Canada,2024-01-06,Standard,17759.7
5313,Jesse Novak,warnerterri@example.org,Canada,2023-01-21,Premium,22466.05
5314,Evelyn Jones,rickeycarroll@example.net,UK,2020-03-30,Standard,28318.67
5315,John Jones,qwheeler@example.net,Australia,2021-02-04,Standard,11253.43
5316,Jennifer Erickson,thomasflowers@example.com,USA,2022-01-30,Standard,31859.45
5317,Scott Nelson,matthewchavez@example.net,Canada,2022-06-24,Basic,44341.06
5318,Kristine Watts,tamara83@example.com,France,2020-05-14,Standard,22308.09
5319,Tanya Palmer,scottcollins@example.net,France,2024-07-08,Premium,30905.39
5320,Manuel Mayo,campbelljoseph@example.com,UK,2020-01-08,Basic,15295.19
5321,Ryan Crawford,moorevalerie@example.net,Canada,2020-11-12,Standard,19878.23
5322,Tyler Peters,gentrykatherine@example.net,India,2020-01-07,Premium,39114.16
5323,Nathan Clark,briannasmith@example.net,Germany,2024-12-17,Standard,24951.72
5324,Amanda Lewis,christopher26@example.net,Germany,2024-06-16,Standard,42545.35
5325,Alexandra Simon,luis10@example.net,USA,2022-01-24,Standard,47685.06
5326,Lisa Watkins,delacruzmelanie@example.net,USA,2022-07-06,Standard,25253.01
5327,Christine Miller,cindyjohnson@example.net,UK,2022-05-09,Standard,12202.34
5328,Earl Howard,jonesshelby@example.com,Canada,2022-03-29,Standard,31532.7
5329,John Boyd,cynthiapeters@example.org,USA,2023-06-05,Basic,26868.1
5330,Mckenzie Webster,phillip55@example.com,Germany,2021-01-18,Basic,14719.07
5331,Pamela Massey,williamsrichard@example.org,France,2023-09-24,Premium,14571.79
5332,Samantha Russell,kellerjames@example.org,India,2022-03-15,Standard,33177.78
5333,Robert Martin,heather69@example.com,Germany,2023-07-06,Standard,594.65
5334,Bradley Lewis,cdelacruz@example.com,Australia,2022-04-16,Premium,44392.72
5335,Heidi Long,cruzjames@example.org,India,2022-02-02,Standard,48062.86
5336,David Warren,lisacollins@example.net,India,2022-12-11,Standard,27688.56
5337,James Swanson,palmerkatherine@example.net,Australia,2022-10-12,Premium,27263.77
5338,Dylan Smith,tzavala@example.net,USA,2022-03-23,Basic,17992.61
5339,Charles Paul,veleznichole@example.com,India,2023-01-23,Standard,27858.47
5340,Brooke Newton,natashaburke@example.net,Germany,2021-06-15,Standard,43759.21
5341,Todd Parks,moodyjoshua@example.net,Canada,2021-08-13,Standard,15325.55
5342,Lisa Carlson,alvarezmatthew@example.com,Canada,2023-11-28,Standard,30980.83
5343,Kristin Anderson,briandavidson@example.com,Canada,2021-09-28,Standard,42745.06
5344,Vanessa Ramos,hollandmitchell@example.org,Australia,2021-06-04,Standard,20858.1
5345,John Webb,mbarajas@example.com,Australia,2024-01-09,Premium,46280.17
5346,Maria Paul,josephguzman@example.com,Germany,2021-02-02,Standard,735.0
5347,Javier Edwards,haguilar@example.org,India,2020-02-24,Premium,17311.18
5348,Felicia Santiago,amandaweber@example.net,UK,2021-05-22,Standard,5180.94
5349,Justin Doyle,nicholaschapman@example.com,Australia,2022-11-09,Basic,17858.96
5350,Cynthia Price,iadams@example.net,USA,2022-02-17,Basic,47520.75
5351,Wanda Myers,stonetimothy@example.com,UK,2021-02-27,Premium,13126.86
5352,Victoria Phillips,marcusjohnson@example.net,Germany,2024-06-29,Basic,48939.52
5353,Anthony Campbell,jorge42@example.com,France,2020-04-07,Basic,14780.07
5354,Eric Cooper,timothyjenkins@example.org,Germany,2023-01-03,Premium,38082.38
5355,Ronald Martin,dramirez@example.com,Australia,2021-08-02,Basic,32716.02
5356,Louis Carr,patrick03@example.com,Germany,2022-09-24,Premium,43921.52
5357,Dr. Amanda Edwards,loweandrew@example.net,Canada,2023-03-26,Premium,31588.07
5358,Karen Smith,ghoward@example.org,USA,2022-11-17,Standard,34427.81
5359,Cindy Lang,tracielong@example.com,India,2024-03-09,Standard,14851.76
5360,Zoe Mendoza,kerri63@example.org,Australia,2023-10-25,Standard,30112.5
5361,John Stone,richardsimon@example.net,Australia,2023-10-29,Standard,13785.51
5362,Andrea Winters,kathylong@example.net,UK,2020-08-05,Standard,45129.11
5363,Craig Garner,randerson@example.net,UK,2022-07-30,Basic,8325.25
5364,Leonard Powell,lisa49@example.com,Australia,2022-04-06,Standard,39391.13
5365,Courtney Phillips,lisachurch@example.net,India,2021-09-06,Standard,17275.23
5366,Brian Marshall,brandonfernandez@example.org,France,2024-03-28,Basic,6932.66
5367,Sharon Gilbert,samantha28@example.org,Australia,2024-08-01,Basic,9293.42
5368,Leah Carson,john65@example.org,Canada,2021-06-11,Premium,494.93
5369,Joseph Montgomery,johnsonchristopher@example.org,USA,2024-05-19,Basic,32411.06
5370,Richard Stewart,alexis41@example.com,UK,2023-03-09,Basic,13005.13
5371,Michael Neal,stevenholmes@example.org,UK,2023-04-04,Basic,15248.34
5372,Jerry Stark,lindaperez@example.com,UK,2022-03-06,Basic,18681.03
5373,Emily Moore,arnoldjonathan@example.com,USA,2022-03-28,Standard,8619.05
5374,Angela Melton,nicolerandall@example.net,Canada,2023-11-09,Basic,26765.44
5375,Jason Jones,christianparker@example.net,UK,2023-04-03,Standard,4183.6
5376,Katelyn Sanchez,daniellerichardson@example.org,India,2021-01-22,Standard,17450.14
5377,Jessica Haynes,juan12@example.net,India,2024-01-01,Basic,43106.45
5378,Peter Ramirez,lgibson@example.com,France,2021-04-20,Premium,12531.93
5379,Angela Guzman,janicedixon@example.net,India,2020-07-28,Premium,4661.09
5380,Daniel Cook,matthewochoa@example.com,Australia,2024-02-16,Basic,38978.72
5381,Mike Cardenas,mariapatel@example.com,USA,2024-01-11,Basic,7245.0
5382,Kathleen Fritz,houstonjohn@example.net,Australia,2021-06-02,Standard,21337.37
5383,Rebecca Bradford,joannescott@example.org,USA,2022-04-25,Standard,36602.17
5384,Brandon Booth,andrew82@example.net,France,2021-04-20,Standard,35647.04
5385,Megan Stewart,robert51@example.org,UK,2020-04-18,Standard,9129.14
5386,Mary Newman,davisstacey@example.net,France,2021-09-28,Premium,42100.74
5387,Colleen Gonzales,john03@example.org,India,2021-07-30,Basic,5160.02
5388,Eric Church,joseph28@example.org,India,2023-06-10,Standard,24513.75
5389,Alan Silva,kimberlysimon@example.org,France,2020-07-15,Standard,2831.48
5390,Tim Sosa,vsanchez@example.net,Australia,2020-12-11,Standard,31872.93
5391,Andrew Blake,sonyareese@example.org,UK,2024-05-25,Standard,12990.49
5392,Steven Maldonado,jasmine62@example.net,Germany,2021-07-04,Standard,11593.02
5393,Mr. Gregory Glass MD,marypatrick@example.net,UK,2021-03-19,Standard,38641.63
5394,Donna Jones,christopher88@example.net,UK,2021-10-07,Basic,36616.83
5395,Jeremiah Morse,sheltonariel@example.com,Canada,2020-11-24,Standard,41680.01
5396,Katrina Munoz,alexandernash@example.net,Canada,2023-01-05,Premium,29070.99
5397,Isaiah Schneider,richard07@example.com,France,2021-09-15,Basic,23027.17
5398,Michael Shelton,abowman@example.org,USA,2024-07-23,Basic,30191.43
5399,Todd Aguirre,ckelly@example.com,India,2020-04-07,Standard,25576.2
5400,Sheila Beck,tuckerolivia@example.net,India,2024-07-12,Premium,26539.57
5401,James Shannon,tannertina@example.org,UK,2022-11-26,Basic,3525.52
5402,Samantha Gillespie,timothy73@example.net,USA,2020-11-02,Basic,26106.17
5403,Mark Scott,alexander73@example.net,France,2020-07-03,Premium,46823.32
5404,Dr. Matthew Curry,martinezhenry@example.org,Germany,2023-10-14,Standard,44492.26
5405,Christopher Maldonado DDS,omontgomery@example.com,Canada,2024-08-21,Standard,17696.06
5406,Angela Fowler,aperry@example.com,USA,2022-06-01,Standard,9895.33
5407,Katherine Berry MD,xpeterson@example.org,USA,2024-12-10,Standard,9279.33
5408,Kimberly Rodriguez,alexandersmith@example.net,France,2021-12-06,Standard,6199.13
5409,Kelly White,eric90@example.org,France,2024-03-12,Standard,41603.44
5410,Benjamin Rodgers PhD,jason08@example.com,USA,2020-02-14,Standard,11398.67
5411,Justin Alvarado,sandersdonald@example.org,Canada,2024-04-03,Basic,2595.13
5412,Russell King,thomas06@example.org,Germany,2023-12-14,Basic,17876.4
5413,Jesse Schneider,hvelez@example.net,France,2024-06-05,Premium,14032.89
5414,David Daniels,browneugene@example.net,UK,2020-02-16,Premium,24011.62
5415,Kaitlin Patrick,barberdiana@example.com,Canada,2020-04-21,Basic,29665.24
5416,James Marshall,isingh@example.net,UK,2021-11-07,Basic,49348.15
5417,Joanna Smith,lindawalker@example.net,USA,2022-04-22,Basic,6913.93
5418,Madeline Christensen,kayla91@example.org,France,2024-02-03,Standard,18865.92
5419,Michelle Silva,juliadavid@example.net,Canada,2021-05-30,Standard,45311.16
5420,Jennifer Martin,medinakeith@example.org,India,2020-12-19,Standard,29333.28
5421,Allison Carr,anthonyford@example.org,India,2020-01-04,Premium,2506.39
5422,Troy Mcdonald,jose53@example.net,France,2023-11-17,Standard,11470.96
5423,Dylan Dawson,iclark@example.com,India,2020-05-27,Basic,41649.75
5424,Robert Wilkins,briancameron@example.com,France,2022-07-14,Standard,4850.46
5425,Robert Thompson,rfrye@example.org,India,2024-04-29,Standard,33212.2
5426,Susan Patton,angela08@example.net,UK,2022-07-30,Standard,32562.5
5427,Michael Rodriguez,wayne44@example.net,UK,2024-05-25,Basic,25778.53
5428,William Maldonado,ilivingston@example.org,Germany,2020-07-01,Standard,46964.24
5429,Michael Black,cunninghamrachel@example.net,Canada,2024-05-11,Standard,22945.28
5430,Dr. Valerie Durham MD,edwin67@example.org,UK,2024-02-21,Premium,45550.85
5431,Benjamin Hayes,boyleamanda@example.net,UK,2023-03-23,Basic,24564.89
5432,Willie Decker,carterolivia@example.com,France,2024-05-16,Standard,37736.26
5433,Jessica Hudson,cynthiacarter@example.org,India,2021-09-17,Standard,5646.98
5434,Jeremy James,zlove@example.org,France,2023-05-27,Premium,3665.71
5435,Ann Sims,ujohnson@example.org,Canada,2024-11-13,Standard,26986.78
5436,Mary Singh,garciaerica@example.org,France,2024-05-29,Standard,31596.88
5437,Matthew Brown,zflynn@example.org,India,2021-10-03,Premium,26487.93
5438,Anne Bishop MD,donaldbrown@example.com,USA,2022-06-09,Standard,43007.97
5439,George Garza Jr.,wardtamara@example.net,Australia,2024-11-18,Standard,46318.89
5440,Michael Garrison,lindawagner@example.com,Canada,2020-06-16,Standard,45803.61
5441,Peter Vega,hamiltonamy@example.net,USA,2020-06-08,Standard,5034.19
5442,Monica Sanders,anthonyconrad@example.net,USA,2020-04-15,Basic,21330.16
5443,Margaret Lewis,joshuabradley@example.com,Canada,2021-03-31,Premium,49746.2
5444,Antonio Davies,oramos@example.org,Australia,2021-06-03,Premium,9193.04
5445,Steven Green,jford@example.org,USA,2024-01-02,Premium,26455.34
5446,Dylan Smith MD,mturner@example.net,UK,2021-01-02,Standard,26865.17
5447,David Turner,ujohnson@example.net,Canada,2020-11-10,Standard,30526.75
5448,Ashley Powers,hawkinsmichael@example.net,Australia,2023-12-12,Basic,4081.34
5449,Jeffrey Bullock,curtismiddleton@example.com,Australia,2022-08-09,Standard,666.69
5450,Randy Skinner,zlong@example.org,Canada,2021-04-30,Basic,30898.04
5451,Brian Ramos,jose76@example.com,Australia,2023-07-29,Basic,36034.76
5452,Betty Morales,vblack@example.org,France,2022-01-22,Premium,5357.77
5453,John Jones,wrightgwendolyn@example.org,Germany,2023-02-22,Premium,15849.58
5454,David Gibson,adrian05@example.com,Germany,2021-04-19,Standard,21205.63
5455,Joseph Williams,ibarnes@example.com,USA,2022-08-03,Basic,18746.07
5456,Joshua Wright,stephenwilliams@example.net,France,2023-11-12,Standard,37251.22
5457,Lawrence Fernandez,samanthacox@example.com,Germany,2024-02-17,Premium,36123.43
5458,Kimberly Wilson,alvaradonichole@example.org,Australia,2021-07-18,Premium,41823.11
5459,Dr. Harry Russell,corey91@example.org,UK,2023-04-09,Premium,19788.73
5460,Ricardo Lin,sotomaria@example.net,Canada,2024-02-05,Premium,28826.1
5461,Robert Meyer,ann01@example.org,Canada,2022-04-17,Premium,12506.13
5462,Stephen Petty,rochapaul@example.net,Australia,2024-12-22,Premium,28717.91
5463,Roy Smith,maldonadojuan@example.com,Germany,2022-11-06,Premium,43320.36
5464,Alexis Fox,anthonypham@example.net,UK,2022-12-22,Standard,21386.94
5465,Keith Williams,ggreen@example.net,France,2023-02-01,Standard,16471.7
5466,Justin Phillips,heathersanchez@example.com,Germany,2021-04-04,Premium,25164.2
5467,Jason Flores,hburch@example.org,India,2024-08-22,Standard,3143.73
5468,Shawn Flores,vickiwilliams@example.org,India,2022-10-09,Standard,23105.82
5469,Joshua Caldwell,roykayla@example.net,UK,2020-01-25,Basic,46640.04
5470,April Cook,stephenhernandez@example.com,Canada,2024-04-28,Standard,10361.51
5471,Lori Hartman,brentcampos@example.org,Canada,2020-01-19,Premium,22049.55
5472,William Daniels,kduncan@example.org,USA,2021-01-09,Standard,36059.16
5473,Julie Duffy,xjackson@example.com,UK,2020-05-06,Standard,17726.17
5474,Melissa Cantrell,griffinmary@example.net,Canada,2024-06-21,Premium,455.01
5475,Cesar Alvarado,melinda28@example.com,UK,2021-01-30,Standard,43703.37
5476,Sarah Torres,jademyers@example.net,Canada,2022-11-29,Basic,4608.34
5477,Sally Freeman,christina59@example.org,France,2020-04-06,Standard,33316.39
5478,Raymond Hall,michaelsweeney@example.net,India,2021-09-28,Standard,19353.12
5479,Brittany Robertson,josepena@example.net,UK,2022-07-30,Standard,28448.18
5480,Stacy Miller,bellsusan@example.net,UK,2022-06-10,Basic,5872.94
5481,Michael Hernandez,umiller@example.net,UK,2023-01-03,Standard,47830.29
5482,Veronica Hutchinson,caleb79@example.com,France,2023-02-19,Standard,41932.13
5483,Andrew Marshall,hillmelissa@example.net,Australia,2020-05-27,Standard,9167.37
5484,Tristan Mullen,gsims@example.com,India,2021-09-07,Premium,29765.62
5485,Kimberly Webb,brad09@example.org,Australia,2022-02-07,Standard,20551.98
5486,Penny Cordova,jessica07@example.net,UK,2020-12-04,Standard,8936.75
5487,Anthony Little,kellyleah@example.org,India,2022-11-06,Basic,12895.59
5488,Dr. Vincent Sandoval DVM,jmorris@example.net,Canada,2024-07-15,Standard,3919.52
5489,Gregg Fuentes,morgan68@example.org,Australia,2023-07-06,Standard,34858.74
5490,Jessica Greene,smithmatthew@example.net,Australia,2022-10-23,Standard,44593.02
5491,Daniel Vincent,jane49@example.net,UK,2024-11-26,Basic,31777.19
5492,John Johnson,teresacooper@example.net,UK,2023-06-18,Basic,2238.4
5493,Matthew Strong,heather60@example.net,UK,2024-09-10,Premium,9526.58
5494,Kara Washington,marypatel@example.com,Germany,2021-06-11,Premium,24571.71
5495,Troy Krueger,mathewanderson@example.net,USA,2023-01-06,Standard,24381.66
5496,Anna Mueller,johnsonhannah@example.com,USA,2021-04-01,Premium,42875.03
5497,Elizabeth Townsend,wagnerlori@example.org,Australia,2020-03-24,Standard,13032.24
5498,Cory Stewart,dhutchinson@example.org,USA,2021-01-27,Premium,37773.39
5499,Jessica Peters,sarahsweeney@example.com,USA,2021-09-20,Standard,10649.59
5500,Nicholas Reed,william85@example.com,India,2024-05-20,Standard,39884.66
5501,Nathaniel Simmons,gadams@example.com,UK,2022-08-16,Standard,34789.11
5502,Emily Mcpherson,crodriguez@example.org,Australia,2020-04-08,Standard,30379.93
5503,Dean Davidson,melinda34@example.com,Australia,2023-02-09,Basic,28526.42
5504,Kevin Reid,keith04@example.org,USA,2023-06-12,Standard,42923.99
5505,Andrew Estrada,mlewis@example.com,Australia,2020-03-14,Standard,38286.51
5506,Frances Rodriguez,millsbrittany@example.net,Australia,2020-08-08,Basic,17595.19
5507,Jessica Baxter,mark42@example.org,Canada,2022-11-15,Standard,41588.49
5508,Mary Sanchez,keithgilbert@example.net,UK,2022-04-20,Basic,22738.36
5509,Julia Miller,valenciajennifer@example.com,Canada,2022-03-17,Premium,13367.51
5510,Elizabeth Meyers,qwilliams@example.net,USA,2023-02-12,Standard,21298.43
5511,Kevin Rivera,samuelcooley@example.org,Germany,2023-06-03,Standard,6078.93
5512,Denise King,tanyatorres@example.com,India,2021-12-13,Standard,41621.81
5513,Kim Lewis,omiller@example.net,USA,2020-06-14,Basic,41467.09
5514,Mary Trujillo,uparker@example.com,USA,2022-08-13,Basic,29573.32
5515,Edward Miller,kwalters@example.net,Canada,2020-05-02,Basic,25412.13
5516,Sara Fitzgerald,villarrealjames@example.org,USA,2020-09-01,Standard,32629.79
5517,Jacob Terry,ievans@example.net,UK,2024-12-21,Standard,36641.67
5518,Tara House,amanda76@example.net,USA,2021-08-09,Standard,23797.33
5519,Sara Bowman,oblack@example.org,India,2022-06-24,Standard,11704.15
5520,Sean Rodriguez,michaelsellers@example.org,India,2020-11-08,Premium,45665.9
5521,Patrick Green,jamescochran@example.net,Australia,2022-07-31,Standard,25681.29
5522,Catherine Bailey,gjones@example.com,France,2024-12-19,Standard,1257.28
5523,Julie Wise,curtis49@example.org,Germany,2022-07-28,Standard,17499.17
5524,Casey Haynes,jamiemarshall@example.net,Canada,2024-07-06,Basic,46199.1
5525,Joseph Jones,osmith@example.com,India,2021-12-09,Basic,43131.59
5526,Denise Clark,psmith@example.net,USA,2021-11-16,Premium,1839.03
5527,Danielle Richardson,charles62@example.net,France,2024-01-09,Standard,6784.13
5528,Kathleen Cain,edward51@example.com,USA,2023-05-23,Standard,1082.05
5529,Crystal Bell,wellsdebra@example.net,France,2021-11-27,Standard,29619.1
5530,Amanda Cross,amanda26@example.org,France,2023-03-02,Premium,10833.06
5531,Samantha Frey,justin72@example.org,USA,2021-04-13,Basic,12085.88
5532,Tanya Cantu,brandonsullivan@example.org,Germany,2024-10-21,Premium,31107.07
5533,Lisa Smith MD,thomassingleton@example.org,Canada,2020-12-24,Standard,47742.1
5534,John Walton,qhart@example.org,Australia,2021-02-03,Premium,13924.69
5535,Hunter Allen,brittany18@example.org,Australia,2022-10-13,Premium,36536.47
5536,Lisa Strickland,alyssa69@example.net,Germany,2020-03-18,Premium,19549.75
5537,Michelle Freeman,margaretrandall@example.net,USA,2020-01-07,Basic,20403.0
5538,Morgan Martinez,rsmith@example.com,USA,2020-01-19,Standard,49593.6
5539,Stephen Wood,gibsonleonard@example.com,Canada,2022-01-22,Basic,9357.56
5540,Hannah Morris,brewermarcus@example.com,India,2024-05-03,Basic,34725.47
5541,Richard Joseph Jr.,garywhite@example.com,France,2021-03-14,Premium,5073.97
5542,David Brown,dillonmargaret@example.net,Germany,2022-05-07,Standard,1868.76
5543,Nancy Sanchez,matthewmiller@example.net,UK,2023-12-26,Standard,5050.92
5544,Eric Higgins,daughertyeric@example.com,UK,2020-07-17,Premium,698.76
5545,Cindy Spencer,adamsjennifer@example.org,Germany,2023-03-07,Standard,32674.61
5546,Elizabeth Thomas,georgeallen@example.org,India,2021-02-26,Basic,38973.9
5547,Michael Smith,leeseth@example.net,India,2020-11-08,Standard,39641.88
5548,Candace Bates,bryan97@example.net,UK,2020-06-24,Basic,36099.94
5549,Gabriela Blake,teresa17@example.com,India,2020-12-01,Standard,20522.58
5550,Noah Stone,zmoss@example.com,Germany,2021-06-06,Premium,17014.31
5551,Kimberly Levy,xellis@example.org,Germany,2021-11-17,Standard,3090.63
5552,April Lopez,dwilliams@example.com,Germany,2021-03-25,Premium,47770.22
5553,Jamie Anderson,reneegriffith@example.com,Germany,2022-02-11,Premium,39946.65
5554,Carla Jones,rubenmatthews@example.com,USA,2021-08-09,Standard,9556.38
5555,Kimberly Ruiz,mhancock@example.net,Canada,2023-08-19,Standard,8666.09
5556,Eric Potts,calebreynolds@example.net,India,2020-10-19,Standard,40668.55
5557,Christopher Moreno,jamesle@example.org,Germany,2020-12-25,Basic,23683.44
5558,Erika Bowen,matthewgamble@example.com,India,2020-09-20,Standard,7212.5
5559,Patricia Hensley,samantha01@example.com,India,2021-06-30,Basic,12768.9
5560,George Martin,johnathanwood@example.com,Australia,2023-05-18,Basic,14038.45
5561,Samantha Bradley,rebeccaterry@example.com,UK,2020-03-04,Premium,24849.3
5562,Christopher Sanford,jamesbest@example.com,Germany,2020-07-25,Standard,49641.22
5563,Shannon Tran,jaredboyd@example.net,India,2023-03-21,Basic,22793.93
5564,Rachel Miller,petersonkathryn@example.net,UK,2023-03-12,Standard,49164.19
5565,Justin Ward,brian25@example.com,USA,2020-08-23,Standard,15146.57
5566,Michael Lee,olsonanita@example.org,Canada,2022-10-15,Basic,6674.06
5567,Elizabeth Petersen,smaldonado@example.com,UK,2023-08-06,Premium,19925.84
5568,Carol Harvey,amy56@example.com,USA,2020-03-16,Premium,45577.34
5569,Jane Taylor,stephenmcmillan@example.net,USA,2020-01-02,Premium,47722.06
5570,Robert Byrd,leah41@example.org,Australia,2023-09-24,Standard,949.18
5571,Paul Richardson,tthompson@example.org,USA,2020-09-17,Basic,22359.27
5572,Jill Kemp,hartmansarah@example.com,Canada,2024-09-30,Basic,18853.8
5573,Laura Turner,wrightroger@example.com,India,2020-11-07,Standard,21091.25
5574,Ralph Wolf,andrewflores@example.net,France,2023-08-30,Standard,11310.0
5575,Jason Jones,kennethbrown@example.net,India,2024-07-11,Standard,32612.13
5576,Wendy Clark,reedpamela@example.net,France,2021-05-01,Standard,27903.85
5577,Amanda Brown,pferguson@example.org,Australia,2023-02-04,Standard,13590.38
5578,Holly Barber,burgessjacob@example.com,UK,2020-10-25,Standard,29258.87
5579,Jennifer Willis,samuel70@example.com,UK,2022-03-11,Standard,6657.52
5580,Jane Campbell,oburton@example.org,India,2022-05-02,Standard,16051.49
5581,Amanda Warren,dennisjessica@example.org,Australia,2020-09-03,Standard,42095.52
5582,Dr. Kelly Smith MD,sherri11@example.net,USA,2022-07-18,Standard,44054.03
5583,Kevin Smith,jonathan10@example.net,Australia,2024-11-04,Basic,36652.09
5584,Jessica Hale,dennislinda@example.net,Canada,2020-11-11,Basic,12839.43
5585,Keith Clark,qroberts@example.org,Germany,2020-08-25,Basic,45424.22
5586,Andrew Boone,charlesowen@example.com,Germany,2023-12-05,Standard,10773.31
5587,Jacob Boyd,cdunn@example.com,UK,2022-01-28,Premium,582.61
5588,Jill Patrick,adamsjoseph@example.org,Germany,2021-09-22,Standard,13015.01
5589,Jamie Knight,adamsdavid@example.com,Germany,2022-05-15,Standard,41061.13
5590,Ana Osborne,vwilson@example.org,Germany,2020-08-02,Premium,28271.3
5591,Jessica Hancock,qmathis@example.org,France,2023-10-04,Standard,31023.59
5592,Deborah Johnson,hollandrobert@example.com,Germany,2020-01-20,Premium,15108.7
5593,Michael Porter,michael10@example.com,India,2020-12-31,Standard,36332.37
5594,Chelsea Smith,marcjohnson@example.net,Germany,2024-12-09,Basic,44697.32
5595,Nathaniel Thompson,dunnsamuel@example.org,Australia,2023-09-12,Standard,48101.19
5596,Kevin Stewart,lisarussell@example.org,France,2023-05-12,Basic,39292.61
5597,Lauren Pena,kimberlywhitaker@example.net,Australia,2024-11-30,Standard,13523.87
5598,Michele Adams,johnsonbrooke@example.net,Germany,2022-07-11,Standard,47534.14
5599,Nathan Weber,mcknightbrenda@example.net,Germany,2023-07-03,Premium,28746.8
5600,Cathy Meyer,jessica59@example.com,Germany,2023-02-10,Standard,21641.5
5601,Deborah Lee,lori26@example.com,USA,2021-04-20,Basic,8491.81
5602,David Giles,zgarrett@example.com,Australia,2024-06-20,Premium,36369.96
5603,Sherry Johnson,farleygeorge@example.net,France,2023-08-25,Basic,43324.37
5604,Julie Fuentes,andrewsimmons@example.com,UK,2022-06-27,Standard,43944.6
5605,Mary Gibson,smithaaron@example.net,Canada,2024-06-14,Premium,1129.0
5606,Anthony Lynch,cynthiamiller@example.net,Germany,2024-04-21,Standard,39684.64
5607,Patrick Davis,shawn20@example.net,Canada,2020-11-25,Basic,22726.51
5608,Jeffrey Miller,bday@example.org,France,2022-03-25,Standard,267.6
5609,Brittany Cain,jessica26@example.net,Germany,2024-03-18,Basic,28449.59
5610,Stephen Hart,btapia@example.org,India,2024-11-20,Standard,20369.07
5611,Alicia Nelson,colleennewton@example.org,India,2023-04-17,Standard,42808.11
5612,Yvonne Myers,arobinson@example.org,India,2023-11-15,Standard,37094.99
5613,Stephen Clark,bradley66@example.net,USA,2024-12-26,Standard,34307.0
5614,Ricky Peterson,foxanthony@example.org,USA,2021-09-12,Standard,41600.29
5615,Meghan Brown,bradleygarrett@example.org,France,2021-10-20,Basic,28900.77
5616,Leslie Wagner,belltheresa@example.com,Germany,2024-06-15,Basic,2332.0
5617,Emily Miller,kimberly24@example.org,India,2022-02-01,Basic,16908.24
5618,Jacob Lyons,alexanderchristopher@example.org,Germany,2023-10-24,Basic,4201.8
5619,Natalie Mccullough,robertboyd@example.net,Canada,2020-01-27,Basic,21320.34
5620,Tony Cole,anna11@example.com,Australia,2022-03-06,Standard,2127.46
5621,Alexander Steele,ramirezmargaret@example.com,India,2023-03-17,Standard,42073.76
5622,Shannon Cook,qgomez@example.org,France,2024-06-18,Standard,11033.99
5623,Amy Ryan,mjohnson@example.net,Germany,2020-04-17,Basic,36178.32
5624,Eddie Jordan,nicole75@example.org,USA,2023-11-10,Standard,46485.5
5625,Benjamin Stewart,doris74@example.org,Germany,2022-12-28,Premium,4714.1
5626,Aaron Garcia,ellisbradley@example.net,France,2020-02-17,Standard,34745.71
5627,Brandon Smith Jr.,leahsmith@example.org,UK,2024-03-26,Premium,28709.22
5628,Brent Mack,harperchristina@example.net,Canada,2022-04-27,Premium,1006.74
5629,Joseph Roman MD,kross@example.org,France,2022-06-29,Basic,33270.06
5630,Erik Huang,campbellkristen@example.com,India,2023-09-22,Standard,38155.69
5631,Stacie Robbins,jbenjamin@example.org,USA,2023-06-12,Standard,22379.24
5632,Miss Sierra Anderson,smithjoseph@example.net,UK,2023-12-16,Standard,29901.8
5633,Caroline James,alexandraturner@example.com,USA,2021-10-11,Basic,13739.58
5634,Charles Davis,patrick86@example.com,UK,2024-05-14,Standard,35834.09
5635,Stephanie Horn,wkrause@example.org,India,2024-05-20,Standard,13423.13
5636,Kim Thompson,angela61@example.net,France,2021-07-08,Premium,7050.03
5637,Nicholas Boone,ymckee@example.net,Canada,2023-03-25,Basic,34467.04
5638,Sarah Hunt,xmorgan@example.net,USA,2022-05-04,Premium,11202.36
5639,James Robinson,desireewhite@example.net,Germany,2020-01-30,Basic,14520.4
5640,Timothy Martin,ymedina@example.com,India,2020-10-13,Basic,19614.99
5641,James Sampson,stewartkristine@example.org,India,2020-07-22,Standard,44373.4
5642,Katherine Moss,bwilliams@example.com,Germany,2024-09-22,Standard,45251.24
5643,Evan Blackwell,kshaw@example.net,Germany,2021-07-20,Basic,17989.7
5644,Sarah Ward,karlarobinson@example.com,Australia,2021-04-02,Standard,8072.49
5645,Amanda Hopkins,connie03@example.net,Australia,2022-10-02,Standard,22776.25
5646,Stephen Gonzalez,nicholas69@example.org,India,2022-08-13,Premium,31025.77
5647,Mrs. Kiara Davies MD,oleon@example.org,Australia,2023-06-09,Standard,7060.51
5648,Courtney Jones,andrewsmith@example.net,France,2023-12-27,Premium,5898.15
5649,Andrew Carter,bblack@example.org,UK,2021-10-17,Premium,8916.8
5650,Pamela Solis,sarahramirez@example.com,France,2020-05-08,Standard,28266.59
5651,Brittany Braun,michael18@example.org,UK,2020-12-29,Basic,19939.38
5652,Joseph Torres MD,duane50@example.com,Australia,2024-01-05,Premium,30120.59
5653,Joseph Anderson,brookemckenzie@example.org,USA,2023-04-02,Standard,20479.09
5654,Jessica Patterson,vcamacho@example.org,India,2020-03-04,Premium,12190.92
5655,Wesley Flores,pmarquez@example.org,USA,2021-12-17,Premium,4577.58
5656,Daniel Price,henry47@example.com,Australia,2020-06-03,Basic,10105.14
5657,Ronald Guerra,edwardstewart@example.com,Australia,2023-07-18,Standard,49511.24
5658,Katie Hammond,susanbaker@example.org,France,2022-01-30,Premium,4569.61
5659,Angela Rose,vmaldonado@example.com,India,2022-05-15,Basic,47330.54
5660,James Green,fjohnson@example.net,Canada,2021-04-10,Premium,36797.88
5661,James Johnson,brownjessica@example.org,Germany,2021-08-20,Standard,47790.44
5662,Rachel Stein,sara62@example.com,Canada,2022-08-08,Basic,48680.33
5663,Tracey Wells,qreyes@example.org,USA,2020-09-01,Standard,2395.57
5664,Zachary Gill,melvin37@example.com,Australia,2023-04-17,Standard,44702.3
5665,Carl Holland,robertkelly@example.net,Australia,2023-11-09,Standard,11016.27
5666,Catherine Walker,ymendoza@example.org,France,2022-04-09,Standard,48323.0
5667,Glenda Bryan,youngkevin@example.net,India,2024-11-03,Premium,11906.23
5668,Tracy Wright,wward@example.com,UK,2021-03-08,Basic,39947.62
5669,Lori Jackson,chasejose@example.org,Australia,2021-08-28,Basic,15525.47
5670,Kathleen Sanders,cherylgood@example.net,Canada,2024-04-08,Standard,17551.14
5671,Tony Chandler,scruz@example.net,Australia,2020-10-27,Premium,49958.74
5672,Dominic Allen,rebecca28@example.com,Germany,2020-04-24,Premium,15960.73
5673,Patricia Holmes,denise43@example.org,India,2020-08-28,Standard,41319.9
5674,Melissa Owens,andreacollins@example.org,France,2024-01-06,Premium,22707.85
5675,Luis Cowan,lori80@example.com,India,2023-06-30,Standard,20973.45
5676,Janice Ramsey,ryanshannon@example.org,Canada,2024-06-10,Basic,46600.93
5677,Teresa Thompson,kyletrujillo@example.org,Canada,2020-07-22,Basic,42810.69
5678,Jesus Castillo,petersonrichard@example.com,USA,2020-10-13,Premium,46337.23
5679,Christine Randolph,youngallison@example.com,Australia,2020-12-26,Basic,20497.61
5680,Michael Jarvis,carrollmegan@example.com,Germany,2022-02-15,Standard,42231.03
5681,Michelle Coleman,julie69@example.net,Canada,2022-09-23,Standard,23407.37
5682,Maria Reynolds,vjackson@example.org,India,2022-07-06,Premium,3098.47
5683,John Beltran,davidsnyder@example.net,USA,2024-11-15,Premium,20697.77
5684,Jessica Williams,cgarcia@example.org,Australia,2023-03-10,Basic,15235.07
5685,Laura Stevens,matthewherrera@example.net,Germany,2020-11-11,Basic,48680.36
5686,Whitney Harper,zavalaanthony@example.net,India,2020-12-11,Standard,13666.57
5687,Courtney Alexander,matthew24@example.com,USA,2024-02-28,Premium,36330.3
5688,Anne Jones,april22@example.org,Australia,2022-10-14,Basic,27429.42
5689,Felicia Wallace,hayesanthony@example.com,Australia,2022-05-12,Premium,16880.29
5690,Michael Gonzalez,clarklaura@example.com,France,2024-07-04,Basic,30269.6
5691,David Gonzalez,kpreston@example.com,Canada,2021-08-11,Premium,12913.22
5692,Daniel Ward,heatherrojas@example.net,Canada,2024-10-30,Premium,20043.5
5693,Ann Garcia,stacy67@example.com,France,2023-11-05,Basic,32176.62
5694,Ebony Chapman,melinda77@example.org,India,2021-02-28,Premium,33561.97
5695,Karen Ward,mikegonzalez@example.org,France,2020-05-02,Basic,27380.43
5696,Thomas Rivera,paul36@example.com,India,2023-01-29,Premium,12528.97
5697,Regina Kaufman,pmason@example.com,Australia,2023-03-01,Standard,15405.48
5698,Victoria Collins,rachael81@example.org,UK,2023-04-23,Standard,14446.26
5699,Cheyenne Anderson,wvillarreal@example.org,Australia,2022-10-27,Standard,9020.63
5700,Jamie Mckinney,hillmikayla@example.net,India,2021-06-21,Standard,29375.66
5701,Sharon Avila,mendezgregory@example.com,UK,2021-04-24,Premium,20317.07
5702,Philip Mccoy,jordanelizabeth@example.net,USA,2024-06-30,Basic,17431.1
5703,Kent Clark,htaylor@example.org,India,2020-09-09,Premium,2282.75
5704,Jorge Cummings,brianahoover@example.net,India,2024-05-26,Basic,18616.39
5705,Ashley Oneal,christy47@example.com,USA,2020-05-23,Basic,4204.86
5706,Nicole Sharp,phunt@example.org,Canada,2021-07-20,Standard,1562.45
5707,Amanda Lin,evelyn46@example.net,France,2020-01-31,Premium,30603.91
5708,Patricia Wilson,jason36@example.org,Australia,2024-07-30,Standard,41207.4
5709,Craig Garcia PhD,kentmaurice@example.net,USA,2021-08-29,Premium,35705.15
5710,Mary Hanson,blakethomas@example.net,France,2024-11-03,Standard,2738.28
5711,Sarah Haney,guzmancarl@example.com,India,2021-06-18,Premium,49975.18
5712,Jason Best MD,stoutmargaret@example.net,USA,2021-07-06,Standard,27582.86
5713,Rachel Johnson,wuvalerie@example.com,France,2024-02-14,Standard,47902.52
5714,Peter Peterson,veronicabutler@example.net,India,2021-12-04,Basic,1718.44
5715,Edwin Welch,dianajacobson@example.com,India,2021-01-14,Standard,46845.66
5716,Samuel Gutierrez,watsonmatthew@example.net,Canada,2024-12-02,Standard,37535.6
5717,Heather White,tammy24@example.net,Germany,2024-12-10,Premium,41149.52
5718,Natalie Hoffman,linkevin@example.net,Canada,2022-06-23,Standard,2374.8
5719,Donald Stephenson,marcus16@example.net,Canada,2023-08-30,Basic,37907.75
5720,Douglas Bridges,rsherman@example.com,Australia,2020-07-01,Premium,49385.97
5721,Krystal Wood,simsjimmy@example.net,UK,2023-11-18,Basic,48890.69
5722,James Hammond,balexander@example.net,Australia,2024-05-02,Basic,12992.69
5723,Mrs. Vickie Sloan,erica68@example.net,France,2020-03-19,Standard,48911.32
5724,Chelsea Green,johnsonlaura@example.net,Germany,2023-04-20,Standard,43380.05
5725,Brenda Ayala,timothy39@example.net,Australia,2024-02-04,Standard,3944.36
5726,Cheryl Johnson,wruiz@example.org,Australia,2020-10-07,Standard,16951.09
5727,Juan Peters,april30@example.com,USA,2021-04-05,Premium,23680.16
5728,Juan Lara,theresa95@example.net,USA,2023-04-08,Standard,43374.69
5729,Alexis Brown,spencerjohn@example.net,Germany,2021-12-06,Basic,23636.53
5730,Andrew Johnson III,kevin12@example.net,Canada,2020-12-17,Standard,2906.28
5731,Timothy Smith,erika25@example.com,USA,2024-06-02,Premium,20833.54
5732,Janice Morris,ryan44@example.org,UK,2024-09-06,Standard,25648.09
5733,Michelle Schwartz,dbrown@example.net,Canada,2020-12-14,Standard,41756.0
5734,Gary Chapman,crawfordryan@example.org,India,2020-06-24,Standard,29826.52
5735,Kaylee Young,karen09@example.com,Canada,2023-09-30,Standard,19271.44
5736,Brandy Rhodes,andersonpaul@example.com,Germany,2024-12-24,Basic,26820.14
5737,Kelli Rangel,smithcaleb@example.net,Germany,2021-01-13,Basic,2111.89
5738,Allison Barnes,xrogers@example.net,Australia,2024-12-07,Standard,5391.51
5739,Susan Lopez,paulparker@example.com,Australia,2021-03-15,Premium,14411.12
5740,Steven Thompson,bradyjoseph@example.net,India,2023-03-20,Basic,27497.14
5741,Curtis Craig,cooperchristina@example.org,Canada,2023-01-27,Standard,48517.0
5742,Monica Nelson,grahamjesse@example.org,India,2021-08-28,Premium,12918.97
5743,Christopher Johnson,slopez@example.org,Australia,2024-10-06,Premium,38424.82
5744,Jacqueline Miller,joyce98@example.net,USA,2024-03-08,Standard,9392.52
5745,Jacqueline Rogers,brittany52@example.net,Australia,2022-02-13,Premium,29295.5
5746,Evan Taylor,jgonzalez@example.com,Canada,2020-09-15,Standard,33477.59
5747,Karen Day,ashleybrown@example.org,UK,2020-02-11,Standard,22849.06
5748,Billy Hickman,patrickhampton@example.net,UK,2023-03-28,Standard,19507.78
5749,Brianna Edwards,mary81@example.org,Germany,2020-07-13,Standard,3408.03
5750,Philip James,jeremy30@example.org,France,2021-05-27,Premium,28945.4
5751,Alan Wilson,cameroncoleman@example.com,Australia,2020-12-03,Basic,34879.37
5752,John Mendoza,oconnellnathan@example.net,Australia,2024-07-16,Basic,4563.19
5753,Casey Mendoza,qjohnson@example.org,India,2022-02-19,Premium,20387.96
5754,Kristine Ross,vsalazar@example.net,UK,2024-09-06,Premium,3727.71
5755,Heather Powers,twong@example.org,Germany,2020-04-26,Premium,9961.48
5756,Scott Vazquez,christine67@example.org,India,2023-07-03,Basic,40687.17
5757,Cheryl Cunningham,doughertyscott@example.org,Germany,2023-01-29,Standard,39110.32
5758,Ernest Barrett,cynthia20@example.org,USA,2020-04-30,Standard,37428.07
5759,Rachel Webb,oconnordouglas@example.net,India,2021-11-05,Standard,11184.36
5760,Courtney Banks,jasonarnold@example.com,India,2021-02-28,Standard,14712.46
5761,Steven Dodson,vmercer@example.net,India,2024-05-25,Premium,15141.25
5762,Michael Pruitt,,India,2020-07-28,Standard,40487.51
5763,Kelsey Robbins,priscilla11@example.com,India,2022-06-21,Premium,42921.77
5764,Betty Aguilar,troymorris@example.com,India,2024-09-04,Premium,45588.44
5765,Alexandra Morales,jasonberg@example.net,UK,2024-03-14,Basic,38206.17
5766,Jordan Griffith,jennifer93@example.com,Canada,2020-05-06,Basic,34944.47
5767,Matthew Crawford,stoneandrew@example.net,UK,2023-06-20,Basic,11631.31
5768,Andrea Proctor,orice@example.com,Australia,2021-05-24,Standard,16566.74
5769,Nicholas Bryan,george43@example.com,UK,2023-01-14,Premium,256.7
5770,James Krueger,kyle67@example.org,India,2020-08-06,Premium,38076.6
5771,Jennifer Fox,plove@example.org,Australia,2021-06-24,Standard,38458.5
5772,Dwayne Butler,nicholas27@example.org,USA,2023-06-16,Standard,40438.4
5773,Mark Garcia,stewarttyler@example.com,Canada,2020-08-08,Basic,6201.75
5774,George Burton,matthew79@example.com,Germany,2023-03-08,Standard,16115.49
5775,Joe Bowers,alvarezscott@example.org,Canada,2024-02-29,Basic,6927.11
5776,Jacqueline Novak,rittercharles@example.org,Canada,2020-07-08,Basic,45389.61
5777,Ashley Ruiz,briana12@example.net,UK,2023-02-17,Premium,11787.09
5778,Jerome Martinez,richardsonmatthew@example.net,UK,2024-07-28,Standard,25383.81
5779,Samuel Garcia,iroberts@example.com,UK,2022-02-26,Standard,18881.39
5780,Matthew Parker,katherinecurry@example.org,Australia,2022-03-10,Premium,33605.19
5781,Patrick Casey,lopezbrett@example.org,France,2020-01-07,Premium,36744.16
5782,Kenneth Williams,nicholasmoore@example.org,India,2024-10-07,Standard,14706.67
5783,Ashley Ramirez,nbarnes@example.com,Canada,2022-04-04,Basic,18553.6
5784,Christopher Johnson,vickiemccann@example.net,USA,2022-11-12,Basic,23481.33
5785,Ryan Howell,brianoconnor@example.com,India,2023-08-22,Premium,5177.11
5786,Steven Price,nunezkayla@example.com,Germany,2024-07-29,Premium,25052.01
5787,Denise Bell,randycarpenter@example.com,India,2020-05-11,Standard,13252.36
5788,Alyssa Johnson,antoniohudson@example.com,France,2022-01-07,Standard,32096.75
5789,Anthony Clarke,johnlopez@example.com,USA,2020-08-06,Standard,3153.95
5790,Julie Martinez,ykennedy@example.org,India,2024-06-14,Standard,48937.14
5791,George Jordan,christophernelson@example.org,Germany,2021-05-08,Basic,44444.5
5792,Andrew Serrano,jay07@example.com,UK,2020-11-03,Premium,15155.53
5793,John Williamson,rita93@example.net,Canada,2021-12-31,Basic,33618.78
5794,Carly Luna,millerkim@example.net,UK,2023-03-16,Premium,8720.64
5795,Kendra Moses,wilsonbryce@example.org,USA,2020-03-01,Basic,34294.03
5796,Michael Carpenter,alyssadiaz@example.org,UK,2020-09-27,Premium,22598.33
5797,George Nelson,sandersjohn@example.org,Germany,2021-04-26,Basic,49851.88
5798,Lisa Dunn,hjohnson@example.net,Germany,2020-11-05,Standard,6891.73
5799,Nathaniel Richardson,david93@example.org,Germany,2023-04-17,Basic,34191.31
5800,Amy Martinez,ellen16@example.net,USA,2024-02-23,Basic,42997.37
5801,Emily Caldwell,williamstammy@example.com,France,2023-04-23,Basic,10491.47
5802,Victoria Baker,matthewsbradley@example.com,Germany,2020-12-28,Basic,23846.81
5803,Andrew Williamson,cellis@example.com,France,2020-01-20,Standard,6356.48
5804,Richard Collier,,Australia,2021-12-25,Standard,25247.09
5805,Gabriel Ewing,ismith@example.com,Germany,2024-05-11,Premium,44806.45
5806,Kevin Pruitt,karen32@example.org,France,2023-05-14,Basic,25898.92
5807,Mr. Brian Olsen,daniel59@example.net,Australia,2020-11-08,Basic,29606.96
5808,Robert Perkins,icarlson@example.org,USA,2020-08-26,Premium,16796.98
5809,Brenda Bailey,chad75@example.com,UK,2024-10-31,Standard,400.72
5810,John Brooks,qmartin@example.com,Canada,2024-04-24,Standard,47185.15
5811,Sara Villanueva,ryansmith@example.net,France,2022-10-18,Premium,10080.74
5812,Matthew Williams,jessicalang@example.com,UK,2022-07-22,Premium,45249.79
5813,Mark Bell,melissaperry@example.com,France,2021-11-29,Standard,47582.08
5814,Kimberly Johnson,robert30@example.org,Canada,2020-03-31,Standard,34122.39
5815,Kari Diaz,heatherhopkins@example.org,Canada,2021-05-27,Standard,2982.87
5816,Lisa Castro,patriciachavez@example.org,Germany,2021-04-28,Standard,23222.33
5817,Cindy Kennedy,fholloway@example.net,France,2021-02-19,Standard,8023.38
5818,Charles Russell,morgan54@example.org,Canada,2022-06-29,Standard,43146.49
5819,Shawn Bishop,shelbysimon@example.net,USA,2021-01-26,Basic,13057.63
5820,Amanda Ruiz,caseychristina@example.com,Canada,2023-01-21,Standard,43029.64
5821,Thomas Butler,ortegaanthony@example.net,Canada,2024-02-04,Premium,36459.27
5822,Joseph Cummings,andrew33@example.com,USA,2023-08-13,Basic,8854.52
5823,Zachary Strickland,maria27@example.com,France,2023-01-04,Standard,5410.2
5824,John Robles,jwhite@example.org,India,2024-01-01,Standard,18612.49
5825,Cynthia Flores PhD,lmontgomery@example.org,Australia,2023-11-20,Standard,6122.53
5826,Timothy Ramos,colin65@example.net,Germany,2024-12-10,Standard,2954.59
5827,Jennifer Payne,kimberlyphillips@example.net,UK,2023-12-01,Standard,27205.45
5828,Courtney Perkins,ali@example.net,India,2024-10-01,Standard,27669.11
5829,Erica Hernandez,tfoster@example.com,France,2020-04-29,Standard,18802.37
5830,Kayla Lewis,dominiquechavez@example.org,Australia,2023-09-07,Basic,47772.16
5831,Michael Medina,xrivera@example.org,India,2023-11-16,Standard,40342.93
5832,Jessica Neal,wendy16@example.com,USA,2024-05-29,Basic,37369.18
5833,Mariah Ward,davidcandice@example.com,Australia,2022-12-04,Basic,39756.2
5834,Patrick Taylor,thill@example.net,India,2023-07-19,Basic,44535.12
5835,Hannah Garcia,jimmy04@example.org,USA,2024-06-08,Standard,24823.24
5836,Christopher Lawson,mmoore@example.org,India,2022-06-27,Standard,1361.14
5837,Devon Lester,herbertgarcia@example.org,India,2023-05-26,Standard,44364.25
5838,Matthew Patrick,glee@example.org,India,2023-05-05,Standard,49889.83
5839,Melanie Johnson,jonathanharris@example.com,UK,2021-08-19,Premium,44365.99
5840,Christopher Reilly,jessicamurphy@example.net,India,2023-09-05,Standard,637.94
5841,John Johnson,jared51@example.org,India,2021-08-03,Standard,10513.06
5842,Dakota Powers,wendy17@example.org,UK,2023-01-10,Standard,12764.88
5843,Tracy English,zhall@example.org,USA,2023-10-19,Standard,42655.3
5844,Mark Miles,michelle33@example.net,Australia,2023-03-03,Standard,28203.75
5845,Carol Turner,iowen@example.net,Canada,2024-10-26,Standard,12159.13
5846,Bridget Sanders,ashleynewman@example.net,Germany,2021-04-10,Standard,47899.35
5847,Melissa Thompson,michael18@example.com,India,2022-11-12,Standard,46488.44
5848,Ariel Elliott,simmonsgregory@example.com,USA,2022-12-25,Premium,17554.72
5849,Thomas Morris,mmorgan@example.org,Canada,2024-08-08,Basic,27547.08
5850,Ashley Walker,yschwartz@example.org,India,2022-02-26,Standard,36934.19
5851,Adam Nelson,shawnsmith@example.net,USA,2023-12-19,Standard,7984.38
5852,Janet Miller,ehaynes@example.org,Canada,2022-02-01,Premium,43072.83
5853,Sarah Richmond,thompsonshawn@example.net,USA,2024-01-28,Standard,41130.1
5854,Selena Alvarado,chowell@example.org,USA,2024-12-07,Standard,14993.41
5855,William Dickerson,christopher62@example.net,Canada,2020-12-22,Basic,3069.03
5856,Vanessa Newman,oarnold@example.com,Canada,2021-07-26,Basic,22682.87
5857,Kristin Vaughn,aoconnell@example.org,France,2023-01-14,Basic,22735.5
5858,Jack Wright,chavezmatthew@example.org,USA,2021-04-20,Standard,17859.3
5859,Jessica Phillips,amberquinn@example.com,USA,2020-03-30,Standard,31209.09
5860,Julie Bruce,wrogers@example.com,France,2022-02-02,Standard,22686.91
5861,Amy Phillips,david09@example.com,India,2021-12-17,Basic,21798.97
5862,Nicholas Robinson,debbie28@example.net,Canada,2020-12-05,Standard,24808.57
5863,Daniel Williamson,ntucker@example.com,UK,2021-01-05,Standard,43564.76
5864,Michael Lambert,savagesteven@example.com,USA,2022-01-17,Standard,33288.86
5865,Kayla Myers,donaldmarquez@example.net,Australia,2024-12-09,Standard,42135.99
5866,Michael Gonzalez,fthompson@example.org,USA,2020-05-20,Premium,9389.92
5867,Traci Kim,tammypeterson@example.com,India,2021-09-25,Standard,41281.45
5868,Derrick Wood,colemanashley@example.net,UK,2021-09-07,Basic,31022.86
5869,Betty Baker,zyoung@example.org,USA,2023-01-12,Standard,45702.1
5870,Michele Meyer,heather41@example.com,France,2022-11-25,Premium,7928.18
5871,Patricia Evans,christopherprince@example.net,Australia,2020-08-04,Standard,8748.33
5872,Benjamin King,rileysteven@example.com,Australia,2020-09-25,Standard,3455.06
5873,Krista Crane,tgreen@example.org,USA,2024-09-27,Standard,32633.6
5874,Patrick Holt,ybraun@example.org,UK,2021-01-02,Basic,3063.04
5875,Joel James,brendanchavez@example.net,France,2024-05-28,Basic,49466.6
5876,Lisa Flores,aguilarrandall@example.net,USA,2021-10-07,Basic,34179.22
5877,Susan Howell,andrew23@example.com,India,2024-10-01,Basic,29086.67
5878,Jack Williams,josephbryan@example.org,Canada,2022-07-26,Basic,14313.37
5879,Brenda Matthews,christopher39@example.org,Canada,2020-01-08,Standard,37777.15
5880,Heather Brown,torresjonathan@example.net,USA,2024-02-22,Basic,14797.71
5881,Luis Brown,yvette52@example.org,USA,2022-05-29,Basic,29645.57
5882,Luke King,scooper@example.com,India,2021-07-26,Basic,1429.95
5883,Diane Taylor,nhall@example.org,Germany,2023-11-19,Basic,49991.08
5884,Kristin Snow,kcooper@example.org,USA,2021-01-13,Premium,48299.31
5885,Curtis Brown,kennethclark@example.org,USA,2022-02-10,Standard,8168.45
5886,Matthew Clarke,linda03@example.com,France,2023-03-12,Standard,16733.65
5887,Shelly Roberts,sanfordfelicia@example.net,France,2024-06-02,Standard,43740.83
5888,Mrs. Michelle Curtis,kruegerjade@example.com,France,2020-07-21,Premium,2916.45
5889,Brittany Cherry,christopherreyes@example.org,India,2024-06-03,Basic,20134.28
5890,Laura Nixon,ricenicholas@example.net,India,2023-04-30,Standard,29441.11
5891,Bradley Shaffer,stephensstacy@example.org,USA,2020-10-08,Premium,842.88
5892,Tamara Hawkins,rosborn@example.com,USA,2024-07-19,Basic,13483.26
5893,Brenda Larsen,shannon53@example.com,India,2022-02-11,Standard,22462.02
5894,Arthur Jones,michaelbrowning@example.com,France,2023-06-21,Basic,29339.25
5895,Danielle Petty,zmartin@example.org,USA,2023-04-26,Standard,35179.23
5896,Michael Faulkner,brianjones@example.net,India,2021-09-21,Standard,36155.1
5897,Frank Lawson,penachristy@example.com,India,2023-11-01,Standard,47544.45
5898,Steven Gilbert,joe10@example.com,Germany,2024-04-01,Premium,42667.05
5899,Mr. Thomas Lopez,ucordova@example.org,France,2024-09-27,Standard,19216.45
5900,Michael Trevino,barbara68@example.net,Australia,2022-11-15,Premium,1367.7
5901,Victor Cox,jenny20@example.org,France,2020-01-03,Premium,40451.71
5902,Vicki Lyons,erika44@example.net,USA,2024-03-30,Premium,29695.27
5903,Charles Griffin Jr.,lindseymadison@example.net,France,2024-04-11,Basic,45129.05
5904,William Gregory,curtispearson@example.com,UK,2021-08-22,Premium,3148.11
5905,Brandi Waters,audreyjohnson@example.org,USA,2020-11-17,Premium,17756.26
5906,Ashley Williams,,USA,2020-04-10,Standard,595.66
5907,Paul Harper,caitlinroth@example.com,India,2021-08-19,Standard,38617.46
5908,Wayne Moore,stevenschneider@example.com,India,2023-10-24,Standard,15045.68
5909,Timothy Rios,jaredjohnson@example.org,France,2020-10-16,Premium,42582.48
5910,James Kim,davidmartin@example.com,Germany,2022-02-02,Standard,31921.79
5911,Daniel Turner,anna95@example.com,USA,2024-09-06,Standard,6429.81
5912,Austin Best,megan09@example.net,France,2022-11-01,Standard,6651.49
5913,Angela Evans,samantha76@example.org,Australia,2023-10-11,Standard,11889.72
5914,Susan Werner,michaelbutler@example.com,Canada,2023-11-06,Standard,33802.75
5915,Jeffrey Collins,lkim@example.com,France,2024-06-28,Standard,5562.12
5916,Jonathan Sharp,david65@example.org,USA,2021-12-24,Basic,470.44
5917,Patricia Gutierrez,michelle11@example.com,Canada,2022-12-05,Standard,2168.22
5918,Luis Russo,robert70@example.com,Germany,2024-05-12,Standard,28771.6
5919,James Bishop,brandon80@example.com,Australia,2023-06-11,Basic,37901.93
5920,Aaron Crane,trobinson@example.org,France,2022-07-10,Basic,21556.92
5921,Edward Butler,zrivera@example.net,India,2023-03-13,Basic,47143.53
5922,Lucas White,danielcannon@example.org,USA,2022-10-21,Standard,27190.8
5923,Robert Griffith,holly62@example.com,UK,2021-11-21,Standard,2960.77
5924,Nathan Eaton,william49@example.com,Germany,2023-02-24,Standard,39301.95
5925,Brent Chambers,joshua89@example.org,UK,2023-08-26,Standard,9686.06
5926,Courtney Chen,martinshields@example.com,Canada,2022-11-07,Premium,38764.39
5927,Lindsey Mendez,hamiltonmichael@example.com,France,2024-08-11,Basic,23943.51
5928,Lindsay Morgan,andreawells@example.net,UK,2021-08-10,Premium,37008.84
5929,Adam Steele,kelleytyler@example.com,USA,2023-10-08,Standard,32957.26
5930,Ralph Martinez,patricia63@example.org,Canada,2022-02-12,Standard,46206.49
5931,Joshua Robbins,edwardsaaron@example.net,Australia,2024-12-22,Standard,16012.22
5932,Paul Reid,montgomeryshaun@example.net,UK,2024-10-22,Basic,19650.33
5933,Ryan Cox,hrichardson@example.org,Germany,2021-04-22,Premium,43491.86
5934,Donna Burke,gary04@example.org,India,2020-01-31,Premium,9249.22
5935,Elizabeth Davis,amyhowe@example.com,Canada,2021-08-08,Standard,31817.91
5936,Sandra Payne,markjohnson@example.com,USA,2021-07-21,Basic,15063.8
5937,Stephen Obrien,stephenconley@example.com,USA,2024-11-27,Standard,29490.22
5938,Dr. Sandra Riley,bsandoval@example.net,USA,2022-01-03,Premium,734.35
5939,Jessica Hill,kathleenvelasquez@example.org,Canada,2024-02-01,Premium,8210.01
5940,Scott Harris,tiffany59@example.com,Australia,2022-09-09,Premium,28529.61
5941,Joel Brown,iaguilar@example.org,USA,2022-01-29,Premium,770.89
5942,Ashley Brooks,carly60@example.net,France,2023-03-23,Standard,8595.02
5943,Caleb Smith DDS,lisa20@example.net,France,2023-10-24,Premium,20554.48
5944,Willie Erickson,vsilva@example.com,India,2021-01-10,Basic,44603.57
5945,Dean Lee,sara63@example.org,Canada,2022-05-20,Premium,29077.55
5946,Kayla Griffith,sanchezamber@example.com,Germany,2024-06-14,Premium,23912.98
5947,Shelby Rodriguez,sotoeileen@example.net,USA,2023-05-28,Premium,35887.1
5948,David Hogan,natalie23@example.org,France,2020-06-20,Premium,38036.88
5949,Donald Soto,dsmith@example.org,France,2020-09-20,Standard,38174.47
5950,Patricia Butler,juliewashington@example.net,Germany,2023-03-25,Premium,8100.07
5951,Misty Lee,geraldwilliams@example.net,Canada,2024-09-09,Premium,47486.92
5952,Anthony Campbell,donna35@example.org,USA,2023-01-07,Basic,34771.91
5953,Sherri Hoffman,lgilmore@example.com,UK,2022-05-18,Premium,26490.94
5954,Amanda Carter,elizabethpeterson@example.net,Germany,2022-12-15,Standard,16086.5
5955,Richard Chen,frank41@example.com,USA,2020-03-20,Premium,34285.86
5956,Robert Valdez,melissaglover@example.org,UK,2022-06-21,Basic,23752.68
5957,Christine Johnson,francojoanne@example.com,Germany,2022-11-14,Premium,14140.87
5958,Robert Davis,jeffreydorsey@example.net,France,2020-07-29,Basic,17764.03
5959,Christopher Martin,fullermatthew@example.org,India,2023-01-24,Standard,23205.14
5960,Katelyn Barnes,yvette62@example.org,USA,2020-06-17,Standard,22290.18
5961,Alexa Brown,bradleytaylor@example.org,UK,2024-02-12,Premium,11224.28
5962,Jim Hampton,ureynolds@example.net,India,2023-03-07,Basic,44314.35
5963,Christy Hernandez,darrenhorton@example.net,Canada,2021-08-30,Premium,32181.41
5964,Ashlee Allen,sandra68@example.net,Canada,2024-11-22,Standard,35656.31
5965,Lauren Johnson,lorimiller@example.net,Australia,2021-06-04,Standard,46940.69
5966,Tara Scott,elizabeth94@example.net,Canada,2022-12-20,Standard,13873.49
5967,Edward Kirby,,Canada,2024-12-15,Premium,37468.4
5968,Jo Ward,ashleywillis@example.com,Germany,2024-01-25,Standard,32958.77
5969,Shane Turner,robert57@example.com,UK,2022-08-01,Standard,47555.99
5970,Nancy Moore,jacquelinehunt@example.net,Australia,2022-09-02,Basic,21157.29
5971,Elizabeth Stewart,dyercheryl@example.org,France,2021-04-01,Basic,30259.82
5972,Mrs. Kristin Moore,sheilagarcia@example.com,USA,2023-07-07,Basic,40957.59
5973,Kathryn Green,christinafreeman@example.com,Australia,2024-06-23,Basic,23721.74
5974,Richard Alexander,lutzjohn@example.org,Australia,2020-10-25,Premium,27568.9
5975,Zachary Arellano,moranmelissa@example.net,India,2021-01-19,Premium,42326.92
5976,Charlotte Wells,jeromehancock@example.com,France,2024-07-26,Standard,8704.53
5977,Edward Jones,ereed@example.org,France,2024-09-17,Premium,8518.13
5978,Jeffrey Martin,nhurley@example.org,Germany,2024-10-11,Standard,13403.77
5979,Willie Schmidt,tammystevens@example.com,USA,2023-05-31,Basic,8494.09
5980,Rachel White,kraymond@example.org,USA,2022-08-21,Standard,16828.53
5981,William Cannon,,USA,2023-10-29,Basic,28672.71
5982,Melissa Black,roserhonda@example.net,Germany,2023-02-06,Basic,637.94
5983,Bryan Meyers,justindeleon@example.org,UK,2022-01-21,Standard,26849.7
5984,Matthew Chapman,matthew43@example.org,Canada,2021-06-02,Standard,38077.15
5985,Michelle Mack,aanderson@example.com,UK,2020-04-02,Standard,14115.61
5986,Krystal Harding,kellyhill@example.org,Germany,2024-02-20,Premium,21750.28
5987,Sara Johnson,salazarchristopher@example.net,France,2024-10-29,Premium,703.19
5988,Brian Lee,kellyperez@example.net,Australia,2022-07-30,Standard,11434.11
5989,Kathleen Yu,jonathan83@example.net,Australia,2023-09-07,Standard,15716.32
5990,Barbara Taylor,michaelharvey@example.net,Canada,2024-09-16,Standard,4659.38
5991,Kyle Miller,kevinrodriguez@example.net,Canada,2024-03-06,Standard,39033.47
5992,Julie Martin,kelly95@example.org,France,2024-12-30,Basic,1721.82
5993,Kenneth Fuller,kellylisa@example.net,Canada,2021-01-19,Standard,3974.86
5994,Raymond Ford,daniel65@example.org,France,2024-08-27,Premium,24487.56
5995,Amber Watson,teresa27@example.com,France,2021-12-12,Standard,4783.78
5996,Sean Walker,etaylor@example.com,USA,2020-06-17,Standard,45335.81
5997,Mrs. Jasmin Jenkins,thomas43@example.net,USA,2023-11-22,Standard,2656.34
5998,Dr. Cynthia Nelson,ymata@example.org,Canada,2023-09-22,Premium,37646.85
5999,Rebecca Diaz,glennjeremy@example.org,Canada,2024-08-17,Basic,17635.0
6000,Kevin Miller,jameslee@example.com,UK,2024-11-10,Basic,42469.08
6001,Brian Taylor,manningjamie@example.net,India,2020-06-06,Basic,37775.42
6002,Christian Alexander,benjamin74@example.net,UK,2023-08-12,Basic,45076.32
6003,Gregory Shields,barbaranguyen@example.com,Canada,2021-09-06,Standard,14917.04
6004,Michele Ramirez,ewalker@example.com,France,2023-01-04,Standard,40842.17
6005,Hector Larson,clarkmatthew@example.com,Canada,2024-12-29,Standard,46925.28
6006,Stacy Moore,scottmcneil@example.com,USA,2022-03-08,Standard,34819.32
6007,James Kirk,robertwolfe@example.com,France,2020-05-14,Premium,38875.84
6008,Jeremiah Smith,wanda52@example.org,UK,2021-06-21,Premium,22775.66
6009,Melissa Ward,jgreen@example.com,Canada,2021-06-11,Standard,1119.65
6010,Anthony Nelson,pmiller@example.com,Australia,2020-03-14,Standard,37669.65
6011,Donna Christensen,ogaines@example.org,UK,2020-07-17,Standard,1921.6
6012,Gregory Singleton,pamelaknight@example.com,France,2020-12-04,Standard,45750.86
6013,Raymond Fowler,joshua24@example.org,France,2020-06-19,Standard,1449.78
6014,Patrick Lewis,ycarr@example.org,Germany,2023-07-09,Standard,10628.42
6015,Joshua Schmidt,matthewhiggins@example.com,Canada,2024-06-17,Standard,39593.78
6016,Miss Tiffany Simmons,jose87@example.com,Australia,2023-10-29,Standard,6868.4
6017,Keith Juarez,wgreen@example.net,Canada,2021-06-18,Standard,44403.84
6018,Kevin Lucero,jason82@example.com,Germany,2021-08-19,Standard,14132.34
6019,Lauren Simpson,bryan78@example.net,India,2024-05-14,Premium,25643.85
6020,Karen White,jesse81@example.com,Germany,2022-08-25,Standard,16521.93
6021,Jennifer Gonzales,nathan19@example.org,Germany,2023-05-25,Standard,29929.96
6022,Regina Gutierrez,brewerdawn@example.net,Canada,2022-12-19,Standard,37596.35
6023,Christopher Gonzales,smithalan@example.org,France,2023-08-22,Standard,34018.89
6024,Rebecca Oneill,elee@example.net,USA,2024-03-27,Standard,30934.08
6025,Anthony Harris,bobhiggins@example.com,Canada,2020-05-19,Basic,49371.83
6026,Alicia Roberts,ghill@example.net,India,2024-10-14,Basic,39961.12
6027,Justin Booker,chad03@example.com,France,2022-06-19,Basic,42207.74
6028,Alexis Carroll,ericblair@example.net,France,2022-08-15,Standard,7036.05
6029,Amanda Horne,mjones@example.org,India,2023-10-02,Standard,13191.85
6030,Kari Harvey,ricerobert@example.com,Canada,2022-12-15,Standard,35037.92
6031,Karen Wolfe,orobinson@example.org,India,2024-11-14,Basic,34171.42
6032,Rebecca West,tracygutierrez@example.org,Germany,2020-06-02,Standard,10376.04
6033,James Lynch,druiz@example.org,Canada,2022-12-21,Basic,20170.74
6034,Arthur Lewis,crystal66@example.net,USA,2024-05-01,Basic,33840.69
6035,Jamie Smith,kristin70@example.org,Australia,2022-07-01,Standard,47180.92
6036,Ariel Calhoun,davidwilson@example.net,France,2021-12-23,Premium,41865.2
6037,Shelly Raymond,floresmegan@example.org,Canada,2020-08-10,Premium,49760.3
6038,Angela Rocha,grossashley@example.com,Canada,2023-08-19,Basic,24577.85
6039,Richard Moon,egilbert@example.org,Germany,2020-03-13,Standard,16210.62
6040,Mrs. Elizabeth Miller,lperez@example.net,Australia,2020-09-30,Standard,40233.71
6041,Brian James,rhondastark@example.com,Germany,2022-07-14,Standard,45729.56
6042,Jeffrey Thomas,villanuevatodd@example.org,India,2024-01-24,Standard,41539.88
6043,Eric Olsen,cstewart@example.org,France,2023-07-13,Premium,29406.88
6044,Brooke Baldwin,ruthbass@example.com,USA,2023-03-08,Standard,34803.26
6045,Michael Meza,aaron24@example.org,Germany,2024-11-03,Basic,11797.43
6046,Brenda Lewis,harry17@example.net,Australia,2021-08-07,Standard,11946.53
6047,Kathleen Martinez,ericmoore@example.com,UK,2020-06-13,Standard,32022.71
6048,Robert Anderson,danielwarren@example.com,France,2022-02-15,Premium,18003.75
6049,Ruth Ramirez,gregoryreese@example.net,Germany,2020-01-20,Basic,22537.09
6050,Lisa Williams,cheryl30@example.net,Australia,2022-11-22,Standard,3269.12
6051,James Cole,ythompson@example.org,UK,2023-03-01,Standard,9573.56
6052,Michelle Sweeney,megan91@example.net,UK,2020-03-16,Basic,26572.05
6053,Katherine Riggs,lydia95@example.com,Australia,2024-12-08,Standard,28114.42
6054,Margaret Allison,regina57@example.com,Germany,2023-08-02,Basic,32968.58
6055,Michael Mccullough,mrodriguez@example.com,USA,2020-11-01,Premium,7420.23
6056,Lauren Reid,adrianasweeney@example.org,Australia,2020-09-23,Standard,37045.01
6057,Carrie Mcdonald,usimmons@example.com,Germany,2023-10-12,Standard,20772.84
6058,Donna Porter,kayla46@example.net,Germany,2021-07-11,Basic,19379.59
6059,Maria Lopez,cortezeric@example.org,UK,2024-03-31,Standard,33199.85
6060,Jason Sherman,michael38@example.net,France,2020-11-10,Standard,32295.47
6061,Breanna Wright,jennifer35@example.com,France,2022-01-31,Basic,45156.33
6062,Victoria Schroeder,xcabrera@example.com,India,2023-05-09,Standard,42560.61
6063,Steven Hernandez,mcphersontiffany@example.net,Australia,2023-01-27,Standard,36163.38
6064,Dakota Pacheco,efowler@example.net,India,2020-05-22,Basic,25599.01
6065,Jesus Arellano,rochanancy@example.org,UK,2024-08-16,Premium,22493.54
6066,Raymond Rodriguez,nmonroe@example.org,India,2021-10-07,Standard,46852.1
6067,Caitlyn Jones,amy65@example.org,Australia,2022-11-19,Standard,14987.36
6068,Dakota Greene,andrew79@example.org,Germany,2020-08-08,Premium,1651.28
6069,Amy Rios,browndeanna@example.com,France,2021-06-22,Premium,32067.03
6070,Charles Freeman,karenbyrd@example.com,Australia,2021-12-25,Basic,22767.65
6071,Jeremy Gutierrez,angelaflowers@example.net,UK,2020-11-12,Standard,30071.85
6072,Taylor Savage,obutler@example.net,UK,2023-03-17,Premium,43518.93
6073,David Francis,mmorgan@example.net,UK,2024-04-27,Standard,26376.21
6074,Karen Miller,adamstiffany@example.org,Canada,2022-02-27,Premium,42547.88
6075,Brandi Walker,zsantiago@example.com,Germany,2023-08-26,Standard,33022.58
6076,Diana Gonzalez,marthaluna@example.net,Australia,2020-04-25,Basic,9274.15
6077,Michael Taylor MD,rebekah05@example.net,France,2021-06-03,Standard,4531.98
6078,David Gibbs,tracy52@example.net,UK,2024-09-28,Premium,46859.26
6079,Dr. Matthew Cook,jgaines@example.net,France,2022-09-18,Basic,44239.46
6080,Robert Morgan,anthony42@example.org,UK,2020-02-08,Premium,40010.47
6081,Mark Carr,rodriguezmaria@example.com,UK,2022-03-24,Premium,27917.72
6082,Douglas Clark,griffithscott@example.net,Germany,2022-09-24,Basic,12081.38
6083,Carl Manning,melissalewis@example.net,India,2021-09-09,Premium,37894.76
6084,Timothy Conley,reesecourtney@example.org,USA,2023-04-09,Basic,9811.45
6085,Terri Larson,michellewood@example.net,Australia,2021-01-11,Standard,13539.24
6086,Katherine Francis,thompsonmichael@example.com,UK,2021-10-23,Standard,31547.68
6087,Katherine Johnson,yvonnerojas@example.org,USA,2020-04-24,Standard,49916.16
6088,John Estrada,angela62@example.com,France,2024-02-28,Basic,45009.51
6089,Becky Miller,triley@example.org,India,2022-10-07,Premium,37344.3
6090,Karen Ellis,hallstephanie@example.net,Canada,2021-01-28,Basic,7215.95
6091,Maureen Becker,durhamrobin@example.com,USA,2022-09-10,Basic,10825.99
6092,Wendy Rivera,jenniferwebb@example.net,France,2022-02-14,Standard,46945.52
6093,Michael Harris,jordankatrina@example.org,USA,2023-03-22,Standard,18275.17
6094,Taylor Fisher,jgrant@example.net,India,2023-06-22,Standard,13386.38
6095,Mr. Daniel Sandoval,brandonlawrence@example.net,Germany,2024-09-21,Basic,46349.56
6096,James Gilbert,suttondarlene@example.net,India,2022-09-24,Standard,32486.36
6097,Nancy Holmes,kelly64@example.net,Germany,2021-03-07,Premium,37735.3
6098,Taylor Miller,tsherman@example.net,USA,2021-08-03,Standard,42238.64
6099,Carolyn Goodman,corywilliams@example.net,Australia,2023-06-19,Standard,17661.34
6100,Michelle Christensen,owright@example.net,USA,2021-11-05,Basic,12866.53
6101,Gabriel Jackson,pattersonmichael@example.org,Canada,2020-12-29,Standard,40776.11
6102,Sara Navarro,laurenrobertson@example.com,Canada,2020-05-23,Basic,13991.23
6103,Kayla Maldonado,kyle30@example.org,India,2022-04-27,Standard,20065.38
6104,George Lowe,erojas@example.com,France,2020-08-09,Basic,44953.19
6105,Stephanie Underwood,mindy83@example.org,Germany,2022-01-02,Premium,43726.49
6106,Christopher Richardson,janicegonzalez@example.com,Germany,2022-04-14,Basic,12513.61
6107,Michael Cervantes,dbaxter@example.org,UK,2020-12-07,Basic,20063.28
6108,Gabrielle Bryant,cpatterson@example.com,USA,2022-11-17,Premium,6445.94
6109,Alicia Zuniga,ronaldfry@example.com,UK,2022-07-25,Standard,40359.18
6110,Gregory Boone,derekhines@example.com,France,2022-06-25,Standard,26494.09
6111,Mariah Green,emilysmith@example.com,USA,2020-12-22,Premium,18704.38
6112,Drew Anthony,brandy60@example.org,UK,2020-01-10,Basic,48392.75
6113,Matthew Moore,ogarcia@example.org,Canada,2022-08-27,Standard,8791.56
6114,Leslie Page,thomasknight@example.net,Canada,2022-12-17,Basic,9381.16
6115,Kristin Chase,ihutchinson@example.org,Germany,2022-01-24,Premium,48066.18
6116,Ryan Friedman,dmclaughlin@example.com,Germany,2023-09-21,Premium,19253.2
6117,Andrew Meyer,usutton@example.net,UK,2020-08-16,Basic,47436.52
6118,Eric Patton,david89@example.org,Germany,2020-11-02,Standard,9538.28
6119,Robert Bass,vrogers@example.org,UK,2022-06-09,Standard,29541.43
6120,Billy Miller DDS,ksantana@example.org,Australia,2020-07-30,Standard,41073.94
6121,Micheal Mcguire,brhodes@example.org,France,2023-12-01,Basic,39577.16
6122,Luis Farley,ehopkins@example.org,Canada,2024-04-21,Standard,16098.75
6123,Erica Molina,vgarrett@example.org,Germany,2021-12-01,Standard,48629.62
6124,Joy Harrison,johnathan36@example.org,Germany,2022-09-03,Standard,24822.07
6125,Victoria Lee,youngmatthew@example.org,France,2021-01-03,Standard,39071.35
6126,Micheal Collins,gsingleton@example.com,India,2021-08-17,Premium,12814.87
6127,Patrick Patterson,kevin48@example.org,USA,2020-07-28,Standard,43359.98
6128,Sarah Freeman,danielmartinez@example.com,USA,2024-07-11,Standard,12426.27
6129,Teresa Mullen,lori50@example.org,UK,2023-11-06,Standard,37327.18
6130,Daniel Duran,ibrooks@example.net,Australia,2023-04-25,Standard,7822.42
6131,Jason Hart,onorris@example.net,India,2022-06-14,Premium,320.51
6132,John Vasquez,kylemartin@example.net,India,2021-03-11,Standard,32653.34
6133,Sara Weeks,josephguerra@example.org,France,2022-02-13,Standard,20004.92
6134,Samantha Taylor,yfisher@example.com,Canada,2022-02-09,Basic,47200.36
6135,Micheal Williams,omeyers@example.org,Australia,2024-05-02,Standard,32637.96
6136,Crystal Werner,fwyatt@example.com,USA,2021-04-12,Premium,14283.79
6137,Amanda Moss,james71@example.net,Australia,2023-11-10,Premium,15095.9
6138,Cody Bush,robinsonsally@example.com,India,2020-03-05,Standard,28788.1
6139,Gabriela Campos,thomassutton@example.com,UK,2020-12-27,Basic,42196.46
6140,Brandy Moyer,clarkelizabeth@example.com,Germany,2021-12-26,Premium,30683.59
6141,Jeffrey Ward,thomas87@example.net,Germany,2024-07-12,Standard,33600.95
6142,Kelly Hunt,michael87@example.net,UK,2023-08-30,Basic,33389.75
6143,Michael Woods,cartercarol@example.com,France,2024-08-02,Standard,666.69
6144,Elaine Jones,galvanbrianna@example.org,France,2023-12-31,Basic,7651.45
6145,Laura Gomez,ryandebra@example.net,Germany,2023-11-27,Standard,41599.38
6146,Tiffany Gill,blong@example.net,India,2024-11-08,Basic,49666.98
6147,Ms. Elizabeth Smith,jacobcruz@example.com,UK,2020-04-20,Basic,5205.01
6148,Anthony Stewart,josedavis@example.org,Australia,2020-03-12,Standard,31060.01
6149,Jason Anthony,jasonthompson@example.net,India,2021-05-30,Basic,47014.24
6150,Jeffrey Wright,eroy@example.org,Canada,2022-09-12,Standard,48641.78
6151,Teresa Frazier,karinagarza@example.org,Canada,2021-07-03,Standard,42879.59
6152,Joseph Coleman,jross@example.net,UK,2023-10-03,Premium,315.26
6153,John Hernandez,matthewwelch@example.com,Germany,2023-10-02,Standard,31434.58
6154,Michelle Benitez MD,sarahhendricks@example.net,India,2020-12-15,Standard,20511.1
6155,Kristin Conley,john12@example.org,Australia,2020-02-28,Standard,16726.96
6156,Laura Williams,comptonanthony@example.org,Germany,2021-05-25,Basic,32616.71
6157,Joanne Lewis,isaac37@example.net,Canada,2021-03-29,Basic,14589.95
6158,Edwin Schultz,bryan71@example.net,Canada,2022-11-11,Standard,39790.59
6159,Dr. Christopher Jones,ebowers@example.net,UK,2024-04-07,Standard,35569.98
6160,Morgan Meza,suzannemay@example.org,UK,2020-06-28,Basic,32866.76
6161,Kathleen Simpson,amber21@example.net,Germany,2021-09-14,Standard,42535.97
6162,John Rogers,dennistracy@example.net,India,2022-02-09,Premium,24560.58
6163,Charles Mcdaniel,brenda19@example.com,USA,2023-06-30,Premium,24866.82
6164,Emma Bishop,fjackson@example.com,Australia,2021-10-02,Premium,21010.28
6165,Jeff Howe,bmaxwell@example.org,Canada,2024-03-06,Basic,9049.0
6166,Cindy Hunt,rford@example.com,India,2020-08-12,Standard,41682.97
6167,Kevin Ponce,vasquezjennifer@example.com,Canada,2020-01-02,Standard,36139.45
6168,Veronica Walsh,martinezdeborah@example.net,France,2024-04-22,Standard,9749.47
6169,Nancy Torres,scottmooney@example.com,Germany,2024-09-28,Premium,36614.94
6170,Wayne Robinson,wmason@example.org,Canada,2022-02-06,Basic,15594.39
6171,Donna Villanueva,martha49@example.org,Canada,2023-04-17,Standard,30485.79
6172,Jennifer Brewer,carolyn87@example.net,Canada,2021-05-11,Standard,1381.07
6173,Melissa Smith,garretttran@example.com,Canada,2022-07-04,Standard,43313.47
6174,Michael Ruiz,tara78@example.com,Canada,2023-12-06,Standard,3377.88
6175,John Steele,neaton@example.org,Australia,2022-11-25,Premium,41863.34
6176,Troy Roberts,bartlettdaniel@example.org,UK,2020-10-01,Premium,37877.07
6177,Joe Smith,taylorrobert@example.com,India,2023-10-06,Standard,1802.39
6178,Jacqueline Hodges,mary55@example.net,Australia,2023-03-27,Standard,39084.31
6179,Brent Carrillo,donnacoleman@example.org,UK,2020-09-22,Standard,12020.72
6180,Katherine Patterson,tinahernandez@example.net,France,2024-10-31,Basic,29695.17
6181,Vernon Brown,jonathanfox@example.net,India,2022-08-22,Standard,9710.02
6182,Denise Fuller,carlamassey@example.net,USA,2022-05-23,Standard,3761.39
6183,Shane Harrington,katelynsalazar@example.org,Canada,2021-03-24,Standard,17281.23
6184,Craig Griffin,nspencer@example.net,Germany,2023-08-07,Premium,36856.64
6185,Kevin Moreno,william73@example.net,India,2024-05-08,Basic,22649.4
6186,Joshua Bartlett,vbailey@example.org,USA,2021-03-31,Basic,19680.79
6187,Robert Reid,timothyproctor@example.org,UK,2023-08-31,Standard,5936.96
6188,Brian Munoz,bennettzachary@example.net,UK,2022-01-07,Standard,41080.78
6189,Tara Hickman,brookemonroe@example.net,India,2023-08-16,Standard,29432.83
6190,James Moore,rickywelch@example.org,Australia,2022-09-03,Basic,35869.54
6191,Joanna Alexander,idrake@example.com,UK,2024-10-22,Standard,27024.85
6192,Crystal Guzman,patelcarlos@example.net,Australia,2020-03-23,Basic,12507.36
6193,Jessica Solomon,jeffward@example.net,Australia,2022-06-06,Basic,7565.6
6194,Jeff Villegas,paulbrown@example.org,India,2021-03-17,Standard,34080.53
6195,Justin Kennedy,perryrodriguez@example.net,France,2021-05-14,Standard,8099.9
6196,Lisa Colon,jmiller@example.net,Australia,2021-07-03,Basic,12003.52
6197,Tony Bonilla,josephpowell@example.org,UK,2022-12-30,Basic,27778.68
6198,Ralph Morton,austin72@example.net,France,2024-08-22,Standard,48607.88
6199,Sarah Romero,alicia00@example.net,Canada,2023-02-09,Standard,26755.49
6200,Kayla Hamilton,kristendaugherty@example.net,India,2023-12-27,Standard,7956.65
6201,Melissa Spears MD,christina48@example.com,France,2023-09-27,Premium,45074.65
6202,Lawrence Brooks,marybean@example.com,USA,2021-03-04,Standard,30055.63
6203,Edward Cunningham,baldwintony@example.net,Australia,2024-08-03,Basic,17193.04
6204,Jill Thomas,donaldpatterson@example.com,UK,2023-08-26,Standard,46633.78
6205,William Villa,stephaniesmith@example.com,France,2020-01-21,Standard,13255.99
6206,Jack Brown,zkirby@example.net,India,2022-05-08,Basic,45010.14
6207,Jessica Hart,princedaniel@example.com,Canada,2021-03-14,Basic,24420.36
6208,Mariah Byrd,ariaszachary@example.org,Germany,2020-10-09,Basic,27963.62
6209,Amanda Peterson,brownrichard@example.net,Australia,2023-06-03,Premium,8492.56
6210,Holly Wilkerson,sarah39@example.net,Australia,2020-10-13,Basic,30014.31
6211,David Flores,nmorgan@example.org,France,2020-08-20,Standard,36172.0
6212,William Duke,joshua13@example.net,France,2024-01-03,Basic,14179.16
6213,Jacqueline Miller,mmorales@example.org,USA,2021-01-15,Premium,34069.4
6214,Juan Stewart,brenda07@example.org,Australia,2021-09-29,Basic,18990.76
6215,Pamela Harper,smithryan@example.org,India,2022-01-20,Standard,27721.89
6216,Richard Morton,tcarter@example.net,Germany,2023-03-29,Standard,40037.09
6217,Ronald Jarvis,mlane@example.org,USA,2024-02-29,Standard,5660.78
6218,Donald Anderson,zsmall@example.net,France,2022-11-30,Premium,49710.33
6219,Stacy Sanders,adrianmay@example.net,Canada,2021-06-07,Standard,8030.72
6220,Benjamin Howard,patrick08@example.org,India,2023-09-20,Standard,45258.69
6221,Brittany Ortiz,jacqueline85@example.net,France,2024-12-28,Standard,47603.45
6222,Erika Austin,kelleyjoseph@example.org,UK,2022-12-21,Standard,24064.36
6223,Tony Greer,veronica71@example.net,France,2023-11-08,Basic,43190.81
6224,Margaret Mcmahon,,France,2022-05-11,Standard,6965.57
6225,James Walker,bassphilip@example.org,France,2022-12-03,Premium,22245.27
6226,Mrs. Jenna Rodriguez MD,taylorpamela@example.net,India,2023-11-22,Standard,3764.09
6227,George Butler,michele60@example.com,France,2020-02-23,Standard,12269.66
6228,Alex Dixon,dawn76@example.com,USA,2022-06-04,Basic,24347.29
6229,Christy Brock,brandymcintosh@example.com,UK,2022-06-09,Standard,43651.7
6230,Christian Bradley,bushmark@example.org,USA,2020-05-30,Standard,37971.31
6231,Patty Dennis,bmorton@example.net,UK,2020-08-15,Premium,11681.25
6232,Jay Harrington,wjones@example.com,India,2020-12-07,Basic,3776.25
6233,Crystal Miller,libeverly@example.org,Germany,2022-03-08,Premium,18761.12
6234,Michael Young,olee@example.net,Canada,2020-07-18,Basic,396.29
6235,Scott Wright,connorbaker@example.org,Australia,2021-04-01,Standard,2516.09
6236,Patricia Smith,paul32@example.net,Australia,2022-03-19,Premium,11901.55
6237,Regina Butler,jbrandt@example.com,UK,2022-01-25,Standard,41478.83
6238,Nicole Mullen,johnsonjennifer@example.net,UK,2022-11-17,Premium,26592.0
6239,Spencer Molina,murphymarilyn@example.org,France,2024-07-24,Standard,21503.85
6240,Debra Cohen,shawn18@example.net,Canada,2020-03-31,Standard,29429.64
6241,Mr. Thomas Mcbride,lloydnichole@example.net,India,2024-05-10,Standard,2285.71
6242,Michael Cameron,friedmanjoseph@example.com,India,2020-06-18,Premium,40294.16
6243,Linda King,adavis@example.com,USA,2024-08-04,Premium,18305.34
6244,Charles Foster,xherrera@example.com,India,2024-04-13,Standard,7988.17
6245,Gary Waters,zrobinson@example.com,USA,2022-02-16,Basic,37873.11
6246,Marc Bell,jacksonjeremy@example.com,Germany,2024-08-11,Standard,18396.74
6247,Crystal Pham,davenporthenry@example.com,Australia,2022-02-22,Standard,41236.55
6248,Ryan Austin,foxphilip@example.com,Australia,2021-12-03,Premium,31201.72
6249,Jose Powell,amanda05@example.org,Germany,2021-01-01,Premium,43165.71
6250,Angela Gonzalez,michaelwilson@example.org,Germany,2024-09-23,Basic,47381.37
6251,Carla Hunter,tlopez@example.com,Australia,2024-11-20,Standard,12963.7
6252,Cheryl Jackson,jeremyoliver@example.net,USA,2020-07-20,Standard,47595.78
6253,Angela Hale,kgrant@example.com,India,2022-08-11,Standard,27886.16
6254,Travis Hays,doris13@example.net,France,2023-07-11,Standard,46293.87
6255,Michael Simpson,rosekyle@example.com,USA,2020-02-20,Premium,27916.15
6256,Leonard Hernandez,fgarcia@example.com,France,2022-01-13,Premium,27446.4
6257,Kevin Patrick,cruzwilliam@example.org,UK,2023-09-14,Standard,26516.69
6258,Gary Miller,harperjorge@example.com,USA,2020-05-22,Basic,14221.21
6259,Mary Roberts,sandra86@example.org,UK,2021-07-22,Basic,7929.32
6260,Austin Simmons,lambertbrandon@example.net,USA,2023-05-03,Basic,18612.63
6261,Thomas Torres,jason37@example.net,India,2024-10-19,Standard,2711.41
6262,Alicia Fuentes,raustin@example.com,France,2024-09-13,Standard,11813.21
6263,Michael Evans,bellthomas@example.org,Canada,2022-05-17,Premium,21057.95
6264,Kelly Smith,harrischarles@example.com,India,2022-07-14,Standard,1621.12
6265,Aaron Rodriguez,timothy14@example.com,India,2020-07-04,Standard,32053.31
6266,Annette Aguilar,mark38@example.com,Canada,2024-04-14,Basic,20364.64
6267,Andrew Wiggins,brookesimmons@example.org,India,2024-03-22,Standard,49715.83
6268,Kimberly Allen,reyesamber@example.net,UK,2020-09-12,Standard,3643.21
6269,Christopher Gonzalez,morrowcassandra@example.com,Australia,2024-08-21,Standard,3485.79
6270,Misty Cruz,matthew30@example.net,USA,2020-01-13,Basic,47561.27
6271,Deborah Reeves,craigchristina@example.net,UK,2020-06-01,Basic,15870.07
6272,Crystal Brown,trevorholloway@example.org,India,2023-07-28,Standard,28646.87
6273,Zachary White,kimberlywalker@example.com,UK,2023-01-24,Premium,15180.88
6274,Dennis Clark,vzamora@example.net,USA,2020-03-28,Standard,15448.78
6275,Howard Murphy,franktodd@example.net,Germany,2024-07-21,Premium,18831.27
6276,Daniel Sanford,michelle97@example.org,USA,2023-11-04,Basic,10768.33
6277,Anne Rhodes,lisa96@example.com,France,2020-09-21,Standard,46954.56
6278,James Brown,bishopcindy@example.com,Australia,2020-10-12,Standard,16033.96
6279,Adam Edwards,diana31@example.com,Germany,2021-06-15,Standard,36793.45
6280,Lisa Bond,ryanbarnes@example.net,Canada,2020-03-31,Basic,31897.53
6281,Paige Wolfe,nicole26@example.org,Germany,2020-03-17,Standard,37205.36
6282,Paul Andrews,garymeyer@example.org,UK,2021-10-19,Basic,29078.75
6283,Thomas Lopez,sandra45@example.net,Germany,2022-10-29,Standard,6240.46
6284,Arthur Olson,mmorris@example.com,USA,2023-02-10,Basic,35702.81
6285,James Edwards,zacharywaters@example.net,Germany,2023-05-14,Standard,28022.35
6286,Felicia Graham,ronnierussell@example.com,UK,2023-11-11,Basic,18775.34
6287,Bobby Smith,davidjones@example.org,Germany,2023-03-21,Basic,48531.4
6288,Tracie Snyder,daniellefrazier@example.com,Australia,2020-11-22,Standard,42393.49
6289,Omar Lewis,keith57@example.com,Canada,2022-10-26,Premium,13341.42
6290,Lori Montgomery,annamartinez@example.org,Canada,2021-11-09,Basic,5103.05
6291,Andrew Vincent,hannah52@example.org,USA,2021-10-04,Premium,18058.05
6292,Michael Mitchell MD,bentleyryan@example.net,Germany,2023-08-14,Standard,42530.41
6293,Rhonda Navarro,teresascott@example.org,USA,2024-10-23,Basic,34960.29
6294,Frank Snow,gardnerelizabeth@example.org,USA,2020-03-12,Standard,10595.63
6295,Alejandro White,baldwinjason@example.com,Australia,2024-10-21,Standard,13027.91
6296,Brent Li,derekhernandez@example.com,USA,2024-07-21,Standard,6755.23
6297,William Walls,ofuentes@example.org,USA,2022-01-23,Premium,19799.68
6298,Mrs. Elizabeth Flores DVM,rogersbenjamin@example.com,Canada,2020-08-15,Basic,18865.5
6299,Katherine Atkins,zpierce@example.org,Australia,2023-10-30,Standard,12988.54
6300,Meghan Fowler,clarkroberto@example.com,Germany,2020-12-06,Basic,31135.28
6301,Michelle Long,michael46@example.net,France,2023-05-27,Standard,26792.38
6302,Mitchell Carson,christopherwalter@example.com,UK,2022-03-22,Premium,6919.37
6303,Danielle Gonzalez,gomezmatthew@example.org,France,2022-04-09,Premium,4786.64
6304,Kristin Harrison DDS,crystalsmith@example.org,France,2024-05-23,Premium,21221.66
6305,Duane Archer,alexissalazar@example.net,USA,2022-09-02,Basic,8841.84
6306,Veronica Greene,alexander86@example.com,USA,2024-09-08,Premium,48080.22
6307,Laura Lawson MD,lutzwhitney@example.org,Germany,2024-06-07,Premium,29590.38
6308,Donna Cordova,hnelson@example.org,USA,2021-03-04,Standard,40004.8
6309,Linda Bates,thomaschristopher@example.com,Germany,2020-07-25,Basic,43114.68
6310,Erin Hodges,rachelmorse@example.org,UK,2021-08-31,Standard,17170.62
6311,Shawn Johnson,bortiz@example.net,Australia,2022-03-01,Premium,46306.45
6312,Kim Li,jason16@example.org,UK,2024-07-26,Standard,30506.66
6313,Michael Sullivan,torreschristina@example.com,India,2021-01-12,Standard,11134.75
6314,Jennifer Cox,kaitlyn10@example.com,India,2021-10-07,Basic,19728.05
6315,Matthew Randolph DDS,stevenberry@example.org,USA,2022-10-14,Standard,33704.39
6316,Wanda Hines,mbishop@example.org,USA,2024-12-10,Basic,49645.47
6317,Elizabeth Scott,jacobgreen@example.com,Canada,2023-11-05,Premium,6501.22
6318,Brian Reed,iwilliams@example.net,Germany,2024-11-04,Standard,10267.23
6319,Marcus Hunt,flemingbrandon@example.net,India,2024-05-12,Basic,25360.98
6320,Monica Montgomery,stewartlauren@example.com,Australia,2023-09-22,Basic,20150.27
6321,Hunter Brown,alexis13@example.net,UK,2021-05-01,Standard,46283.1
6322,Michelle Cordova,ystout@example.com,Germany,2021-04-10,Standard,18139.16
6323,Carolyn Jenkins,staylor@example.com,USA,2023-06-12,Basic,16819.4
6324,Nancy White,jason60@example.com,UK,2020-08-18,Standard,39827.83
6325,Troy Chavez,devon39@example.net,India,2023-07-05,Standard,36423.51
6326,Sarah Rice,karen27@example.com,India,2022-07-07,Standard,35432.17
6327,Keith Kelley,martinkristopher@example.com,Canada,2021-12-12,Premium,24853.34
6328,Stacey Maxwell,jacobstracy@example.org,India,2020-01-15,Standard,21773.01
6329,Julie Mccarthy,wcraig@example.org,Canada,2024-02-26,Standard,8433.52
6330,Lisa Jones,debra31@example.com,Germany,2020-04-10,Premium,28501.82
6331,Hayley Harris,ageorge@example.net,India,2021-12-11,Basic,41537.28
6332,Matthew Mcdonald,jmccall@example.com,India,2020-11-24,Premium,35358.77
6333,John Vasquez,,USA,2021-02-18,Standard,49107.38
6334,Tim Lopez,zjohnston@example.com,France,2021-05-10,Basic,47197.45
6335,Sydney Jones,chadgarcia@example.org,Australia,2022-12-22,Basic,47298.63
6336,Lisa Benitez,eric66@example.org,Canada,2020-06-07,Standard,22446.05
6337,Daniel Watkins,sheadawn@example.net,UK,2024-09-19,Standard,29351.28
6338,Autumn Jones,mdavidson@example.net,India,2021-11-23,Basic,49048.92
6339,Daniel Torres PhD,markburgess@example.com,France,2021-08-16,Standard,24271.82
6340,Paul Taylor,nicolemcdaniel@example.com,France,2022-07-23,Standard,13962.04
6341,Cody Moran,kfarmer@example.org,Australia,2023-07-24,Basic,12958.6
6342,Jennifer Beltran,pstewart@example.net,Australia,2021-02-07,Standard,1815.65
6343,Michael Crawford,bphillips@example.com,Canada,2020-06-10,Basic,40711.99
6344,Michael Buchanan,morrisblake@example.com,India,2021-04-22,Standard,35139.79
6345,Dan Stephenson,awu@example.org,France,2021-12-31,Premium,20905.6
6346,Mark Benjamin,ashley41@example.org,Australia,2023-05-18,Standard,6465.19
6347,Travis Fuller,lorigutierrez@example.com,Canada,2020-11-01,Basic,12937.27
6348,Monica Lopez,qvalentine@example.net,UK,2021-07-26,Premium,7931.73
6349,James Barnes,bcarr@example.com,Germany,2023-04-18,Basic,44037.95
6350,Mark Mcintosh,acarlson@example.net,Canada,2020-12-21,Premium,43364.49
6351,Ann Hall,davidgilbert@example.net,India,2023-09-07,Standard,28163.01
6352,Krista Taylor,gallegosaaron@example.net,UK,2024-09-30,Standard,303.78
6353,Karen Morrison,mjones@example.com,India,2023-02-11,Standard,21903.18
6354,Heather Parker,hgomez@example.com,France,2023-09-11,Basic,8251.12
6355,Kimberly Aguilar,theresa26@example.org,Australia,2024-02-04,Basic,48611.24
6356,Catherine Moore,tknight@example.com,France,2020-05-10,Standard,24935.61
6357,Nicole Cunningham,rreyes@example.com,USA,2023-01-28,Basic,31885.05
6358,Cheryl Dennis,crose@example.net,UK,2022-07-10,Basic,37351.51
6359,Amanda Carroll,brianwarner@example.org,France,2021-06-05,Premium,25718.25
6360,Karen Hood,millerbrandon@example.com,Germany,2021-01-23,Premium,48263.03
6361,Marie Mckee,danielle51@example.net,USA,2023-06-08,Standard,27347.21
6362,Brittany Farley,mhernandez@example.org,Germany,2023-12-12,Standard,27378.11
6363,Noah Hernandez,barbarawilliamson@example.com,Canada,2020-05-03,Premium,26155.61
6364,Tina Sims,ehines@example.org,UK,2022-09-15,Premium,36591.24
6365,Lindsay Gonzales,cprice@example.net,France,2024-02-09,Standard,32157.45
6366,Adam Arnold,ian96@example.com,UK,2021-08-23,Standard,48979.14
6367,Michael Hogan,rmorgan@example.org,France,2020-02-13,Basic,48430.04
6368,Robert Reyes,parkererica@example.net,UK,2023-03-07,Basic,16295.91
6369,Lisa Martinez,lthomas@example.net,UK,2022-07-27,Standard,13540.04
6370,Adam Smith,john39@example.org,Canada,2024-12-30,Standard,44191.34
6371,Lauren Dunn,haynescynthia@example.net,Germany,2022-01-19,Basic,42830.17
6372,Alisha Morgan,lutzkaren@example.com,Australia,2022-11-09,Standard,10146.4
6373,Sean Campbell,scottpetersen@example.net,Canada,2020-10-30,Premium,27195.86
6374,Marie Smith,tiffany41@example.com,France,2020-06-06,Premium,4275.33
6375,Daniel Sutton,rlamb@example.org,UK,2022-08-06,Premium,20992.86
6376,Erin Shields,phall@example.net,UK,2020-07-08,Standard,22535.97
6377,William Fitzgerald MD,charles37@example.com,Germany,2024-08-20,Basic,16594.14
6378,Samuel Cook,david52@example.com,France,2024-08-27,Standard,19990.0
6379,Christine Bell,fyoung@example.net,UK,2020-05-13,Basic,44434.53
6380,Jennifer Cobb,jennifer68@example.com,UK,2024-01-11,Basic,8690.18
6381,Colton Cohen,sparkscraig@example.org,Germany,2024-06-08,Standard,441.74
6382,Mariah Case,gina18@example.com,UK,2022-08-17,Standard,26098.87
6383,Samantha Brown,patrick23@example.net,Canada,2021-11-07,Basic,42806.22
6384,Madeline Vargas,ghicks@example.net,UK,2020-01-27,Premium,3657.43
6385,Tonya Medina,heatherrogers@example.org,UK,2024-01-22,Standard,5414.92
6386,Robert Foster,shawnsanders@example.net,USA,2020-11-24,Standard,15196.58
6387,Mackenzie Hawkins,rhunt@example.com,India,2024-10-15,Standard,30619.95
6388,Sarah Gonzalez,kylecaldwell@example.com,Australia,2023-09-26,Premium,40103.61
6389,Brandon Wong,thomas08@example.org,Canada,2020-12-03,Standard,20386.14
6390,Teresa Lewis,terrymary@example.org,Germany,2021-07-21,Standard,25676.68
6391,Anna Stevenson,andrewwolf@example.com,USA,2021-11-28,Standard,23550.6
6392,Mark Phillips,anna34@example.net,India,2024-08-28,Premium,1092.0
6393,Paige Spears,,USA,2023-01-17,Premium,44106.65
6394,Ian Brown,montgomerychristopher@example.org,UK,2020-12-27,Basic,7778.76
6395,Alexander Parsons,ajones@example.com,USA,2023-07-07,Standard,3132.08
6396,Michael Morales,melissa48@example.net,India,2024-07-22,Standard,36592.97
6397,Valerie Velazquez,tmartinez@example.net,Germany,2024-08-04,Basic,11244.61
6398,Kayla Nichols,omunoz@example.com,Australia,2021-04-09,Basic,13971.05
6399,Gabriel Gonzales,vernon72@example.org,India,2023-12-15,Standard,28961.48
6400,Jennifer Gonzalez,thernandez@example.net,France,2020-05-15,Standard,3404.06
6401,Matthew Nelson,stephanie72@example.org,France,2020-05-04,Standard,43413.53
6402,Amy Brown,hhenderson@example.com,Australia,2021-03-19,Basic,43894.23
6403,Brett Gardner,kristin93@example.com,India,2022-07-26,Standard,49502.63
6404,Nathan Christensen,romankevin@example.org,Germany,2023-11-23,Premium,18192.67
6405,Melissa Davis,mariestewart@example.com,France,2021-12-02,Standard,15011.32
6406,Diana Becker,randall67@example.org,Australia,2021-09-04,Standard,17761.48
6407,Theresa Maddox,taylorsharon@example.org,Canada,2020-07-09,Basic,24657.93
6408,Alicia Morgan,kathyhudson@example.com,Australia,2023-02-26,Basic,806.62
6409,Regina Henson,michaelsavage@example.org,UK,2021-09-22,Standard,47671.71
6410,Gregory Dawson,jacobwiggins@example.net,France,2023-12-28,Standard,44424.73
6411,Deanna Williams,bjones@example.net,France,2023-10-19,Standard,27470.49
6412,Kellie Huber,fuentesjames@example.org,India,2020-10-21,Basic,154.38
6413,Mary Crawford,jay10@example.org,Canada,2023-07-24,Standard,7442.23
6414,Kevin Cunningham,alecsmith@example.org,Australia,2020-03-27,Basic,40091.4
6415,Robert Fisher MD,rodriguezkevin@example.com,Australia,2022-03-01,Standard,26569.26
6416,Brittany Bell,vjohnson@example.net,Australia,2020-03-25,Premium,26077.17
6417,Anthony Fleming,kmoss@example.org,France,2021-05-10,Basic,23485.33
6418,Larry Jones,blackjames@example.net,Canada,2022-02-05,Premium,11445.15
6419,Paul Lopez,rickyblankenship@example.com,Germany,2020-05-25,Standard,23045.83
6420,Jasmine Wallace,dmcclure@example.net,USA,2022-04-15,Standard,18192.45
6421,Jason Leblanc,sarah26@example.net,UK,2020-06-30,Basic,32849.67
6422,Michelle Chen,ibuckley@example.net,India,2020-06-09,Basic,36916.92
6423,Anne Taylor,marissa77@example.org,Australia,2021-10-22,Standard,36109.56
6424,Regina Kennedy,blake62@example.com,USA,2021-06-23,Standard,37755.27
6425,Angela Newton,lramos@example.net,India,2021-11-02,Standard,39356.72
6426,Darius Berry,aliciabrown@example.com,Germany,2024-03-10,Standard,25763.72
6427,Shawn Johnson,joshuahanson@example.net,Australia,2023-12-13,Premium,21072.2
6428,Christy Mercer,amyduran@example.org,USA,2024-09-04,Basic,8498.93
6429,Edward Thompson,rpatel@example.net,Australia,2020-12-23,Premium,32176.97
6430,Jeremiah Goodwin,robertmartin@example.org,Canada,2021-02-28,Standard,31173.26
6431,Laura Allen,kimberly46@example.net,USA,2022-07-02,Standard,41948.32
6432,Danielle Juarez,brayshelly@example.org,UK,2024-04-28,Standard,5022.98
6433,Elizabeth Burke,dgarcia@example.net,Australia,2023-04-29,Premium,224.14
6434,Steven Knight,berrycharles@example.net,UK,2022-11-08,Basic,10760.46
6435,Valerie Pearson,randy61@example.com,Australia,2020-02-05,Basic,4413.94
6436,Bailey Goodwin,jenniferbell@example.net,India,2024-11-05,Basic,46173.81
6437,Michael Anderson,krausejessica@example.net,Canada,2020-03-02,Premium,27090.03
6438,Hannah Chang,nathaniel00@example.com,USA,2021-06-27,Basic,44329.06
6439,Jeffery Cameron,cfrazier@example.com,Canada,2023-08-20,Basic,28200.01
6440,Kathleen Hamilton,andrewwilson@example.com,UK,2022-09-14,Standard,41815.18
6441,Thomas Lewis,floresstephen@example.org,Australia,2023-09-21,Basic,11854.77
6442,Michelle Park,levyelizabeth@example.org,Germany,2020-01-09,Premium,32722.79
6443,Brittany Dennis,mariahtaylor@example.net,India,2022-04-30,Standard,47297.41
6444,Sydney Fisher,rcarr@example.com,India,2021-12-09,Premium,8646.01
6445,Christine Lopez,poncekelly@example.com,Germany,2020-10-12,Basic,2925.04
6446,Kristina Romero,clayscott@example.com,France,2024-05-04,Basic,48926.84
6447,Jessica Cooper,erica78@example.com,UK,2021-12-21,Standard,39992.71
6448,Brandon Dominguez,joshuawest@example.org,Germany,2021-04-29,Standard,2875.88
6449,Bethany Delgado,christopher52@example.org,Australia,2023-05-02,Standard,23354.17
6450,Stephen Nguyen Jr.,zcastillo@example.org,Germany,2021-04-19,Standard,13048.56
6451,Denise Castro,cortega@example.com,France,2022-03-23,Standard,24870.34
6452,Craig Griffin,finleywhitney@example.org,UK,2020-05-02,Standard,3961.96
6453,Sarah Cuevas,tylerrusso@example.com,Canada,2024-11-03,Basic,27085.27
6454,Mary Wagner,tkim@example.com,France,2023-08-26,Basic,37472.45
6455,Adam Parks,ortegamaureen@example.com,Germany,2022-09-03,Premium,29200.96
6456,Christopher Morrow,xclark@example.com,UK,2021-08-26,Standard,27935.53
6457,Jennifer Stewart,reedchristopher@example.org,UK,2021-06-19,Standard,30465.37
6458,Scott Joseph,courtneyshaw@example.com,France,2023-02-12,Standard,20308.85
6459,Sandra Jordan,gedwards@example.net,Germany,2021-04-07,Standard,27569.65
6460,Rhonda Logan,snyderlauren@example.net,Germany,2021-09-30,Standard,1240.42
6461,Jason Johnson,mike22@example.com,USA,2021-07-16,Premium,24001.43
6462,Deborah Cruz,matthew95@example.net,India,2022-06-07,Standard,20017.49
6463,Riley Fitzpatrick,danny83@example.org,India,2020-01-11,Premium,31616.67
6464,Caitlin Stephenson,millerdenise@example.net,France,2020-04-01,Premium,42501.26
6465,Paul Burke,johnsonkathy@example.net,Canada,2021-04-08,Standard,40383.28
6466,Emily Nash,sean73@example.com,India,2023-06-07,Basic,32387.33
6467,Justin Perez,lopezvirginia@example.net,Germany,2024-12-30,Standard,42381.99
6468,Samantha Allen,ucarpenter@example.com,Canada,2023-02-12,Premium,38374.1
6469,Kevin Davidson,peter87@example.org,Canada,2020-09-09,Premium,41393.24
6470,Mrs. Emily Nelson,ronald71@example.net,India,2020-12-12,Standard,35791.9
6471,Charles Melendez,hsweeney@example.com,Canada,2021-09-26,Standard,43666.51
6472,Lisa Johnson,graysarah@example.org,India,2022-11-13,Standard,11050.36
6473,Craig Brown,bthomas@example.com,Canada,2022-01-10,Standard,7284.53
6474,Ms. Kim Knight,rthompson@example.com,Germany,2023-10-18,Basic,11272.79
6475,Tyler Sanchez,jessicasutton@example.org,Australia,2023-06-09,Standard,46491.88
6476,Travis Ellis,ginawilcox@example.net,Germany,2022-07-30,Standard,45115.8
6477,Briana Johnson,petersoncole@example.org,Australia,2023-03-24,Standard,15877.52
6478,Angela Reyes,antonio41@example.net,UK,2021-12-08,Standard,25600.52
6479,Zachary Freeman,mirandamichele@example.com,UK,2022-06-28,Standard,36507.33
6480,Lucas Potter,gregorymaynard@example.com,USA,2020-02-18,Basic,16982.13
6481,Philip Marshall,john67@example.com,France,2024-05-27,Premium,24393.24
6482,Dillon Fields,franklisa@example.org,USA,2020-09-13,Premium,8623.34
6483,Ms. Mary Gomez,john67@example.org,Canada,2020-04-10,Basic,10979.22
6484,Grant Thompson,rmcclure@example.com,UK,2023-01-05,Standard,2231.13
6485,Kimberly Taylor,christophertaylor@example.net,Canada,2024-05-24,Standard,33838.35
6486,Troy Diaz,jilljackson@example.org,India,2020-02-08,Premium,4771.35
6487,Debra Anderson,tanner67@example.org,Germany,2022-04-14,Standard,43870.99
6488,Michele Cross,meaganevans@example.net,USA,2024-02-02,Standard,41126.18
6489,Roger Harrison,ojones@example.org,USA,2021-11-13,Standard,49094.59
6490,Whitney Mcbride,rclark@example.org,Germany,2020-08-26,Premium,3909.86
6491,Robert Stewart,kmercado@example.com,India,2024-10-30,Basic,47553.59
6492,Jacqueline Lewis,aguirrelauren@example.org,France,2020-12-17,Basic,37651.88
6493,Michael Gordon,mtaylor@example.net,Australia,2020-12-08,Basic,39684.61
6494,Hannah Roberson,mschultz@example.org,Canada,2021-12-11,Premium,26834.13
6495,Patrick Thompson,holsen@example.net,Germany,2020-02-26,Standard,37527.59
6496,William Peck,ashley70@example.com,Canada,2023-03-30,Basic,30126.85
6497,Lauren Oliver,hartrichard@example.net,Canada,2024-02-01,Standard,21951.74
6498,Matthew Dawson,robert39@example.com,Australia,2023-12-10,Standard,26932.57
6499,Steve Atkins,csmith@example.org,Australia,2020-03-14,Premium,31976.6
6500,Cassandra Mcneil,joe20@example.net,UK,2022-12-06,Basic,13423.78
6501,Heather Odom,riceallison@example.com,UK,2022-02-14,Standard,20659.48
6502,Jeremy Houston,linjustin@example.net,Germany,2020-11-27,Basic,1334.51
6503,Samantha Prince,mackrebecca@example.org,Canada,2022-11-02,Standard,38630.34
6504,Jennifer Brown,orobertson@example.net,Canada,2022-07-06,Standard,14978.34
6505,Jeffrey Williams,mvaughan@example.org,India,2022-02-14,Standard,46887.82
6506,William Brown,rachel50@example.com,France,2024-02-10,Standard,37943.29
6507,Beth Ford,fitzpatrickheather@example.com,Germany,2020-10-09,Standard,6039.36
6508,Suzanne Guerrero,qfranklin@example.net,France,2023-09-19,Standard,22705.0
6509,Elijah Herrera,xowens@example.net,Australia,2024-08-29,Standard,35194.71
6510,Dawn Mendez,ramirezjennifer@example.com,USA,2020-01-16,Standard,5312.58
6511,Stuart Smith,lewisshelley@example.com,UK,2021-04-25,Standard,37177.66
6512,Devin Dennis,changjohn@example.org,France,2020-12-13,Premium,41510.33
6513,Frederick Cummings,jeffreysimmons@example.org,UK,2023-03-18,Standard,35290.52
6514,Zachary Le,mark15@example.com,UK,2020-08-04,Premium,41100.11
6515,Jacob Ryan MD,smiller@example.net,USA,2020-04-02,Standard,18858.17
6516,Gregory Miller,morenopatrick@example.net,Australia,2023-08-29,Standard,27544.51
6517,Dr. Marcus Garrett II,william91@example.com,France,2020-04-12,Standard,12447.2
6518,Kevin Leonard,christopherflores@example.net,Germany,2021-09-26,Standard,47342.04
6519,Joseph Wong,xwood@example.com,Australia,2022-04-21,Standard,39755.99
6520,Michael Rodriguez,jillarnold@example.org,Canada,2022-06-15,Basic,19499.93
6521,Kimberly Hill,oherrera@example.com,Canada,2020-01-31,Standard,31646.26
6522,Lynn Miller,jennifer41@example.net,UK,2024-09-14,Standard,4208.32
6523,Darius Tapia,vicki70@example.org,France,2022-05-08,Standard,46601.37
6524,Tonya Cole,maryfreeman@example.org,Australia,2020-05-01,Premium,3275.74
6525,Corey Williams,kristy97@example.org,India,2020-12-01,Premium,8161.94
6526,Angela Johnson,nataliemartin@example.net,USA,2022-05-27,Standard,4792.76
6527,Samuel Glass,hamiltonandrew@example.org,Germany,2022-07-11,Premium,41723.05
6528,Jasmine Bishop,patrick11@example.net,UK,2024-04-18,Basic,11473.54
6529,Kenneth Boyer,benitezlawrence@example.com,Canada,2021-07-09,Basic,33415.55
6530,Robert Johnson,mmorris@example.net,UK,2021-11-20,Basic,35291.15
6531,Dennis Hancock,waltervargas@example.net,USA,2020-06-21,Standard,34730.34
6532,Barbara Wells,ngardner@example.com,Canada,2024-07-03,Standard,36823.61
6533,Rebecca Chung,elizabeth22@example.org,India,2022-01-29,Basic,42985.49
6534,Laura Wolf,matthewcooper@example.org,Germany,2020-04-09,Standard,31882.4
6535,Roy Nichols,orichardson@example.org,USA,2021-04-08,Standard,46718.47
6536,Brent Gates,huntermichael@example.org,Canada,2021-06-14,Standard,42651.79
6537,Kimberly Morse,scotthinton@example.com,UK,2024-03-24,Basic,1575.55
6538,Jessica Logan,brandon93@example.org,Canada,2024-09-11,Standard,35383.3
6539,Teresa Davis,fmiller@example.com,USA,2023-04-30,Standard,9511.52
6540,Darrell Williams,brandttravis@example.org,UK,2022-03-08,Standard,30029.18
6541,Mr. Peter Green MD,shawdanielle@example.org,UK,2020-02-02,Standard,21831.82
6542,Paul Walter,perezbrian@example.net,India,2023-03-11,Premium,15741.03
6543,Desiree Kelley,scottalan@example.org,UK,2023-08-19,Standard,8777.41
6544,Sandra Townsend,danielguerrero@example.net,Australia,2024-04-27,Premium,39692.35
6545,Lauren Owens,rcrosby@example.com,Canada,2021-04-01,Premium,34977.52
6546,Jason Roberts,ujones@example.net,USA,2024-05-29,Standard,27256.47
6547,Justin Preston,rebecca83@example.org,India,2024-07-23,Basic,36287.38
6548,Lisa Ramos,ohenson@example.net,Australia,2020-07-09,Standard,44566.05
6549,Natalie Watts,heidilynch@example.org,Germany,2024-04-29,Standard,905.66
6550,Courtney Boyd,meganbennett@example.com,Germany,2020-08-09,Standard,3701.12
6551,Mark Maxwell,estephens@example.org,USA,2021-11-19,Standard,40731.2
6552,Luis Wilson,jessicaspence@example.com,India,2023-05-15,Standard,30877.39
6553,Kathryn Walters,ykelly@example.com,USA,2024-08-18,Basic,17588.05
6554,Jacqueline Harper,ualvarado@example.net,Germany,2024-07-17,Basic,45407.49
6555,Jeffrey Lewis,williamssteven@example.org,Germany,2023-08-30,Standard,43440.83
6556,Casey Rios,kimberlyyoung@example.org,UK,2022-10-30,Premium,27524.32
6557,Raymond Vazquez,ryanhart@example.com,USA,2024-01-29,Basic,19042.54
6558,Jeremy Newman,jose60@example.net,India,2023-09-19,Standard,37546.86
6559,Brad Stevens,derekwright@example.org,Canada,2023-03-11,Standard,44692.03
6560,Jessica Castro,laurenromero@example.org,France,2024-11-30,Standard,37920.89
6561,Dr. Terri Chapman,matthew76@example.net,France,2023-10-13,Standard,21989.71
6562,Joseph Lewis,gonzalesjessica@example.net,Canada,2020-05-04,Standard,4724.81
6563,Lindsay Barber,randerson@example.net,France,2023-03-31,Premium,46371.97
6564,Douglas Mejia,colleen97@example.com,Australia,2024-06-18,Basic,27423.9
6565,Mark Bonilla,amber67@example.org,India,2020-07-23,Premium,40098.92
6566,Ray Carter,maria63@example.com,UK,2021-01-03,Basic,48940.61
6567,Richard Ramsey,bookerjohn@example.com,Canada,2024-08-31,Basic,13627.2
6568,Peggy Barton,awhite@example.net,UK,2023-01-13,Standard,43762.74
6569,Maurice Brown,douglasgarcia@example.com,UK,2022-02-12,Premium,26718.91
6570,Michael Harvey,hwilson@example.org,Germany,2021-05-03,Standard,15104.43
6571,Leonard Pham,jenniferwilliams@example.org,Canada,2024-07-19,Basic,3398.62
6572,Krista Barnett,hernandezchristian@example.org,Australia,2024-12-17,Standard,36587.63
6573,Jennifer Edwards,samanthacruz@example.net,France,2020-06-13,Standard,24161.87
6574,Brandon Bray,rhonda46@example.com,France,2021-10-27,Premium,17944.15
6575,Robert White,michelemahoney@example.com,India,2021-10-26,Standard,29459.17
6576,Riley Fischer,baileyrobert@example.org,Germany,2020-02-12,Standard,41212.58
6577,Curtis Hunt,william50@example.org,USA,2022-03-26,Premium,34441.36
6578,Daniel White,melanie01@example.net,UK,2020-06-09,Standard,14342.2
6579,James Murray,ncurtis@example.com,Germany,2024-03-21,Standard,21303.8
6580,Meghan Washington,shortjared@example.org,Germany,2021-07-18,Premium,26463.99
6581,Donald Chase,lhill@example.org,UK,2023-06-04,Premium,5085.27
6582,Gregory Johnson,barnettjames@example.com,France,2023-09-03,Standard,12236.12
6583,Joseph Williams,mhurley@example.org,UK,2023-01-02,Standard,16296.17
6584,Nicholas Cox,duanebryant@example.org,Australia,2020-03-04,Standard,21713.39
6585,Lauren Glenn,xcannon@example.com,Germany,2024-11-23,Premium,5283.85
6586,Jose Avila,quinnann@example.net,Canada,2024-01-02,Standard,27470.32
6587,Heidi Spears,chaneymichele@example.org,Germany,2022-10-31,Premium,30795.46
6588,Brittany Sanchez,lmartinez@example.org,UK,2020-09-01,Standard,21219.91
6589,Heather Francis,rodriguezheather@example.net,India,2020-11-04,Basic,41963.58
6590,Kenneth Rodriguez,aaronjohnson@example.org,UK,2024-05-09,Standard,41908.84
6591,Ashley Lewis,josephwilson@example.com,India,2022-11-07,Standard,28951.48
6592,James Fleming MD,henrylisa@example.org,USA,2022-05-12,Basic,36102.15
6593,Suzanne Hernandez,sonyawarner@example.net,UK,2020-08-12,Standard,35365.76
6594,Heather Miller,john62@example.net,USA,2023-10-09,Standard,2734.41
6595,Michelle Higgins,helen04@example.net,USA,2024-08-24,Premium,25159.91
6596,Alyssa King,laura71@example.com,Australia,2022-10-02,Basic,34599.99
6597,Lisa Thompson,kellyhughes@example.org,UK,2024-01-24,Standard,33796.48
6598,Cory Anderson,hsmith@example.com,Australia,2024-04-07,Premium,14486.5
6599,Sean Yu,jhumphrey@example.net,India,2020-10-23,Standard,7754.79
6600,Tina King,jgonzalez@example.net,UK,2021-01-27,Standard,5244.53
6601,Angela Peterson,carteryvette@example.net,India,2023-11-21,Standard,29482.29
6602,Kimberly Woods,ramirezsteven@example.net,India,2020-06-13,Premium,43009.82
6603,Daniel Adams,cooperbrenda@example.net,UK,2023-08-29,Standard,42455.35
6604,Frank Campos,gregorywright@example.org,Germany,2021-05-04,Premium,42658.74
6605,Mary Fischer,jessica19@example.net,USA,2021-11-04,Premium,16043.85
6606,Nicole Pearson,zwebb@example.com,Australia,2022-06-21,Standard,9291.04
6607,Rachel Manning,bjohnson@example.com,USA,2020-11-20,Standard,7077.92
6608,April Mccarthy,jacobturner@example.net,India,2024-02-29,Basic,36984.09
6609,Calvin Salazar,amy72@example.com,Canada,2022-08-03,Basic,5782.2
6610,Beverly Wilson,sarasavage@example.net,USA,2024-11-20,Standard,10532.89
6611,Frank Coleman,jessicadalton@example.net,France,2024-04-10,Premium,32122.94
6612,Alison Wells,wheelerwyatt@example.org,UK,2020-11-08,Standard,47772.31
6613,Ronald Kelly,smithjade@example.net,India,2021-05-14,Standard,12238.52
6614,Mark Shelton,ncunningham@example.org,France,2023-08-25,Standard,43009.93
6615,Richard Anderson PhD,jacksonchristopher@example.org,France,2023-12-23,Standard,10907.26
6616,Caroline Harper,meganmonroe@example.net,USA,2024-11-16,Standard,38648.5
6617,Kayla Fox,kristina43@example.org,UK,2022-02-26,Standard,39673.26
6618,Christopher Jackson,piercemelissa@example.com,USA,2022-05-14,Standard,21559.42
6619,David Barton,henrykristin@example.org,USA,2024-06-24,Premium,2819.99
6620,Brittany James,lydia20@example.net,Canada,2021-08-19,Basic,12451.11
6621,Angela Lopez,chendricks@example.org,Canada,2024-10-25,Standard,23730.32
6622,Michelle Levy,becky11@example.com,Australia,2020-07-19,Basic,13908.72
6623,Stephanie Young MD,iwright@example.net,France,2021-09-19,Standard,18090.11
6624,Mary Smith,thomascarrie@example.com,France,2022-07-13,Basic,17874.95
6625,Christina Wolf,valerievelazquez@example.net,Canada,2022-03-17,Premium,34449.06
6626,Jessica Henry,larry29@example.net,Australia,2023-10-24,Basic,20273.78
6627,Marc Clay,linda19@example.com,Canada,2022-03-13,Standard,3410.15
6628,Kathleen Williams,greenechristopher@example.net,Germany,2023-07-10,Basic,48026.01
6629,Crystal Lopez,wbriggs@example.net,UK,2020-09-28,Standard,32015.09
6630,Julie Harris,rosariokaren@example.org,India,2021-11-11,Basic,20882.81
6631,Mikayla Daniels,hfisher@example.net,India,2023-03-31,Standard,49631.7
6632,Kimberly Brown,brownkevin@example.org,USA,2020-07-24,Standard,29122.09
6633,Kelly Mason,cheryl91@example.net,UK,2020-09-27,Standard,22132.42
6634,Erika Carpenter,alvarezjesse@example.net,Australia,2021-12-13,Standard,38257.73
6635,Bryan Walker,kristinavalenzuela@example.org,Germany,2024-12-14,Standard,11742.93
6636,Melissa Knight,zamoramargaret@example.org,USA,2024-06-26,Standard,34501.05
6637,Christopher Hill,joe65@example.com,Australia,2024-10-28,Premium,31726.14
6638,Morgan Miller,maytony@example.net,Canada,2023-04-27,Standard,17020.29
6639,Ana Cole,reedmonique@example.com,USA,2022-11-23,Standard,43883.74
6640,Amanda May,josephmorrison@example.com,France,2022-09-01,Basic,24743.32
6641,Alyssa Cowan,brandon09@example.org,France,2020-03-02,Standard,17003.86
6642,Kevin Morales,morrisonjacqueline@example.org,India,2024-09-02,Standard,43184.22
6643,Cheryl Sanders DDS,pedrocruz@example.org,France,2023-10-23,Standard,9906.13
6644,Cynthia Williams,aaron99@example.net,France,2020-02-19,Basic,16266.68
6645,Diana Black,bennettdaniel@example.net,USA,2020-07-09,Standard,20600.13
6646,Jaclyn Smith,catherine08@example.com,UK,2021-08-22,Basic,12392.92
6647,Donna Nelson,jennifer39@example.org,France,2020-06-04,Standard,5153.28
6648,Ryan Hamilton,jonathan93@example.com,Canada,2024-08-04,Premium,28318.79
6649,Ashley Hernandez,gholmes@example.net,France,2020-08-14,Standard,30460.08
6650,Thomas Mccoy,tholder@example.net,Australia,2023-05-11,Standard,32897.92
6651,Brad Marshall,andrewburton@example.net,UK,2020-08-08,Standard,11307.71
6652,Betty Hanna,markhardin@example.net,Australia,2020-07-27,Premium,19743.21
6653,Michelle Howell,martinscott@example.com,Canada,2020-06-28,Standard,34762.45
6654,Brandon Johnson,larry46@example.com,India,2022-03-04,Standard,24905.43
6655,Valerie Brown,lindareed@example.com,USA,2024-05-28,Premium,3040.64
6656,Brandon Morgan,nancy84@example.com,France,2022-11-03,Basic,38686.01
6657,Heather Larson,kingmelissa@example.net,Australia,2020-02-02,Standard,30715.87
6658,Victoria Hopkins,anthony90@example.com,Canada,2021-07-08,Basic,45201.41
6659,Emily Duncan,debramclean@example.org,India,2024-02-21,Basic,19391.21
6660,David Berger,zvelasquez@example.net,USA,2021-01-31,Standard,6677.56
6661,Stacey Kent,ellisrichard@example.net,India,2022-01-04,Standard,39209.34
6662,Christian Scott,hunter31@example.com,France,2022-05-27,Standard,38685.72
6663,Alexa Morse,kristen11@example.org,UK,2021-05-21,Standard,13970.76
6664,Rebecca Kim,ryanmurphy@example.net,USA,2023-12-27,Standard,41584.25
6665,Jorge Baxter,victoriastevens@example.com,USA,2022-01-28,Basic,14897.23
6666,Terry Lucas,henry60@example.org,Canada,2022-04-21,Standard,40815.64
6667,Jillian Villarreal,matthew13@example.org,France,2023-12-18,Standard,37427.76
6668,Colton Rios,sharon70@example.org,France,2023-05-11,Basic,31567.4
6669,Dr. Bethany Harris,dawnmeadows@example.org,UK,2020-10-30,Standard,41050.9
6670,Melinda Williams,truiz@example.org,USA,2023-11-26,Basic,4088.2
6671,Thomas Hays,jeffrey11@example.com,France,2022-01-06,Premium,20739.21
6672,Connie Horn,stephaniemays@example.net,Australia,2024-05-29,Basic,28401.13
6673,Michael Frank,amy33@example.com,India,2021-06-09,Standard,49479.77
6674,Gregory Hoover,hking@example.com,India,2023-10-04,Standard,27580.13
6675,Cory Carr,clarkdavid@example.org,USA,2022-03-03,Standard,5635.78
6676,Dr. Kayla Owens,huntmolly@example.org,India,2024-02-27,Standard,8573.43
6677,Sherry Cook,zbaker@example.net,Canada,2020-06-08,Standard,5768.07
6678,Robert Richardson,dalepayne@example.net,Canada,2020-12-22,Standard,30121.43
6679,Matthew Harrison,watkinskevin@example.net,Canada,2023-07-18,Premium,37742.1
6680,Sonya Woodard,wreilly@example.net,USA,2021-11-19,Standard,48605.93
6681,Jason Whitaker,washingtonkara@example.org,USA,2021-02-20,Basic,21021.18
6682,Melissa Mendoza,david75@example.com,Germany,2021-09-21,Basic,47854.17
6683,Lisa Blackburn,virginiawilliams@example.org,USA,2020-12-03,Basic,14144.2
6684,Betty Faulkner,ydavis@example.com,Canada,2021-02-20,Standard,34598.63
6685,Nicholas Fitzgerald,sabrina99@example.net,India,2022-04-04,Premium,3650.82
6686,Tabitha Jones,dennis92@example.com,Germany,2023-10-05,Standard,1981.09
6687,Ricky Gilbert,jessicafisher@example.com,Australia,2022-02-22,Basic,4647.93
6688,Anthony Bean,lunaclarence@example.net,UK,2024-04-24,Basic,28959.26
6689,Andrew Williams,johnsonerin@example.com,France,2021-12-17,Standard,4243.6
6690,Gary Wong,collinsmatthew@example.com,India,2024-06-28,Basic,32842.24
6691,Jennifer Reed,gonzalezmeagan@example.com,Australia,2021-01-19,Basic,2028.76
6692,Catherine Stevens,margaretbullock@example.net,Germany,2023-01-01,Basic,20919.73
6693,Richard White,allison80@example.com,UK,2023-11-12,Premium,45807.33
6694,Robert Page,steven65@example.com,Australia,2021-01-24,Basic,3710.45
6695,Kyle Martin,scottjoel@example.org,France,2020-10-30,Premium,14669.71
6696,Elizabeth Sutton,shawn91@example.org,India,2022-01-11,Basic,10108.55
6697,Deborah Drake,grantdustin@example.org,Germany,2023-03-19,Basic,16523.42
6698,Devin Berry,joshua48@example.com,Germany,2022-08-17,Basic,49821.02
6699,Jennifer Harvey,kevin51@example.net,USA,2021-04-24,Premium,21330.81
6700,Jacob Taylor,scottnicolas@example.org,France,2022-05-25,Standard,33597.86
6701,Richard Miller,rebeccaanderson@example.com,Germany,2023-12-05,Basic,29624.75
6702,Ashley Miranda,jessicabell@example.com,USA,2021-10-31,Standard,3032.16
6703,Marcia Thomas,jennifer13@example.com,UK,2020-11-11,Standard,42775.11
6704,Samantha Bauer,qlittle@example.org,Australia,2020-04-20,Basic,5888.71
6705,Megan Hoffman,melissacarr@example.org,Australia,2021-04-11,Basic,4978.28
6706,Candace Klein,tanya39@example.org,France,2024-01-31,Basic,40863.98
6707,Matthew Davidson,anamoore@example.net,Australia,2022-10-27,Standard,23250.13
6708,Ryan Clark,alexander39@example.net,Australia,2021-07-07,Premium,46649.34
6709,Erica Smith,myersdavid@example.org,Germany,2023-06-04,Standard,14537.48
6710,Casey Costa,randall62@example.org,India,2022-05-07,Basic,23022.89
6711,Nicole Howe,lhutchinson@example.com,France,2021-02-24,Standard,45441.08
6712,Barbara Lester,monica65@example.org,Australia,2023-07-19,Premium,46478.86
6713,Leslie Chavez,debrajones@example.com,USA,2021-12-03,Standard,42471.74
6714,Joshua Morris,matthew01@example.org,UK,2023-04-11,Standard,43023.3
6715,Terry Mccann,anita31@example.org,USA,2024-11-09,Premium,27749.98
6716,Sherri Sanchez,andrewknight@example.org,Australia,2023-04-08,Premium,31893.89
6717,Michael Martin,natalie76@example.com,UK,2024-07-29,Basic,32915.3
6718,Amber Lindsey,mharrell@example.net,UK,2022-09-26,Basic,49937.92
6719,Jamie Ortiz,bruce00@example.net,USA,2024-09-21,Standard,6036.62
6720,Katherine Murphy,betty62@example.com,USA,2023-04-30,Premium,35528.33
6721,Leslie Cross,christopherdiaz@example.org,India,2020-04-04,Standard,16641.66
6722,Daniel Cohen,ryangreen@example.com,UK,2022-11-27,Standard,48294.01
6723,Jeffery Walters,bevans@example.org,USA,2023-02-24,Premium,27438.59
6724,Christopher Wilson,renee57@example.org,Canada,2020-02-04,Standard,49917.18
6725,Jaime Hooper,craigcochran@example.net,USA,2023-09-08,Standard,37005.72
6726,Paula Arnold,natasha55@example.org,Australia,2020-10-08,Premium,31686.53
6727,Linda Lindsey,gomezalexandra@example.org,USA,2023-08-20,Basic,3343.73
6728,Christopher Galloway,kimberly93@example.net,France,2020-09-30,Standard,29900.81
6729,Kim Faulkner,gwalter@example.net,France,2022-08-22,Standard,45753.58
6730,James Gregory,alyssamitchell@example.com,UK,2023-09-02,Standard,14188.09
6731,Christopher Lewis,qgarcia@example.org,Germany,2022-02-28,Basic,11123.2
6732,Tracy Delgado,stevensevan@example.com,India,2023-07-12,Standard,29583.27
6733,Amanda Werner,brian94@example.org,France,2024-06-06,Basic,21691.03
6734,Louis Perez,jwells@example.net,UK,2024-03-22,Standard,20154.33
6735,Dennis Wood,mayskelsey@example.org,UK,2023-09-15,Basic,14882.56
6736,Carolyn Holloway,omills@example.org,USA,2021-07-16,Basic,22467.92
6737,Kathryn Garcia,fraziermichele@example.net,Canada,2022-04-25,Standard,19546.84
6738,Olivia Boone,morrisshelly@example.net,India,2022-12-11,Standard,20314.17
6739,Kevin Donovan,stephentate@example.org,India,2023-02-21,Standard,498.95
6740,Joseph Craig,holly63@example.org,India,2020-01-21,Premium,14773.61
6741,Vanessa Perkins,mschroeder@example.org,Australia,2021-07-10,Basic,5650.46
6742,Martha Patrick,katiewu@example.com,USA,2020-09-10,Basic,18965.85
6743,Zoe Henry,bramirez@example.com,France,2021-03-17,Basic,43071.18
6744,Thomas Moss,apeters@example.org,USA,2023-06-02,Basic,25646.37
6745,Edward Sanders,davisrichard@example.net,Canada,2021-11-04,Premium,356.89
6746,Wanda Taylor,whiteheaddavid@example.net,Australia,2022-06-20,Basic,20651.32
6747,Christopher Russell II,glenmiller@example.org,Germany,2024-04-04,Premium,13669.97
6748,Matthew Lara,heatherglover@example.net,Australia,2023-05-02,Basic,24344.49
6749,Billy Miller,brandonmiller@example.com,Germany,2024-01-23,Premium,20441.43
6750,Michael Davis,glenda96@example.org,USA,2024-12-20,Basic,6173.56
6751,Denise Anderson,lopezcarlos@example.com,Australia,2021-08-11,Standard,7086.35
6752,Brittany Foley,gbrady@example.org,India,2023-09-30,Premium,8831.96
6753,Christopher Holmes,shane36@example.net,USA,2021-06-10,Premium,13958.13
6754,Christopher Collins,lbrown@example.com,UK,2023-02-14,Premium,9710.98
6755,Fernando Mcguire,raymond69@example.net,Australia,2020-08-28,Standard,14928.3
6756,Karen Hale,yhernandez@example.org,India,2023-07-03,Premium,36341.87
6757,Kelly Kim,hicksrobert@example.net,Germany,2021-03-15,Standard,40146.44
6758,Elizabeth Quinn,jerry75@example.org,USA,2022-09-29,Basic,5178.81
6759,Martha Watts,pedro98@example.org,India,2024-10-12,Standard,33383.99
6760,Diana Mahoney,shannongonzalez@example.net,Canada,2020-08-28,Basic,15789.49
6761,Wayne Robbins,christine41@example.net,UK,2024-05-17,Basic,22205.51
6762,Rhonda Ellis,bakerstanley@example.org,USA,2021-09-24,Basic,26577.57
6763,Mackenzie Jackson,copelandryan@example.net,India,2023-11-07,Basic,39598.13
6764,Danielle Holmes,rubioallen@example.net,Germany,2023-03-08,Premium,35040.42
6765,Kimberly Fisher,jcross@example.org,France,2023-02-16,Basic,27870.57
6766,Mark Harris,edwardcisneros@example.org,India,2020-08-21,Basic,26257.12
6767,Jennifer Smith,lori32@example.net,India,2024-06-24,Basic,957.96
6768,Johnny Perez,devon16@example.org,India,2022-07-30,Basic,5206.1
6769,Taylor Contreras,katherine99@example.com,UK,2022-09-16,Basic,47166.79
6770,Wanda Martin,davidshaw@example.net,USA,2021-07-03,Premium,16712.53
6771,Victoria Wilson,gmiller@example.net,Canada,2020-06-20,Basic,25575.88
6772,Christina Zuniga,allenjeremy@example.net,Australia,2021-08-03,Basic,13205.59
6773,Savannah Miller,melvin54@example.com,Germany,2022-03-26,Standard,22761.2
6774,Alexis Williams,veronica99@example.com,Canada,2024-01-04,Standard,27575.07
6775,Carmen Thompson,christina73@example.org,USA,2021-02-02,Standard,33739.32
6776,Scott Diaz,warrenkrista@example.com,Australia,2024-03-13,Standard,19337.74
6777,Brianna Williams,rossadam@example.net,Canada,2023-11-28,Standard,45645.07
6778,Mark Gibson,stephaniefrancis@example.com,France,2022-05-31,Basic,33717.06
6779,Jordan Perkins,fconway@example.net,USA,2023-09-01,Standard,38678.13
6780,Julie Young,martinwalker@example.org,France,2022-06-29,Premium,41212.98
6781,Tracy Lopez,kimberly05@example.com,France,2022-12-20,Basic,22287.18
6782,Ronald James,cranegary@example.net,Australia,2024-06-06,Basic,41118.76
6783,Patrick Valenzuela,zjacobs@example.org,UK,2021-05-26,Standard,16014.93
6784,Kenneth Austin,ernestsandoval@example.com,UK,2021-08-21,Standard,17289.58
6785,Jerry Sanchez,fhernandez@example.com,Germany,2024-04-03,Standard,28651.04
6786,Terri Brown,vmorris@example.com,France,2023-06-20,Premium,38002.07
6787,Shane Castillo,daniel67@example.net,USA,2021-07-08,Basic,133.07
6788,Michael Clarke,floydtravis@example.org,UK,2023-07-04,Basic,28365.29
6789,John Kemp DDS,younglisa@example.com,India,2024-12-02,Standard,44703.77
6790,Brandy Craig,goodalec@example.org,Germany,2021-02-13,Basic,21514.63
6791,Joseph Trujillo,chanjasmine@example.net,UK,2020-02-03,Basic,19486.51
6792,Lisa Lee,williamchase@example.org,UK,2020-12-13,Standard,22672.12
6793,Daniel Serrano,scottrobinson@example.org,USA,2024-08-28,Standard,2257.24
6794,Rebecca Johnson,andrea88@example.org,UK,2023-11-09,Premium,20777.29
6795,Mia Cunningham,sperez@example.org,Australia,2023-03-18,Standard,28050.92
6796,Roy Fox,rebeccayoung@example.net,UK,2023-04-25,Basic,3023.45
6797,Jennifer Sawyer,sotorobert@example.org,UK,2021-05-19,Standard,25650.21
6798,Joe Perry,rebeccatate@example.net,USA,2020-04-26,Basic,30836.66
6799,Austin Duncan,amy70@example.com,USA,2023-03-31,Standard,19948.71
6800,Tiffany Brady,joseph49@example.org,USA,2020-08-07,Standard,41884.45
6801,Andrew Cooper,scottbonilla@example.com,Australia,2021-09-02,Premium,40155.1
6802,Adrian Garcia,foxderek@example.net,Canada,2021-07-04,Standard,33798.07
6803,Alice Martin,zpennington@example.org,USA,2022-06-04,Premium,12601.56
6804,Jacqueline Wilson,megan27@example.net,USA,2024-11-08,Standard,38362.94
6805,Bridget Jones,haynesjeffrey@example.org,USA,2023-08-22,Standard,6388.35
6806,Scott Weaver,wmurray@example.com,India,2023-12-21,Standard,12405.37
6807,John Owens,richard53@example.net,Australia,2024-08-15,Standard,16448.65
6808,Tamara Rivera,wmitchell@example.org,UK,2023-01-25,Standard,42307.64
6809,Crystal Vazquez,mharrington@example.net,France,2022-06-13,Premium,8788.45
6810,Dylan Rowland,christinacunningham@example.com,Germany,2022-05-27,Basic,845.82
6811,Randy Nguyen,sloanveronica@example.org,USA,2020-06-04,Standard,3165.56
6812,Andrew Atkinson,hfernandez@example.net,Australia,2024-02-27,Standard,32892.23
6813,Jason Woods,chad87@example.net,France,2023-09-22,Standard,30029.21
6814,Clifford Stewart,weberjerry@example.net,UK,2020-10-01,Basic,42431.34
6815,Shane Wong,joseph54@example.com,UK,2024-07-23,Standard,40540.47
6816,Jill Mcintyre,kellyrobles@example.net,Germany,2023-08-23,Standard,14048.75
6817,Robert Bryant,russellphilip@example.com,Australia,2022-03-31,Premium,21810.66
6818,Nichole Martinez,beckernicholas@example.org,USA,2022-05-12,Basic,30900.11
6819,Kim Martin,jbennett@example.org,India,2021-08-02,Premium,24320.11
6820,Shannon Franco,rhondastephens@example.net,Australia,2024-04-18,Standard,41478.09
6821,Allen Jones MD,thompsonchristopher@example.org,India,2024-06-28,Premium,23254.14
6822,Robert Maynard,diaztimothy@example.org,Australia,2020-11-11,Premium,6049.25
6823,Carolyn Fletcher,franklinjames@example.com,France,2020-08-26,Standard,45002.37
6824,Katie Roberts,tonywhite@example.net,UK,2020-12-01,Standard,42936.05
6825,Dawn Ramsey,camachomichael@example.net,Canada,2020-08-30,Standard,49311.5
6826,David Williams,fernandezvincent@example.net,Canada,2020-08-02,Basic,48561.71
6827,Thomas Sanders,zjordan@example.net,India,2022-05-01,Standard,7928.88
6828,Corey Davis,candiceadams@example.net,India,2023-01-17,Standard,46887.29
6829,Karen Miller,rperry@example.net,UK,2024-09-22,Premium,2349.65
6830,Brian Doyle,marquezjill@example.com,India,2022-10-25,Standard,5401.52
6831,Tracy Hawkins,carlos20@example.net,USA,2023-08-10,Standard,18746.22
6832,Marc Simmons,kristinarogers@example.net,USA,2021-04-24,Standard,4329.16
6833,Jamie Roberts,cynthia93@example.net,India,2021-04-05,Premium,1181.78
6834,Annette Houston,michelle87@example.net,France,2024-01-26,Standard,21571.32
6835,Kara Taylor,thomas50@example.org,UK,2024-07-18,Premium,17091.55
6836,David Robbins,batesolivia@example.org,Canada,2024-10-16,Standard,35030.69
6837,Derrick Mitchell,sarah03@example.net,India,2020-01-25,Basic,17759.48
6838,Kimberly Rivera,charrison@example.org,France,2021-03-10,Premium,22529.9
6839,Michael Meyer,moyerluis@example.org,Australia,2022-01-13,Basic,7217.06
6840,Jennifer White,thowell@example.org,India,2023-01-16,Basic,17272.02
6841,Shannon Johnson,steventaylor@example.net,Canada,2024-10-24,Standard,37170.7
6842,James Patel,ricardomitchell@example.net,India,2023-11-06,Standard,31413.48
6843,Alexander Robbins,durhamcheryl@example.com,Germany,2021-08-30,Basic,38442.14
6844,Erika Mills,chad49@example.org,USA,2024-01-15,Standard,22110.5
6845,Sara Marquez,fletcherdennis@example.net,UK,2021-03-03,Standard,741.14
6846,Austin Alvarado,natalie86@example.org,Canada,2022-01-28,Standard,47254.55
6847,Joshua Williams,peter07@example.org,UK,2023-04-22,Standard,34995.05
6848,Deborah Rogers,tuckercatherine@example.org,India,2022-03-09,Premium,22622.85
6849,Sergio Beard,weavermadison@example.com,Germany,2021-12-26,Basic,35603.77
6850,Angela Wilkerson,zfleming@example.org,UK,2023-10-31,Standard,32975.79
6851,Anthony Nichols,vward@example.net,France,2024-01-26,Basic,3438.13
6852,John Burke,ggamble@example.org,India,2022-02-16,Standard,27733.34
6853,Mark Hanson,christian98@example.net,Canada,2022-10-08,Standard,23891.83
6854,Eric Wells,christopherbowman@example.net,India,2023-10-28,Standard,39877.96
6855,Joel Woodard,cjohnson@example.net,France,2023-11-06,Premium,12370.73
6856,Nancy Arnold,larrymoody@example.com,France,2021-06-01,Standard,31340.57
6857,Crystal Jackson,tmccarthy@example.org,France,2024-11-13,Standard,19380.46
6858,Roger Simmons,thomaswilliams@example.org,Canada,2024-08-25,Standard,10304.44
6859,Tony Reyes,wmorales@example.net,USA,2022-10-27,Premium,34229.37
6860,Anthony Richardson,lbenitez@example.org,India,2020-02-18,Standard,7850.09
6861,Dawn Allen,hendersonkathleen@example.com,Australia,2024-08-29,Standard,31824.37
6862,Amanda Cantrell,kwalters@example.org,Canada,2024-04-23,Standard,18444.95
6863,George Neal,zacharyharris@example.org,USA,2021-02-18,Standard,4248.01
6864,Kevin Curtis,melissa85@example.net,Canada,2023-06-06,Standard,9709.0
6865,Taylor Mccoy,everettlindsay@example.com,India,2022-03-04,Basic,12317.58
6866,Jonathan West,johnsonandrew@example.org,Canada,2024-03-21,Basic,12358.34
6867,April Smith,julieross@example.org,Canada,2022-05-01,Standard,34874.84
6868,Mitchell Bryan,kyle99@example.org,Australia,2021-12-15,Basic,3750.16
6869,Tiffany Neal,jreed@example.net,USA,2023-01-16,Standard,30011.97
6870,Phillip Gomez,moorelisa@example.net,France,2020-07-31,Basic,19061.47
6871,Isabella Bryant,theresajones@example.net,USA,2022-04-27,Basic,37772.79
6872,James Wilson,keithobrien@example.org,Germany,2021-01-23,Standard,24595.35
6873,Robert Williams,candrade@example.org,Germany,2022-03-11,Basic,24896.92
6874,Susan Parker,ryankenneth@example.net,UK,2024-07-19,Premium,49273.04
6875,Bruce Paul,bryantkatherine@example.org,Australia,2020-06-22,Basic,7059.11
6876,Daniel Wilson,melissa34@example.net,India,2022-06-29,Basic,33398.22
6877,Russell Mitchell,francotammy@example.org,India,2022-04-06,Standard,17719.65
6878,Brian Ramirez,hneal@example.net,France,2022-11-20,Standard,9281.06
6879,Trevor Lynch,mcraig@example.net,Germany,2020-08-26,Basic,11094.42
6880,Amanda Burnett,heather63@example.com,Australia,2021-10-30,Premium,7310.55
6881,Melvin Smith,carlburke@example.net,USA,2024-01-17,Standard,47159.05
6882,Michael Espinoza,david35@example.net,USA,2021-10-29,Basic,12520.47
6883,Angela Armstrong,joseph70@example.com,Australia,2023-12-16,Standard,19673.37
6884,Donna Scott,greendylan@example.org,Australia,2020-01-09,Standard,23516.16
6885,Philip Gordon,csmith@example.org,UK,2021-03-26,Standard,25614.33
6886,Jessica Abbott,carlhuber@example.org,France,2024-01-09,Premium,14006.24
6887,Dustin Weaver,fgomez@example.org,Canada,2024-06-27,Standard,18443.65
6888,Kristen Edwards,michaeldavid@example.net,India,2022-03-02,Standard,31311.17
6889,Janet Thomas,christinacisneros@example.net,UK,2021-08-11,Basic,28971.86
6890,Robert Stevens,reedmichelle@example.com,Australia,2021-01-27,Standard,19215.57
6891,Lisa Wolfe,cwebster@example.com,Australia,2024-12-11,Basic,7235.43
6892,Danielle Black,pthomas@example.com,France,2023-10-17,Basic,38319.19
6893,Wendy Chang,staceychen@example.net,Canada,2023-05-02,Basic,35577.0
6894,Felicia Murray,cynthia04@example.com,USA,2022-06-01,Basic,37010.78
6895,Joseph Wolfe,dmyers@example.org,France,2024-05-21,Standard,29256.91
6896,Daniel Moore,jason32@example.net,USA,2024-02-04,Standard,13537.62
6897,Candace Anderson,colemankristen@example.com,India,2022-08-24,Premium,5601.33
6898,Steven Frazier,paulahall@example.org,Germany,2020-05-10,Basic,18625.28
6899,Jennifer Coleman,sara03@example.net,India,2020-04-12,Premium,9874.59
6900,Erin Phillips,weaverheather@example.org,Australia,2021-01-22,Standard,49199.9
6901,Ryan Cervantes Jr.,hilljoseph@example.org,France,2020-03-06,Basic,33439.7
6902,Lauren Brown,loriwilliams@example.net,France,2024-03-11,Standard,17309.96
6903,Amy Rice,zwiley@example.net,Germany,2021-06-16,Standard,42912.68
6904,Jacqueline Boyd,eric52@example.com,India,2022-03-14,Premium,26035.64
6905,Julie Diaz,sskinner@example.com,France,2024-11-04,Premium,1308.94
6906,Kathleen Peterson,morrisondwayne@example.com,USA,2020-08-26,Standard,6784.32
6907,Jeremy Lynch,michelehines@example.org,UK,2020-06-13,Standard,42059.71
6908,Louis Vance,jamesconner@example.com,Australia,2023-01-17,Basic,38731.15
6909,Michael White,simonjackie@example.net,USA,2021-08-03,Standard,44053.46
6910,Joanna Robinson,jonroberts@example.org,France,2022-08-02,Basic,34965.97
6911,Christy Thomas,virginiagillespie@example.com,USA,2023-03-13,Premium,46134.19
6912,Nicholas Gonzalez,roberta76@example.org,Germany,2020-04-23,Basic,22318.82
6913,Tiffany Flores,william76@example.com,UK,2021-07-01,Standard,11063.51
6914,Rebecca Gates,reeddana@example.net,India,2022-11-06,Basic,48978.66
6915,Allen Sanchez,umullins@example.net,Germany,2024-08-26,Standard,5729.9
6916,Maureen Rhodes,dana29@example.net,Australia,2024-04-08,Basic,41289.52
6917,Joseph Ortiz,stevensandrew@example.com,India,2020-05-23,Basic,2545.62
6918,Hannah Barton,linda07@example.com,Australia,2024-01-12,Standard,14679.68
6919,Barbara Boyd,fblackwell@example.com,Australia,2022-10-10,Premium,40873.63
6920,Amy Jones,lbass@example.com,Canada,2024-07-08,Basic,10256.66
6921,Monica Khan,darlenekelly@example.com,Australia,2020-11-04,Standard,42470.85
6922,Charlotte Myers,danielle11@example.com,France,2023-02-15,Standard,47355.13
6923,Mrs. Alexandra Baker,kathryn68@example.org,Germany,2023-09-03,Basic,34597.76
6924,Lindsey Mcclure,umiller@example.org,France,2023-06-18,Standard,37029.3
6925,Carrie Mccarthy,shepardheidi@example.org,India,2020-08-18,Standard,535.48
6926,Holly Decker,maysjohn@example.org,UK,2024-01-13,Standard,30368.82
6927,Edwin Austin,nguyenjennifer@example.org,UK,2024-12-20,Standard,45807.46
6928,Jessica Rowe,mclaughlindebbie@example.com,India,2024-03-14,Standard,18586.54
6929,Randy Jones,warrenpaul@example.net,UK,2022-04-10,Standard,41713.78
6930,Austin Medina,michaelfleming@example.com,India,2024-08-10,Premium,13151.39
6931,Colton Payne,teresahernandez@example.com,UK,2024-07-05,Basic,45414.03
6932,Timothy Carpenter,jonathangarcia@example.com,Australia,2023-04-04,Standard,41261.02
6933,Tara Ramirez,colemelissa@example.com,Australia,2023-10-03,Basic,3964.52
6934,Mr. Russell Cruz,crystalnelson@example.com,Australia,2022-09-28,Standard,5575.25
6935,Brandon Rich,karencampbell@example.net,UK,2020-01-16,Basic,35798.22
6936,Casey Johnson,qduran@example.net,Australia,2024-06-02,Standard,27090.58
6937,Kelly Murphy,brian22@example.com,India,2023-08-07,Basic,36714.04
6938,Melissa Anderson,hendersonryan@example.com,France,2020-08-18,Basic,36791.36
6939,Kevin Potter,jonathan45@example.org,UK,2023-07-24,Standard,3156.43
6940,Jennifer Burns,cameronflowers@example.net,India,2020-12-17,Standard,17493.69
6941,Nathaniel Phillips,rgarcia@example.net,UK,2022-08-05,Standard,3884.8
6942,Jeremy Acosta,whitney23@example.com,USA,2024-11-30,Standard,26169.79
6943,Michael Cunningham,tmartinez@example.net,France,2022-02-04,Standard,32321.74
6944,Katrina Rivers,gabrielhurst@example.org,Germany,2021-09-06,Standard,17677.95
6945,William West,zgreen@example.net,India,2022-11-23,Premium,31994.17
6946,Joseph Vasquez,robinsonthomas@example.org,India,2021-09-11,Standard,46576.71
6947,Sheryl Joseph,donald21@example.net,UK,2024-06-10,Standard,24404.21
6948,Veronica Solomon,grossalexander@example.org,Canada,2021-01-27,Standard,1900.98
6949,Brandi Noble,lopezerica@example.net,Australia,2022-05-23,Standard,7822.91
6950,Eric Calhoun,michaeljohnson@example.org,Germany,2020-08-16,Basic,5225.1
6951,Nicholas Allen,richardperry@example.com,Australia,2023-03-14,Standard,27981.85
6952,Seth Romero,christina99@example.com,France,2022-09-16,Standard,5231.25
6953,Sarah Wilson,jennakemp@example.com,India,2024-01-03,Standard,46399.37
6954,Danielle Martin,mjimenez@example.com,UK,2024-04-07,Basic,48890.52
6955,Shelby Moore,christopherholland@example.net,India,2023-04-15,Standard,23554.14
6956,Travis Ross,lisalopez@example.net,Canada,2024-01-19,Standard,28999.21
6957,Anne Green,graygerald@example.net,France,2023-12-20,Standard,10040.39
6958,Peter Byrd,elizabeth11@example.net,UK,2024-08-28,Standard,2180.05
6959,Andres Savage,dawn76@example.com,UK,2020-06-23,Premium,48485.36
6960,Zachary Olson,theresa07@example.com,Germany,2024-01-07,Standard,12853.61
6961,Curtis Wright,robert93@example.org,France,2021-07-05,Premium,17454.1
6962,Jennifer Rivera,heather22@example.net,UK,2024-10-05,Basic,27317.07
6963,Anthony Carson,tony05@example.net,USA,2022-02-18,Basic,49370.71
6964,Patrick Cox,rmiller@example.net,France,2024-07-29,Standard,38078.12
6965,Crystal Morse,connor67@example.net,USA,2024-03-19,Premium,20068.97
6966,Nancy Harris,nathanmartin@example.net,India,2020-07-03,Standard,38861.16
6967,Kyle Frost,karenfowler@example.net,Germany,2020-10-18,Standard,3420.14
6968,Timothy Miller,mileshaley@example.net,UK,2022-02-09,Basic,46458.62
6969,Stacey Baker,bwarren@example.net,UK,2024-08-01,Standard,43463.45
6970,Aaron Brown,cantrellrichard@example.com,India,2021-04-03,Basic,10199.45
6971,Joshua Thomas,qmcmahon@example.org,USA,2022-07-09,Standard,10304.98
6972,Melissa Reeves,jeremy98@example.net,Australia,2022-04-24,Standard,24001.59
6973,Alisha Walton,lanebrandi@example.net,UK,2022-11-30,Standard,40574.84
6974,Melissa Ferguson,diane11@example.com,USA,2021-06-11,Standard,31934.77
6975,Eric Thomas,scollins@example.com,Canada,2020-05-29,Basic,8313.87
6976,Christopher Frazier,debrajohnson@example.org,India,2020-03-31,Standard,47175.05
6977,Jesse Hill,hawkinstina@example.org,UK,2020-02-24,Basic,320.47
6978,Lauren White,wjohnson@example.org,Germany,2024-06-11,Basic,47074.71
6979,Kimberly Howard,zsantana@example.org,India,2020-07-01,Basic,46200.5
6980,Jose Smith,dkim@example.com,India,2024-08-22,Basic,497.84
6981,Nancy Howard,ngeorge@example.com,Germany,2021-05-23,Basic,27822.94
6982,Ruben Nelson,jeffreyward@example.net,Canada,2021-05-26,Premium,24240.63
6983,Susan Ross,medinalauren@example.com,Germany,2024-10-29,Standard,37370.08
6984,Melissa Campbell,christopheryoung@example.net,Canada,2021-11-24,Premium,38021.78
6985,Steven Harris,zwilliams@example.org,UK,2022-04-26,Standard,34695.37
6986,Charles Nelson,patrickrodriguez@example.net,Germany,2023-12-23,Standard,19557.8
6987,Amy Flores,woodardryan@example.net,India,2022-07-14,Standard,530.14
6988,James Turner MD,rodgersbrian@example.com,Australia,2021-04-10,Premium,2497.69
6989,James Bishop,traceyconner@example.net,India,2021-10-05,Basic,7126.53
6990,Barbara Drake,angela67@example.com,UK,2022-08-19,Standard,10908.66
6991,Nicholas Parker,zmiranda@example.org,France,2023-01-24,Premium,36969.08
6992,Martin Frederick,daviddennis@example.org,Germany,2023-12-03,Basic,33144.54
6993,Melissa Sanders,chenjennifer@example.net,Australia,2023-12-20,Premium,30990.27
6994,Casey Bonilla,michellenichols@example.com,Australia,2023-09-06,Basic,21416.94
6995,Daniel Miller,piercemarc@example.net,India,2020-02-08,Standard,31581.75
6996,Jamie Wilson,benjamincopeland@example.com,India,2021-07-06,Standard,30534.7
6997,Jeffrey Walker,ncurry@example.com,UK,2020-12-22,Standard,38506.3
6998,Mary Wilson,lauracochran@example.org,UK,2021-01-19,Premium,30509.06
6999,Duane Campos,,France,2024-11-09,Standard,11802.98
7000,Robin Mckee,dawn79@example.net,UK,2023-09-08,Standard,971.52
7001,Mr. Peter Thompson II,kbass@example.net,France,2021-02-01,Premium,46814.84
7002,John Doyle MD,whitedavid@example.net,Canada,2023-02-07,Basic,49322.04
7003,Stacy Jones,scottmanning@example.com,UK,2024-06-01,Basic,9894.21
7004,Michelle Bates,brandon74@example.net,Germany,2023-03-11,Standard,34758.42
7005,Angela Perez,amandagonzalez@example.com,India,2022-11-24,Premium,3889.35
7006,Lisa Payne,kendrahoffman@example.org,USA,2021-03-11,Basic,35200.68
7007,Alec Jennings,annarivas@example.com,Germany,2023-09-30,Standard,14297.24
7008,Sandra Gonzalez,ujones@example.org,France,2021-06-02,Standard,38136.93
7009,Angela Roberts,pamela61@example.net,UK,2023-08-07,Basic,29378.52
7010,Kathy Brewer,sandersstephanie@example.net,India,2021-06-10,Basic,1953.38
7011,Rebecca English,frankyoung@example.net,France,2023-02-06,Premium,19908.57
7012,Lauren Buck,jennifer89@example.org,Canada,2023-03-22,Premium,544.78
7013,Austin Norton,sellerstimothy@example.org,Germany,2020-09-27,Premium,17497.59
7014,Martha Macias,vevans@example.com,France,2022-08-05,Standard,13156.54
7015,Ann Zamora,joseph08@example.net,Germany,2021-01-06,Standard,22840.14
7016,Debra Hernandez,toddtaylor@example.net,Germany,2023-10-16,Basic,11110.79
7017,Jon Rivera,thomas70@example.org,UK,2021-01-27,Standard,10430.1
7018,Michael Lopez,morrisonneil@example.org,Germany,2022-12-26,Premium,9425.86
7019,Edgar Allen,thammond@example.org,USA,2024-08-22,Standard,28549.71
7020,Eric Davis,tonyaturner@example.com,Canada,2020-03-25,Standard,48517.93
7021,Jean Rodriguez,bfarmer@example.net,France,2021-06-19,Basic,49249.06
7022,Theresa Mcdonald,rcobb@example.net,UK,2023-01-20,Standard,41604.54
7023,John Patterson,kmiles@example.com,Canada,2020-08-16,Premium,10462.65
7024,Elizabeth Tate,trichardson@example.net,Australia,2023-02-21,Basic,34664.4
7025,Brandon Church,bryan08@example.net,Canada,2024-09-26,Standard,18306.87
7026,Kevin White,hughescolin@example.com,Canada,2022-01-25,Premium,19702.98
7027,Ryan Kemp,paige88@example.org,UK,2024-12-04,Basic,29653.01
7028,Theodore David,joshua90@example.com,USA,2024-03-19,Basic,33523.55
7029,Maria Matthews,dominique17@example.net,UK,2024-07-31,Premium,1815.69
7030,Beth Williams,timothy08@example.com,Australia,2022-10-17,Standard,7148.39
7031,Erin Martinez,eugenewiggins@example.net,Germany,2024-05-12,Standard,4409.4
7032,David Shelton,andrea02@example.net,France,2024-08-11,Standard,971.65
7033,John Woods,thomasmarcia@example.com,India,2022-09-17,Premium,38307.94
7034,Robert Dalton,tthompson@example.net,USA,2020-05-30,Basic,24825.81
7035,Rachel Kennedy,englishsheila@example.net,India,2021-01-03,Basic,10225.62
7036,Jennifer Johnson,jameslarry@example.com,India,2024-03-12,Standard,36302.0
7037,Micheal Richards,espinozadeborah@example.net,Australia,2022-11-11,Standard,21098.35
7038,Samantha Beck,pdaniel@example.com,France,2023-02-17,Standard,29953.81
7039,Christina Hall,lisa30@example.net,Canada,2023-04-29,Basic,40609.99
7040,Gina Waters,wardwilliam@example.com,India,2021-03-07,Premium,36146.86
7041,Shane Martinez,michaelmassey@example.net,France,2020-03-01,Standard,29799.91
7042,Regina Hill,hannadiana@example.com,USA,2023-11-13,Standard,26099.95
7043,Craig Lewis,lisadavenport@example.org,Canada,2023-06-27,Basic,15555.16
7044,Scott Gomez,vparsons@example.net,Canada,2020-04-18,Basic,8757.16
7045,Chad Little,brooksamy@example.com,France,2023-10-11,Basic,16862.52
7046,Megan Ray,shannonwood@example.org,Australia,2024-04-16,Premium,27233.38
7047,Natalie Foster,paynefelicia@example.net,Australia,2020-06-30,Basic,31287.17
7048,Mark Williams,billy79@example.net,India,2024-08-23,Basic,2563.51
7049,Aaron Underwood,solisdenise@example.net,USA,2020-04-19,Standard,22229.73
7050,Kristina Brock,kimberlydickerson@example.com,UK,2024-01-10,Standard,20932.46
7051,Lawrence Cunningham,gregoryrichardson@example.org,USA,2023-04-02,Basic,1334.15
7052,Luis Marshall,james75@example.org,Canada,2024-02-01,Premium,49253.76
7053,Kimberly Garcia,savannahmoore@example.org,France,2024-06-27,Standard,3432.31
7054,Amber Taylor,troyfletcher@example.net,Canada,2020-06-01,Basic,28646.72
7055,Andrew Williams,annbenton@example.com,Canada,2020-01-24,Basic,49071.5
7056,Leslie Watson,hmcgrath@example.net,Canada,2021-04-21,Basic,43603.57
7057,Darryl Miller,zimmermanernest@example.com,Australia,2021-07-21,Standard,49676.06
7058,Eric Taylor,charles34@example.com,Australia,2022-06-15,Premium,48975.96
7059,Tara Washington,vsalazar@example.org,France,2023-02-01,Basic,33749.72
7060,Brittany Reed,houstonlauren@example.net,Canada,2023-04-01,Premium,30682.36
7061,David Kelly,jillianhall@example.com,Germany,2021-02-04,Standard,22448.44
7062,Kristi Ward,hannahblack@example.com,Germany,2021-06-15,Basic,4823.76
7063,Johnathan Lynn,villegascrystal@example.org,France,2020-09-17,Premium,15490.39
7064,William Williams,gibbslaura@example.org,France,2023-01-13,Standard,23771.1
7065,Marvin Smith,nathaniel97@example.net,UK,2023-12-18,Basic,32417.18
7066,Samuel Escobar,william43@example.org,Canada,2021-09-01,Premium,40633.49
7067,Dean Mullins,wcompton@example.org,UK,2023-12-18,Standard,5004.85
7068,Daryl Thomas,glasschristopher@example.com,Germany,2023-04-07,Standard,44907.3
7069,Erin Robertson,henrykylie@example.org,France,2024-07-18,Standard,47913.71
7070,James Bailey,douglas46@example.net,UK,2024-01-31,Standard,27282.87
7071,Thomas Klein,nthompson@example.org,Australia,2020-12-30,Standard,1326.28
7072,Christopher Martinez,collinsjose@example.org,Canada,2022-05-20,Standard,38819.25
7073,Alyssa James,andrea92@example.com,France,2021-10-31,Standard,20135.75
7074,Carol Griffith,davidromero@example.net,France,2021-10-08,Premium,21669.54
7075,Joshua Johnson,julie14@example.org,Germany,2023-04-19,Basic,25792.45
7076,Casey Perez,rebecca09@example.net,Germany,2021-04-18,Standard,22432.56
7077,Willie Ferguson,bowenmargaret@example.org,UK,2021-06-24,Basic,49476.57
7078,Chase Jones,tara13@example.org,UK,2021-10-03,Premium,45847.16
7079,Robert Wright,jacksonkatrina@example.com,France,2021-09-25,Basic,26935.01
7080,Melissa Lee,valenzueladanny@example.net,France,2021-10-07,Standard,29080.93
7081,Mary Vang,burgessrose@example.net,USA,2020-09-03,Standard,26819.49
7082,Maria Huerta,christinepatterson@example.com,India,2020-09-06,Standard,23883.4
7083,Michele Fowler,watkinswilliam@example.org,Germany,2023-11-02,Standard,48729.12
7084,Evan Chavez,robert99@example.org,Canada,2024-12-23,Standard,1344.38
7085,Jeffrey Lee,thomasnorris@example.org,Canada,2022-01-28,Basic,18530.94
7086,Christina Campos,tylerwhite@example.com,Canada,2021-12-20,Premium,1563.38
7087,Anthony Shields,alyssa04@example.org,India,2023-11-09,Basic,46759.89
7088,Tammy Long,johnwilliams@example.com,India,2021-10-17,Standard,44607.89
7089,Zachary Campbell,felicia93@example.com,Canada,2021-12-19,Standard,27616.66
7090,Tracy Garcia,meyerkenneth@example.org,USA,2024-07-22,Premium,41165.94
7091,Joy Ramirez,williamsonkathy@example.net,France,2022-12-04,Basic,17688.73
7092,Tracy Vazquez,zramirez@example.net,UK,2024-09-06,Basic,26765.72
7093,Marc Stokes,miranda21@example.net,Germany,2021-08-15,Standard,42091.52
7094,Robert Anderson,fgibson@example.net,UK,2022-09-10,Standard,2898.51
7095,Stephanie Spears,nbrown@example.com,France,2020-04-29,Basic,317.7
7096,James Robinson,daviddoyle@example.com,France,2023-03-31,Standard,29758.86
7097,Victoria Lawrence,evanstommy@example.net,France,2020-11-21,Standard,22415.57
7098,Gloria Snow,ysimon@example.net,Canada,2023-12-03,Standard,32008.66
7099,Brian Graham,yross@example.com,Australia,2021-03-22,Standard,32163.77
7100,Taylor Mullins,benjaminarcher@example.net,Canada,2022-08-26,Standard,999.09
7101,Christine Robinson,wellstracy@example.org,India,2023-04-28,Basic,17060.78
7102,Jason Howell,rodriguezstacy@example.net,India,2024-06-27,Standard,19632.11
7103,James Reyes,vkim@example.net,France,2023-05-12,Standard,8628.68
7104,Heather Jennings,tlewis@example.com,Canada,2022-08-13,Premium,33112.23
7105,April Oliver,qjensen@example.com,France,2023-10-15,Premium,9139.79
7106,Leslie Richards,prowe@example.org,USA,2021-12-09,Premium,30275.93
7107,Christian Simon,stephensashley@example.org,Canada,2022-11-05,Standard,882.3
7108,Sierra Hall,foconnor@example.com,USA,2024-02-20,Premium,39144.71
7109,James Hall,david36@example.org,Germany,2020-02-03,Premium,47026.97
7110,Heather Smith,curtisjoshua@example.net,Canada,2020-12-23,Basic,45244.46
7111,Phyllis Berry,joneslogan@example.org,France,2023-12-20,Standard,13052.16
7112,April Duke,fharper@example.com,Canada,2024-04-05,Standard,12036.98
7113,Mary Barber,hmartinez@example.org,Australia,2021-11-13,Basic,14485.19
7114,Jennifer Green,andreasmith@example.net,India,2020-02-17,Basic,24791.43
7115,Victor Shelton,mary61@example.net,Canada,2022-01-24,Premium,32135.85
7116,Michael Howard,lsanders@example.com,USA,2021-10-09,Standard,33200.93
7117,Mr. Terry Stephens MD,karenthompson@example.net,France,2023-08-26,Basic,33946.64
7118,Marcus Joseph,,Australia,2022-04-11,Standard,36046.02
7119,Laura Diaz,scantrell@example.org,Germany,2022-03-22,Standard,10493.1
7120,Laura Friedman,sheltonerin@example.com,France,2020-02-17,Standard,18696.62
7121,Erica Mcdonald,mullinsdennis@example.com,USA,2024-03-28,Basic,14106.3
7122,Garrett Thomas,mstevens@example.com,France,2024-07-05,Basic,48761.64
7123,Larry Giles,cortiz@example.com,France,2021-02-28,Standard,46381.18
7124,Molly Williams,,Germany,2022-01-03,Standard,43641.79
7125,Amber White,johnsonsamantha@example.net,Germany,2023-07-02,Basic,28122.06
7126,Carlos Hunt,johnflores@example.org,Canada,2020-02-24,Standard,46348.77
7127,Christopher Green,diamond62@example.net,France,2023-02-16,Basic,31536.05
7128,Stephen Johnson,jonathan09@example.com,Canada,2020-07-12,Basic,10870.13
7129,Laura Powell,,Australia,2022-03-22,Basic,25927.5
7130,Jason Austin,robertcharles@example.com,USA,2020-02-17,Premium,33183.47
7131,Sheri Russell,fwood@example.org,Germany,2020-04-18,Standard,23602.88
7132,Molly Dawson,mitchelljames@example.org,Australia,2022-01-10,Basic,14607.31
7133,Robert Dixon,shelley99@example.com,USA,2022-04-06,Basic,20484.81
7134,Lauren Bolton,uharper@example.net,Canada,2022-09-26,Standard,32878.67
7135,Betty French,qjones@example.com,France,2022-11-22,Standard,43576.25
7136,Matthew Walker MD,nfernandez@example.org,Canada,2024-05-19,Basic,34556.39
7137,Joseph Rose,amber03@example.net,Australia,2020-07-02,Premium,1286.58
7138,Julia Boone,rogerssuzanne@example.net,Canada,2023-09-18,Standard,40005.52
7139,Nathan Hunter,jason42@example.net,UK,2022-04-04,Basic,29834.45
7140,Crystal Manning,ydennis@example.com,Germany,2021-01-05,Standard,8342.73
7141,April Johnson,scottstephanie@example.org,Canada,2020-10-28,Premium,9933.98
7142,Patricia Butler,cynthia10@example.com,USA,2023-10-30,Basic,30215.07
7143,Robin Huynh,englishheather@example.net,USA,2022-10-04,Premium,23425.28
7144,Joshua Thompson,sheilagreen@example.com,USA,2022-08-14,Basic,45358.57
7145,Elizabeth Jackson,brownjustin@example.net,Canada,2021-05-31,Standard,13555.09
7146,Scott Tucker,jacquelinemiller@example.net,Canada,2021-04-02,Standard,31481.4
7147,Jason Bryant,michellethompson@example.org,France,2020-09-30,Standard,46276.27
7148,Judy Moses,tina61@example.com,India,2021-05-15,Premium,27998.82
7149,Mark Harris,williamsmartin@example.com,UK,2022-08-08,Standard,33861.54
7150,Scott Moore,josephmyers@example.com,France,2024-01-19,Standard,15064.88
7151,Darren Ayala,tlee@example.org,UK,2024-07-24,Standard,47975.13
7152,Taylor Brock,sarah89@example.org,India,2020-08-28,Standard,11426.09
7153,Amanda Hernandez,hubbardjamie@example.com,India,2020-02-25,Basic,29871.59
7154,Rachel Williams,fbonilla@example.org,Canada,2023-02-05,Standard,34258.86
7155,Jason Gordon,kelseyrogers@example.org,Canada,2022-11-13,Basic,31059.98
7156,Lisa Craig,amandarogers@example.net,Canada,2021-12-01,Standard,4025.6
7157,Dana Gray,brewereric@example.net,Canada,2022-02-15,Basic,5672.6
7158,Michelle Nichols,xochoa@example.com,USA,2023-08-05,Standard,1556.71
7159,Nichole Anderson,gaysarah@example.net,Australia,2024-03-12,Premium,17962.69
7160,Evan Ayala,garciaheather@example.net,Australia,2023-10-19,Basic,7534.46
7161,James Rodriguez,elamb@example.net,Germany,2022-10-07,Standard,45314.92
7162,Jeremy Garcia,charles29@example.org,Canada,2023-02-27,Standard,34625.85
7163,Kelly Smith,melissapierce@example.net,Germany,2021-08-15,Standard,26473.63
7164,Jerry Ross,kelly50@example.net,Germany,2021-08-13,Standard,17493.22
7165,Joseph Rogers,hughesbrent@example.org,UK,2022-11-24,Premium,31632.85
7166,Kaylee Fernandez,christy84@example.com,Germany,2024-03-22,Premium,30221.06
7167,Charles Price,duncanmichael@example.com,Australia,2020-03-29,Premium,11684.3
7168,Brandi Daugherty,lopezaaron@example.com,India,2022-04-28,Standard,45103.67
7169,Joseph Huang,riveraandrew@example.net,UK,2021-02-06,Basic,15701.96
7170,James Escobar,jbrown@example.net,France,2022-06-19,Standard,34957.03
7171,David Parker,sharonhorton@example.net,Australia,2023-02-28,Standard,23747.92
7172,Briana Robinson,donaldhoward@example.net,Germany,2022-07-18,Premium,22835.81
7173,Matthew Galloway,torreschristian@example.org,USA,2022-06-06,Standard,4863.87
7174,Brent Powers,davismary@example.com,Canada,2021-07-03,Basic,33423.26
7175,Matthew Robertson,alexis46@example.net,Canada,2020-05-13,Standard,21216.6
7176,Andrea Collier,beardtroy@example.org,Canada,2024-06-13,Basic,8422.63
7177,Mr. Patrick Hall,shelby46@example.org,UK,2022-03-26,Basic,8772.61
7178,Carolyn Parker,cynthiaeverett@example.com,UK,2020-01-17,Standard,26333.38
7179,Alex Moore,bpeters@example.net,Germany,2024-12-18,Basic,22159.56
7180,Christine Douglas,james14@example.com,USA,2021-10-27,Standard,46652.17
7181,Christopher Smith,christophermoore@example.com,UK,2022-09-05,Standard,30215.02
7182,Jim Reed,reginald98@example.net,Germany,2021-01-02,Premium,42219.71
7183,Phillip Hernandez,alexandra16@example.net,Australia,2024-03-12,Standard,47496.04
7184,Stephen Roach,wattsthomas@example.org,Germany,2020-05-02,Standard,3059.88
7185,Brian Robertson,bowersjanice@example.com,UK,2023-06-27,Basic,36083.07
7186,Marc Adams,xmurray@example.org,Canada,2020-06-11,Standard,45892.5
7187,Rachel Ramirez,kelsey88@example.net,India,2020-11-16,Standard,36206.39
7188,Dennis Gonzalez,bflowers@example.net,Germany,2023-08-12,Standard,5087.92
7189,Megan Byrd,jlewis@example.org,USA,2022-06-17,Basic,14091.81
7190,Stephen Reeves,cassandrabanks@example.org,USA,2021-02-24,Basic,45995.92
7191,Aaron Long,pjennings@example.com,Germany,2022-01-08,Premium,25153.88
7192,Kevin Pruitt,xking@example.org,Canada,2024-08-14,Premium,14658.44
7193,Jennifer Howard,patrickknox@example.com,USA,2023-09-07,Premium,30429.55
7194,Donald Walker,moorematthew@example.org,USA,2020-12-04,Standard,2405.28
7195,Caroline Greene,thomas04@example.net,France,2021-06-26,Standard,39293.12
7196,Derek Roberts,jedwards@example.com,USA,2020-05-08,Standard,6712.48
7197,David Phillips,johnsanthony@example.org,UK,2021-07-11,Standard,18991.98
7198,Stephanie Bonilla,nixonmichael@example.net,USA,2021-02-01,Standard,5598.94
7199,Lisa Castillo,stevenwoods@example.com,UK,2023-12-19,Standard,37449.5
7200,Courtney Kennedy,lbartlett@example.com,France,2023-11-10,Premium,4345.54
7201,David Webb,kimberly12@example.net,Canada,2023-05-03,Standard,15027.82
7202,Patricia Donaldson,andersonjill@example.org,Germany,2022-02-18,Standard,11328.69
7203,Douglas Klein,kwest@example.net,Canada,2024-03-20,Basic,34315.23
7204,Sandra Wagner,heather06@example.net,Canada,2022-10-03,Standard,29304.26
7205,Jimmy Morales,cummingskelly@example.org,Germany,2022-10-17,Standard,5449.43
7206,William Thomas,rgordon@example.net,India,2020-05-10,Premium,29268.87
7207,Christopher Stevens,zreed@example.net,Australia,2020-12-20,Basic,30287.34
7208,Melissa Patton,estafford@example.org,UK,2020-02-16,Basic,17052.63
7209,Henry Anderson,danielwalter@example.com,India,2022-04-28,Standard,42875.93
7210,Mr. Tracy Bennett,samanthadyer@example.org,Germany,2023-04-26,Basic,7148.6
7211,Calvin Gay,pwatson@example.net,France,2022-10-19,Basic,36584.6
7212,John Watkins,mnorris@example.com,Germany,2021-06-21,Basic,7865.43
7213,Matthew Jones,collinsamy@example.net,India,2024-01-23,Standard,19913.8
7214,Juan Combs,devin05@example.org,Australia,2020-04-14,Basic,22188.41
7215,Rachel Francis,oconnordawn@example.com,France,2020-01-24,Standard,24253.91
7216,Amanda Stewart,danielleclark@example.net,Canada,2024-10-16,Standard,28287.51
7217,Gabrielle Rose,frankarroyo@example.com,France,2020-04-12,Standard,22159.34
7218,Jason Curry,carellano@example.org,UK,2024-02-02,Basic,37050.21
7219,Teresa White,scottwilliam@example.com,Canada,2024-07-23,Premium,43183.1
7220,Shannon Lawrence,serranotimothy@example.org,India,2024-10-09,Standard,2650.81
7221,Tammy Esparza,tammypratt@example.net,Canada,2023-11-27,Premium,6633.51
7222,Justin Walker,oprice@example.com,France,2021-06-04,Basic,26085.08
7223,John Campbell,halldawn@example.com,Germany,2024-09-17,Standard,1807.34
7224,Paul Adams,laurie61@example.org,USA,2023-11-02,Basic,31933.77
7225,Jennifer Brewer,mmora@example.com,Australia,2021-07-15,Premium,15878.8
7226,Jeffrey Snyder,wbutler@example.net,UK,2024-11-09,Basic,2456.82
7227,Joshua Lowe,scastaneda@example.net,France,2023-02-21,Premium,524.59
7228,Jesse Mccall,hernandezcarmen@example.net,Canada,2023-07-25,Basic,13729.81
7229,Vernon Crawford,rodriguezbriana@example.net,France,2022-02-19,Standard,17464.49
7230,Lauren Foster,laura21@example.com,France,2021-06-17,Standard,36207.71
7231,James Peters,james86@example.net,USA,2021-06-24,Standard,25298.93
7232,Darrell Grant,randrade@example.org,India,2024-02-15,Basic,41522.21
7233,Steven Gomez,stacey73@example.net,France,2024-04-27,Standard,3676.38
7234,Jeff Hayes,hday@example.org,Australia,2021-09-19,Standard,12259.85
7235,Cole Smith,melissalogan@example.com,USA,2021-01-28,Premium,27320.05
7236,Jennifer Welch,kimberly73@example.net,USA,2022-04-03,Premium,11827.57
7237,Melanie Reyes,fphillips@example.org,France,2022-08-31,Premium,39825.1
7238,Megan Olson,josephcarpenter@example.org,USA,2024-12-04,Basic,37037.58
7239,Margaret Alexander,daniel75@example.com,France,2024-10-01,Premium,37637.82
7240,Diane Ramirez,hwilliams@example.org,UK,2022-12-10,Premium,39008.78
7241,Robin Cline,nmendez@example.com,UK,2024-08-13,Standard,550.98
7242,Reginald French,jasonpacheco@example.org,Germany,2021-11-23,Standard,34043.04
7243,Johnathan Brown,lhogan@example.com,France,2020-12-19,Basic,49518.82
7244,Theresa Webster,williamsthomas@example.net,Canada,2023-01-28,Standard,23346.25
7245,Jimmy Esparza,orichards@example.com,Germany,2023-08-15,Basic,32436.0
7246,Walter Jones,stephaniesaunders@example.net,UK,2023-11-05,Premium,2232.81
7247,Eileen Johns,bhill@example.com,UK,2023-06-06,Premium,34967.59
7248,Aaron Bowman,kreed@example.net,India,2021-08-28,Premium,23747.07
7249,Andre Murphy,gneal@example.com,India,2022-09-02,Premium,12148.06
7250,Lisa Hernandez,michellebray@example.org,Germany,2023-11-05,Basic,1476.47
7251,Hannah Shelton,tlucas@example.net,France,2020-07-29,Standard,30372.14
7252,Mark Miller,clarkjustin@example.org,India,2020-01-03,Standard,420.35
7253,Nicholas Dunn,carlosporter@example.com,UK,2024-03-03,Basic,44119.41
7254,Joseph Kennedy,haleylinda@example.net,France,2022-10-15,Premium,13315.09
7255,Lisa Thomas,sosatimothy@example.org,France,2021-03-05,Standard,46743.53
7256,Michael Romero,mdrake@example.net,UK,2022-09-11,Standard,30880.08
7257,Megan Bowen,wsantiago@example.net,UK,2024-01-30,Standard,5832.7
7258,Danny Lindsey,garymoyer@example.org,USA,2022-09-18,Standard,4004.54
7259,Melinda Taylor,michaelafletcher@example.com,Germany,2020-02-14,Basic,40562.97
7260,Jane Young,todd34@example.net,France,2022-09-25,Standard,25073.75
7261,Jennifer Todd,jordanwallace@example.org,Canada,2024-12-14,Basic,12101.83
7262,Michael Turner,lancemitchell@example.org,UK,2023-05-09,Premium,37135.04
7263,Jacob Patterson,mdavis@example.com,Canada,2020-12-05,Standard,38840.43
7264,William Young,christinesmith@example.net,Germany,2024-10-03,Basic,18675.54
7265,Rhonda Miller,dennisgarcia@example.com,Germany,2024-04-03,Standard,9860.3
7266,Abigail Hawkins,nicholasalvarez@example.org,Canada,2024-05-12,Standard,37397.24
7267,Bill Wilson,megannichols@example.net,Canada,2020-04-22,Premium,36498.99
7268,Glenn Dixon,eortega@example.org,USA,2023-01-02,Standard,35897.67
7269,Tom Smith,kimberlyjohnson@example.net,Australia,2021-10-29,Standard,48074.6
7270,Gregory Mendoza,millerandrea@example.com,UK,2021-10-03,Basic,44298.74
7271,Thomas Lopez,mooreperry@example.com,USA,2023-08-21,Standard,36403.31
7272,Tonya Black,brownsheila@example.net,India,2021-10-08,Basic,5611.45
7273,Wanda Fuller,erikbaker@example.org,Canada,2023-06-14,Standard,4928.44
7274,Rickey Baker,freynolds@example.com,UK,2022-11-13,Standard,5203.08
7275,Carl Williams,swilcox@example.net,USA,2021-05-21,Standard,5723.46
7276,Andrea Lopez,michaelbeard@example.net,UK,2022-12-09,Standard,21132.76
7277,Christopher Jones,ericksongeorge@example.com,Australia,2021-11-20,Standard,24011.97
7278,Gregory Hunt,rosebenjamin@example.com,Canada,2020-07-26,Standard,18917.67
7279,Teresa Smith,msellers@example.com,Australia,2021-02-12,Standard,25574.64
7280,Elizabeth Atkins,tonimoore@example.org,Germany,2024-06-10,Premium,18932.48
7281,Heather Brown,ryancarroll@example.com,Germany,2022-11-25,Basic,249.2
7282,Alexander Luna,vwilkinson@example.net,USA,2020-10-13,Standard,34177.28
7283,Dennis Jordan,mosleypamela@example.org,Australia,2023-08-23,Standard,36473.93
7284,Brady Hinton,swilliams@example.com,France,2023-08-14,Premium,17291.32
7285,Brandon Pruitt,fwhite@example.org,Australia,2020-10-02,Basic,7333.85
7286,Angela Floyd,bmartin@example.net,Australia,2021-01-12,Basic,29733.57
7287,Sandra Smith,torresjeremy@example.org,France,2024-03-08,Premium,46758.6
7288,Robert Villanueva,caseylaurie@example.org,UK,2024-12-11,Standard,14079.96
7289,Michelle Black,jerryolson@example.org,India,2020-05-25,Standard,18918.31
7290,Brenda Weaver,hvelasquez@example.com,Australia,2024-08-24,Premium,4799.97
7291,Thomas Dudley,turnermelissa@example.net,Germany,2022-05-06,Premium,25726.79
7292,Steven Harmon,smithsheena@example.net,USA,2023-09-10,Premium,9709.72
7293,Diane Robbins,mmclaughlin@example.com,India,2022-08-25,Premium,34856.51
7294,Jake Wilkinson,lopezalexandra@example.com,Canada,2024-09-28,Basic,32634.98
7295,Scott Stevens,john51@example.net,Canada,2021-10-16,Standard,33889.54
7296,Christopher Walker,jonathan25@example.net,Germany,2022-10-13,Basic,41841.91
7297,Heidi Rivera,smithalicia@example.org,Germany,2023-03-02,Standard,28869.9
7298,Brendan Smith,uhill@example.org,Australia,2020-05-26,Standard,22494.91
7299,Lynn Hartman,zmitchell@example.net,France,2020-01-21,Standard,46499.94
7300,Melanie Holloway,john77@example.com,India,2021-03-07,Standard,5607.9
7301,Victoria Wilson,ibauer@example.org,Germany,2021-11-04,Standard,16854.01
7302,John Miller,smithsamantha@example.org,UK,2023-12-19,Standard,4836.55
7303,William Meyer,sscott@example.com,France,2022-11-26,Standard,49745.55
7304,Mrs. Kristin Davis,erica16@example.com,Australia,2023-01-29,Premium,3940.78
7305,Alicia Williams,rebecca51@example.net,USA,2023-06-15,Basic,42722.38
7306,Kenneth White,jamesstephanie@example.org,Australia,2024-04-01,Standard,43092.37
7307,Alexis Mendoza,kimberly42@example.com,India,2020-10-21,Standard,41471.62
7308,Sarah Nielsen,greenebryan@example.net,USA,2024-07-26,Standard,47758.69
7309,Elizabeth Murillo,gracejohnson@example.net,Canada,2022-05-25,Standard,8982.62
7310,Joseph Elliott,fernandonelson@example.org,Australia,2021-08-24,Standard,20985.77
7311,Stephanie Bryan,ruth13@example.org,UK,2021-02-17,Standard,24451.38
7312,Tasha Newton,rebecca32@example.org,Germany,2020-11-30,Premium,28740.54
7313,Daniel Kelly,jwilliamson@example.net,Australia,2023-12-17,Standard,34518.1
7314,Kathleen Colon,whogan@example.org,France,2021-07-16,Standard,29303.85
7315,Yolanda Chase,donald16@example.net,UK,2023-02-14,Basic,8417.81
7316,Douglas Kelly,kristinetrevino@example.org,India,2022-08-09,Basic,32185.8
7317,Dalton Adams,zwalls@example.com,India,2023-09-15,Premium,49556.3
7318,Tara Torres,mlong@example.net,UK,2023-08-21,Basic,34810.81
7319,Daniel Robertson,aperkins@example.net,India,2024-09-28,Standard,49185.11
7320,Brent Barnett,pthompson@example.org,USA,2022-11-02,Basic,40136.29
7321,Monica Mora,neallisa@example.com,USA,2023-02-19,Standard,43063.04
7322,Stephen Martin,amandaestrada@example.com,UK,2023-09-01,Standard,37740.22
7323,Roberto Jones,hensonjohn@example.net,India,2024-08-19,Standard,41756.21
7324,Wendy Reynolds,theresa69@example.com,USA,2024-09-22,Standard,30108.69
7325,Vincent Mcgee,huntlance@example.com,Canada,2023-03-22,Standard,38848.59
7326,Daisy Johnson,huntallison@example.net,Germany,2022-04-19,Standard,21112.79
7327,James White,michael33@example.com,Australia,2022-01-14,Basic,34036.12
7328,Mary Finley,jeffreythomas@example.net,Australia,2023-12-09,Standard,41560.17
7329,Mr. Cesar Wu Jr.,susanberry@example.org,USA,2020-02-19,Basic,49959.61
7330,Angela Moore,bishopmichael@example.net,USA,2022-08-09,Standard,7360.45
7331,Zachary Garrett,tcontreras@example.com,UK,2021-11-19,Basic,17167.08
7332,Steven Johnson,stephen76@example.net,Germany,2022-08-19,Standard,41697.98
7333,Christina Moody,rlindsey@example.com,France,2022-07-12,Premium,27926.81
7334,Deanna Franco,oclark@example.org,Australia,2020-03-17,Standard,42167.83
7335,Denise Garcia,jburnett@example.org,Australia,2021-06-03,Basic,41620.36
7336,Holly Mcgee,holdenregina@example.net,Australia,2022-08-19,Basic,45239.72
7337,Ann Roberts,rodriguezderek@example.com,India,2020-09-02,Basic,9191.64
7338,Nathan Garcia MD,connor65@example.com,USA,2024-02-17,Basic,6163.56
7339,Joanne Snyder,katie37@example.org,Germany,2023-10-29,Standard,29951.88
7340,Jacob Scott,susan55@example.net,UK,2021-04-24,Premium,10474.67
7341,Beth Becker,stephen66@example.org,Canada,2020-04-12,Standard,11764.33
7342,Dr. Steven Ray,lucasoscar@example.net,UK,2021-02-17,Standard,2730.79
7343,Jackie Evans,cindy40@example.org,USA,2021-07-21,Basic,40068.89
7344,Lisa Morales,qsmith@example.com,France,2022-10-25,Standard,36870.23
7345,Dillon Garrison,kgarner@example.com,Canada,2024-10-14,Standard,32565.55
7346,Jeffrey Humphrey,martinkelly@example.org,Germany,2024-12-01,Standard,18181.89
7347,Erin White,khananthony@example.org,Canada,2021-10-14,Standard,6867.01
7348,Mr. Nathan Nelson,garciajulie@example.com,USA,2020-09-06,Basic,28163.93
7349,Kevin Walker,jacobholmes@example.org,Canada,2021-06-26,Standard,8874.52
7350,Angela George,steven87@example.org,India,2021-06-11,Standard,38842.35
7351,Cynthia Griffin,benjaminwarner@example.org,USA,2021-07-29,Standard,38045.69
7352,Daniel Moss,kowens@example.com,India,2022-07-27,Standard,3312.16
7353,Heather Manning,rebecca25@example.net,Australia,2021-08-05,Standard,31122.83
7354,Fernando Reid,david41@example.com,USA,2021-03-29,Standard,1536.26
7355,Donna Kelley,pamelayoung@example.net,France,2022-07-25,Premium,32877.43
7356,Jennifer Johnson,debra44@example.net,France,2020-10-08,Basic,35346.73
7357,Stacey Williams,priley@example.com,USA,2021-08-29,Premium,8665.38
7358,Mr. Brian Huber,riceaaron@example.com,USA,2021-01-03,Basic,13591.6
7359,Dwayne Nelson,burtonpenny@example.net,France,2023-03-24,Standard,39616.44
7360,Lindsey Cooper,qwilliams@example.com,Canada,2022-01-20,Basic,3160.41
7361,Amy Tran,ukelley@example.org,France,2021-10-11,Standard,36702.63
7362,Cynthia Parker,whitemichael@example.com,Germany,2023-03-04,Standard,819.36
7363,Belinda Hill,andrew36@example.net,Australia,2021-03-22,Premium,39566.04
7364,Elizabeth Moore,martinezjoseph@example.com,UK,2023-10-05,Premium,38062.88
7365,Lori Bass,paul65@example.org,Germany,2024-07-13,Basic,7849.54
7366,Christy Oliver,mcamacho@example.com,Australia,2023-01-06,Premium,34687.05
7367,Sean Brooks,trevor39@example.org,USA,2021-04-21,Basic,18456.0
7368,Edward Butler,lindalee@example.net,France,2024-12-08,Standard,20626.5
7369,Christine Wolfe DDS,petersdavid@example.org,France,2021-01-31,Basic,5988.97
7370,Corey Acosta DVM,beasleystacey@example.net,Canada,2022-07-01,Standard,3349.77
7371,Lindsay Underwood,trevinohayley@example.net,UK,2023-11-16,Basic,502.41
7372,Adam Buckley,gpugh@example.net,Canada,2022-07-14,Standard,15515.57
7373,Samantha Hurley,mflores@example.net,UK,2021-01-25,Standard,31040.06
7374,Andrea White,kristinaobrien@example.org,India,2020-07-16,Premium,2042.68
7375,Amy Torres,joshuamccarty@example.net,UK,2023-01-03,Standard,15074.09
7376,Matthew Robertson,john53@example.com,UK,2020-11-20,Premium,31708.54
7377,Joseph Davis,kelli58@example.com,India,2022-11-08,Basic,9036.26
7378,Alan Harris,austinsmith@example.net,Australia,2023-01-15,Standard,41108.28
7379,Joshua Stein,hbrown@example.com,India,2021-02-22,Standard,15983.47
7380,Michael Cox,reedconnie@example.org,UK,2024-02-16,Standard,37492.51
7381,Julie Rhodes,fwalls@example.com,France,2020-10-17,Premium,31745.25
7382,Brenda Torres,wsimpson@example.net,USA,2020-01-06,Standard,35585.14
7383,Randall Davis,masonbrian@example.org,Germany,2023-03-22,Standard,49949.0
7384,Donald Garcia,diana74@example.net,France,2022-12-18,Basic,28535.39
7385,Deborah Watson,nmorgan@example.org,USA,2022-03-20,Standard,4754.2
7386,Taylor Smith,scottfrey@example.com,USA,2021-09-20,Basic,31293.11
7387,Daniel Gonzalez,james48@example.net,Germany,2023-01-14,Basic,30480.61
7388,Allison Guerra,glassgary@example.org,India,2020-02-10,Standard,11601.72
7389,Regina Cole,yconner@example.com,Canada,2024-12-14,Premium,32719.88
7390,Michael Wood,sstephens@example.com,Australia,2020-07-22,Standard,18989.48
7391,Jonathan Mason,clarencekaufman@example.org,France,2024-12-23,Standard,9472.25
7392,Dr. Zachary Hernandez,brian47@example.net,UK,2023-08-14,Standard,15065.41
7393,Megan Harris,erodriguez@example.net,Germany,2022-02-01,Standard,47618.37
7394,Olivia Barnett,chenpatrick@example.org,USA,2023-06-13,Standard,5216.13
7395,Beth Hobbs,christopher55@example.org,Australia,2022-12-14,Standard,21865.38
7396,Phillip Gonzalez,morrisonadrienne@example.org,France,2021-02-08,Basic,25435.74
7397,Candice Hill,reneepayne@example.net,Canada,2020-10-11,Standard,14469.71
7398,Lucas Sims,joshuabrowning@example.com,USA,2024-05-24,Basic,8912.09
7399,Elizabeth Green,ashley59@example.org,Australia,2021-03-31,Basic,27768.81
7400,Benjamin Strickland,maryball@example.net,UK,2022-08-27,Standard,10289.7
7401,Perry Kelly,martinronald@example.net,Canada,2022-10-21,Premium,43112.24
7402,Andrew Sandoval,jesseyoung@example.com,USA,2020-07-03,Basic,28016.17
7403,Kevin Page,marcusbaker@example.net,Australia,2023-12-23,Standard,31111.01
7404,Alec Miller,ggardner@example.org,UK,2024-02-03,Standard,49276.63
7405,Wendy Valdez,joshuabrown@example.com,Germany,2020-12-09,Standard,512.01
7406,Ebony Ramirez,scottkim@example.com,Germany,2023-07-17,Basic,30291.95
7407,Wendy Blake,lutzscott@example.org,Australia,2023-10-15,Standard,10555.51
7408,Austin Morgan,mary76@example.com,France,2022-03-30,Basic,23569.17
7409,Ruben Doyle,fishersarah@example.com,UK,2021-09-05,Standard,6317.58
7410,Anna Gonzales,eking@example.org,Germany,2022-03-03,Standard,1978.02
7411,Karen Davis,kpruitt@example.org,France,2024-01-29,Standard,13771.04
7412,Victor Pope,mark19@example.com,Germany,2023-07-13,Basic,10692.1
7413,James Sparks,kelleyalexis@example.com,USA,2021-05-04,Standard,36513.32
7414,Joseph Barber,ortegacatherine@example.org,France,2020-02-04,Standard,25865.61
7415,Mrs. Lisa Steele,valenciachristina@example.net,Germany,2022-09-16,Standard,26990.81
7416,Erin Johnston,perezdaniel@example.com,France,2020-02-10,Standard,20488.29
7417,Tammy Stevens,cookrebekah@example.net,India,2022-12-03,Basic,42771.32
7418,Jennifer Tucker,bibarra@example.com,India,2020-03-30,Basic,42770.24
7419,Stephanie Jordan,david68@example.org,France,2020-02-12,Premium,13117.03
7420,Wendy Gallegos,dianadiaz@example.net,Germany,2021-06-29,Premium,1413.21
7421,Sergio Rogers,sarah15@example.org,Canada,2021-12-29,Basic,13109.43
7422,Kristin Davis,millererika@example.com,Australia,2024-12-02,Basic,47271.94
7423,Christina Dixon,hansenluke@example.net,India,2021-04-05,Standard,41480.54
7424,Sharon Chavez,shopkins@example.com,UK,2022-11-09,Basic,102.57
7425,Charles Davis,kathleenmitchell@example.org,UK,2023-06-07,Standard,25308.64
7426,Lisa Maxwell,wmatthews@example.com,Australia,2020-06-22,Standard,19279.54
7427,Steven Walters,steven01@example.com,France,2022-09-25,Standard,44352.24
7428,Austin Thomas,nicole02@example.org,France,2022-08-06,Standard,34745.28
7429,Timothy Mendez,bradleymedina@example.com,Australia,2023-08-26,Standard,44390.83
7430,Roger Hill,lbaxter@example.net,Australia,2024-07-26,Standard,16450.54
7431,Justin Martin,kimberly95@example.org,Australia,2022-03-18,Basic,13984.12
7432,Scott Ramsey,james72@example.com,Canada,2024-01-04,Premium,16822.67
7433,Amanda Sanders,tara90@example.com,UK,2024-09-08,Basic,28873.05
7434,Dr. David Morris II,nicholas08@example.net,Australia,2022-08-01,Standard,15612.25
7435,James Hoover,zachary70@example.com,India,2024-09-18,Basic,45069.92
7436,Katherine Silva,seanharvey@example.org,Australia,2024-07-19,Basic,21788.21
7437,Jessica Valentine,shannongilbert@example.org,Germany,2020-03-06,Basic,29432.59
7438,Jillian Smith,veronicalane@example.net,Australia,2024-08-05,Basic,6306.14
7439,April Hoffman,ealvarez@example.com,Australia,2023-05-03,Basic,16588.88
7440,Elizabeth Thompson,justin10@example.org,Australia,2023-02-07,Standard,12111.8
7441,Charles Smith,wendyruiz@example.com,UK,2024-01-31,Basic,24576.07
7442,Cody Blair,dylan09@example.net,Canada,2021-01-28,Basic,43739.76
7443,Kayla Martinez,youngjoshua@example.org,UK,2024-07-28,Basic,3660.11
7444,Rodney Patton,nicolerandolph@example.net,UK,2024-12-14,Basic,25913.36
7445,Richard Gibbs,sandrawalsh@example.net,UK,2024-06-09,Standard,37457.89
7446,Michelle Stone,larsontrevor@example.net,Australia,2022-10-04,Basic,33591.54
7447,Elizabeth Rios,amy22@example.org,USA,2020-11-08,Standard,11114.66
7448,Tracy King,alan64@example.com,Canada,2020-06-19,Premium,38512.05
7449,Sarah Graves,ycarter@example.com,Canada,2024-01-28,Premium,27508.65
7450,Stephanie Evans,poncerichard@example.org,UK,2024-07-23,Standard,48345.22
7451,Alexander Jones,cochraneric@example.net,France,2021-05-08,Standard,37978.69
7452,Ashley Spencer,vazquezbrian@example.com,France,2020-11-22,Standard,18506.79
7453,Kevin Cabrera,rileywhite@example.com,Australia,2022-10-21,Basic,24537.3
7454,Nicholas Moore,ylee@example.com,UK,2020-05-03,Standard,23794.92
7455,Kevin Campbell,hunterhoward@example.com,Australia,2020-01-08,Standard,20806.2
7456,Jeffrey Schmidt,kmitchell@example.com,India,2023-09-22,Premium,21180.86
7457,Katherine Wang,isolomon@example.com,USA,2023-05-17,Standard,10643.11
7458,Scott Hudson,hamiltonbrandon@example.com,France,2021-12-11,Standard,39066.06
7459,Jeremy Velazquez,thomas99@example.org,UK,2023-05-02,Basic,12305.8
7460,Christina Hale,kingstephanie@example.org,India,2021-05-23,Premium,48153.9
7461,Justin Jones,tammyalvarado@example.com,USA,2022-12-27,Standard,34013.41
7462,Alexandra Brown,melindacarter@example.com,India,2020-07-28,Basic,37164.95
7463,Monica Thomas,qbrown@example.com,India,2023-04-30,Basic,41926.1
7464,Bethany Anderson,wyates@example.org,Australia,2022-02-08,Standard,43332.71
7465,Amber Johnson,lynn41@example.com,Germany,2021-02-09,Basic,8735.66
7466,Ronnie Warner,roy66@example.org,UK,2023-01-07,Premium,12325.65
7467,Jonathan Pittman,jessicawilliams@example.org,UK,2021-03-16,Standard,34861.36
7468,Kathleen Fields,mharvey@example.com,Germany,2021-07-30,Basic,27757.97
7469,Henry Ramirez,zcrawford@example.com,Australia,2024-01-08,Standard,24845.31
7470,Michelle Robinson,longbreanna@example.net,Canada,2024-10-10,Basic,42948.64
7471,Christy Turner,evanhenderson@example.net,France,2021-04-12,Standard,32538.16
7472,Michael Brennan,jennifer42@example.org,Australia,2021-07-13,Basic,35671.82
7473,Alan Armstrong,leslieoliver@example.org,India,2021-09-02,Standard,9593.88
7474,Pamela Frye,robertojones@example.com,Canada,2021-12-31,Basic,43921.06
7475,Kurt Miller,timothygomez@example.net,Australia,2022-04-14,Basic,39222.01
7476,Amanda Ellis,kathydavis@example.net,Germany,2020-03-31,Standard,27922.88
7477,Warren Garza,barrettsusan@example.com,USA,2021-05-12,Standard,7599.85
7478,Ashley Bartlett,benjamin94@example.org,Australia,2024-11-03,Standard,23415.57
7479,Robert Ortega,brenda03@example.org,India,2020-09-21,Standard,17601.54
7480,Sara Ward,autumn59@example.org,UK,2024-07-25,Premium,37743.62
7481,Michael Rodriguez,zmorgan@example.org,Canada,2021-11-23,Standard,10477.25
7482,Joshua Rodriguez,nwang@example.org,France,2022-09-27,Premium,1712.68
7483,Brittany Kelly,randywalter@example.com,Canada,2024-11-15,Standard,13960.38
7484,Lisa Harrison,madelinepena@example.com,India,2020-05-13,Standard,19981.56
7485,Victoria Martinez,garciastacy@example.com,Canada,2024-06-26,Premium,37268.77
7486,Jonathan Thompson,wilsonjimmy@example.org,Canada,2020-11-11,Standard,26314.15
7487,Joshua Gallagher,michael35@example.com,Australia,2023-02-19,Standard,32895.53
7488,Tammy Walker,elizabethhernandez@example.org,UK,2024-01-06,Standard,9096.64
7489,Angela Bowen,kylescott@example.net,USA,2021-11-27,Standard,47080.18
7490,Bethany Jacobs,sandratrujillo@example.org,Germany,2020-05-22,Premium,34208.56
7491,Donald Dalton,hinesaaron@example.com,Australia,2022-02-04,Basic,43098.88
7492,Carlos Cooper,caitlin44@example.com,India,2021-11-10,Standard,42787.81
7493,Jessica Brown,gphillips@example.org,Germany,2024-04-01,Premium,3090.51
7494,David Yu,stephaniekerr@example.com,USA,2020-04-25,Standard,49481.04
7495,Brian Johnson,westmichael@example.com,France,2022-09-04,Basic,3982.05
7496,Garrett Dixon,,France,2020-06-10,Basic,25143.02
7497,Zachary Peterson,vlynch@example.org,France,2022-05-25,Standard,15786.47
7498,Michael Carlson,kglenn@example.com,India,2024-10-11,Standard,34174.08
7499,Emily Good,paulpowell@example.org,UK,2020-06-27,Standard,48086.91
7500,Nicole Yang,hannahsanders@example.org,Canada,2022-09-21,Standard,21376.62
7501,Eric Johnson,whitejustin@example.net,UK,2021-10-16,Standard,22489.0
7502,Natalie Woodard,ashleymartin@example.com,Australia,2024-12-04,Standard,38229.33
7503,Nichole Hernandez,macknicole@example.com,UK,2023-09-19,Standard,102.99
7504,Janet Carter,angelamarshall@example.com,Canada,2022-04-20,Basic,20639.28
7505,Janice Daniels,johnporter@example.org,France,2023-02-02,Basic,41711.3
7506,Brittney Grimes,sarah35@example.org,Germany,2022-01-11,Premium,30744.09
7507,Cindy Vargas,elizabethvelasquez@example.net,Canada,2021-12-12,Basic,18506.12
7508,Charles Henderson,jerryrodriguez@example.org,UK,2022-12-04,Standard,18808.87
7509,Michael Shaw,yramirez@example.com,Germany,2024-01-09,Standard,13883.7
7510,Michael Shaffer,elizabethbanks@example.net,USA,2022-01-21,Standard,11654.71
7511,Janice Aguilar,mharper@example.com,Canada,2024-08-18,Standard,9378.2
7512,Mark Obrien,sphillips@example.net,UK,2024-03-03,Standard,965.72
7513,Julia Martinez,cassandra19@example.net,USA,2022-12-08,Standard,12174.26
7514,Nathaniel Ross,erin72@example.net,Germany,2020-06-25,Premium,7862.75
7515,Yolanda Roy,grossdarren@example.com,USA,2022-03-27,Standard,10892.44
7516,Kristie Faulkner,suttonkristi@example.org,India,2022-05-11,Standard,1708.35
7517,Jose Payne,grace27@example.org,Germany,2023-03-13,Standard,12257.44
7518,Alyssa Ward,braysara@example.net,Germany,2022-10-29,Basic,12741.19
7519,Brian Wilcox,worr@example.net,Canada,2024-07-22,Standard,8466.21
7520,Tara Rubio,petermartinez@example.net,Germany,2021-02-01,Basic,41397.93
7521,Allison Ellis,jameschavez@example.org,India,2023-04-12,Standard,13196.54
7522,Alexander Hartman,danielhuber@example.org,India,2024-08-21,Basic,37340.59
7523,Scott Richardson,deleonteresa@example.net,France,2023-02-23,Basic,11373.91
7524,William Guerrero,deanmeredith@example.net,Germany,2024-10-16,Standard,41931.3
7525,Michaela Brooks,anthony58@example.net,Australia,2022-04-30,Standard,37411.17
7526,Preston Larson,kimberly52@example.org,France,2023-01-01,Basic,20739.63
7527,Karen Johnson,crystal84@example.com,Australia,2022-10-20,Basic,24005.39
7528,Ernest Mitchell,mckenziemorris@example.net,India,2024-11-19,Premium,10257.43
7529,Jodi Thompson,lopezwilliam@example.net,UK,2024-05-26,Standard,9476.13
7530,Jo Wright,erica37@example.org,India,2024-03-20,Standard,9860.21
7531,Daniel Harris,simsscott@example.net,Australia,2024-11-15,Basic,38645.06
7532,Tracy Kelly,mnorton@example.org,Germany,2022-12-23,Premium,10580.87
7533,Ronald Long,wmartinez@example.net,France,2022-02-11,Standard,26944.42
7534,Kaitlyn Flynn,sharris@example.com,France,2020-04-02,Standard,24499.07
7535,Christy Long,dcontreras@example.org,France,2021-12-05,Standard,31168.63
7536,Samantha Becker,savannah40@example.com,France,2021-02-17,Basic,26173.47
7537,Kim Arnold,amy22@example.net,France,2022-07-27,Standard,48675.95
7538,Nicholas Griffin,anelson@example.org,Australia,2020-01-20,Basic,27744.63
7539,Ann Farmer,lindahayes@example.org,UK,2021-11-12,Standard,25989.58
7540,Kevin Adams,ascott@example.org,Australia,2023-01-07,Basic,18901.81
7541,Derek Guerrero,brent71@example.net,UK,2020-11-13,Standard,10835.1
7542,Robert Donaldson,davismegan@example.com,USA,2023-02-16,Basic,29421.07
7543,Shawn Soto,staceycastro@example.net,UK,2023-08-20,Basic,28639.79
7544,Ivan Brown,sandyenglish@example.net,Germany,2024-06-21,Basic,2148.51
7545,Cheryl Jones,uwalsh@example.net,India,2023-06-09,Premium,26690.19
7546,Heather Anderson,joseconner@example.org,Canada,2024-02-27,Basic,9535.02
7547,Jenny Mcdaniel,vglover@example.org,India,2022-06-10,Standard,40839.87
7548,Janet Morton,sandovalann@example.org,UK,2021-12-02,Premium,34487.96
7549,Anthony Cooper,dawsonkeith@example.com,Australia,2020-06-23,Standard,37253.68
7550,Cassandra Blair,careyjulie@example.net,USA,2021-06-20,Basic,2695.9
7551,Jesse Smith,rhondariddle@example.org,France,2021-08-09,Basic,8752.1
7552,Connor Thomas,ryan55@example.org,Germany,2020-10-10,Premium,45239.68
7553,Angela Wright,christian81@example.org,UK,2022-01-27,Basic,14856.57
7554,Brandi Short,amber35@example.net,UK,2020-11-14,Premium,4283.99
7555,Daniel Mccarty,ifrench@example.com,Australia,2022-01-14,Standard,9869.28
7556,Jennifer Meadows,mark68@example.net,India,2024-03-28,Premium,11250.51
7557,Tyler Christian,harveytravis@example.net,USA,2022-12-12,Basic,14911.94
7558,Brian Sheppard,brookeking@example.com,Germany,2024-02-03,Standard,33618.76
7559,Patricia Franklin,adampearson@example.net,India,2021-07-18,Premium,49990.84
7560,Ronald Baker,mossgary@example.org,Canada,2020-04-16,Standard,27496.58
7561,Kara Johns,diana50@example.net,France,2024-12-28,Standard,22885.26
7562,Kristi Smith,murillowilliam@example.com,Canada,2022-01-16,Basic,11945.31
7563,Andrea Dixon,nealkatelyn@example.com,Canada,2022-08-22,Standard,44328.63
7564,Andrew Stevens,joshua44@example.com,India,2024-04-14,Standard,48690.3
7565,William Nunez,richard21@example.net,France,2020-04-27,Premium,20389.82
7566,Evelyn Rubio,smithjoseph@example.net,France,2023-06-07,Basic,13418.34
7567,Jennifer Villanueva,chadpeterson@example.org,USA,2021-07-01,Standard,34253.35
7568,Michael Delacruz,smithzoe@example.net,Australia,2023-09-29,Basic,40204.2
7569,Tamara May,julie14@example.org,India,2022-04-16,Basic,45894.13
7570,Christopher Hunter,sheri69@example.net,Canada,2023-06-04,Basic,19088.72
7571,Pedro Elliott,justin81@example.net,France,2020-03-22,Premium,44769.06
7572,Christina Ford,garzatina@example.net,Australia,2020-03-15,Basic,36362.84
7573,John Wright,smithgeorge@example.com,France,2023-06-14,Premium,12577.93
7574,Jesse Hopkins,jaredayers@example.com,Canada,2020-07-27,Premium,26823.81
7575,Mary Garrett DDS,becktroy@example.com,UK,2024-05-09,Standard,6384.7
7576,Darren Ellis,garciatanya@example.org,France,2020-06-24,Standard,25011.15
7577,Nicole Gonzales,nguyentiffany@example.net,Australia,2024-08-07,Standard,32554.14
7578,Kimberly Schultz,cmcknight@example.com,UK,2020-09-20,Standard,38976.93
7579,Jeffrey Mcdonald,pmendoza@example.org,Australia,2024-03-13,Premium,9758.28
7580,Laurie Reyes,,USA,2023-03-04,Standard,46626.7
7581,Paul Simpson,jasonjohnson@example.com,India,2020-08-01,Premium,17328.61
7582,Jamie Skinner,ywhite@example.net,USA,2024-06-25,Standard,31743.83
7583,Patricia White,josephmills@example.org,Australia,2023-04-08,Basic,17649.58
7584,James Nguyen,kelly06@example.net,India,2022-08-20,Premium,31402.13
7585,Jonathan Jacobs,traceyjones@example.org,India,2023-05-10,Standard,7373.79
7586,Crystal Gross,kenneth17@example.net,India,2021-08-17,Standard,23218.8
7587,Tyler Patel,robert50@example.com,Canada,2021-07-24,Standard,30822.66
7588,Alexander Rowe,wendy16@example.org,Canada,2020-06-16,Standard,9649.59
7589,Michelle Potter,megan70@example.org,Germany,2020-04-23,Premium,30542.0
7590,Kevin Scott,ibaker@example.org,India,2020-08-30,Standard,45058.28
7591,Jessica Russo,rsmith@example.net,Canada,2020-02-17,Standard,49792.88
7592,Pamela Barnes,goodwinjennifer@example.net,Australia,2022-11-27,Basic,1251.09
7593,Amy Beard,gonzalesdonald@example.org,Australia,2024-10-02,Basic,47391.49
7594,David Nixon,jpitts@example.org,UK,2021-11-23,Basic,2291.5
7595,Patricia Lowery,nperez@example.com,Germany,2024-06-12,Premium,46771.61
7596,Toni Graham,davismark@example.org,USA,2020-03-22,Premium,39180.47
7597,Justin Blake,josephhannah@example.com,Canada,2020-05-03,Basic,13248.15
7598,Rachel Richards,thomascameron@example.net,Australia,2024-10-09,Standard,48988.54
7599,Jared Webb,qruiz@example.net,Australia,2022-02-24,Premium,29020.63
7600,Michael Francis,btaylor@example.org,USA,2023-11-10,Premium,25183.56
7601,Matthew Edwards,steven33@example.org,Canada,2023-04-30,Standard,21839.01
7602,Meredith Bush,jonkeith@example.org,Australia,2020-02-03,Standard,1860.33
7603,Michael Yu,xjohns@example.net,Australia,2024-08-07,Standard,42065.78
7604,Mary Sanchez,adrianhawkins@example.org,Germany,2024-09-04,Premium,25789.68
7605,Mr. Thomas Smith DVM,edavis@example.org,Germany,2022-03-04,Standard,25571.48
7606,Teresa Brown,julia16@example.org,Canada,2022-08-24,Standard,21335.84
7607,Charles Horton,bnguyen@example.com,Australia,2023-11-13,Basic,31209.67
7608,Alan Jones,hoffmanangie@example.org,USA,2024-10-20,Standard,32984.19
7609,Elizabeth Reeves,llucas@example.com,India,2020-04-29,Standard,44263.95
7610,Matthew Wilcox,hgolden@example.net,India,2023-05-20,Standard,44247.57
7611,Arthur Olsen,carlmiller@example.net,Australia,2023-12-13,Basic,43419.99
7612,Rachel Lewis,cclark@example.net,Germany,2021-12-06,Premium,14044.17
7613,Marie Montoya,sguzman@example.com,Canada,2024-09-25,Standard,37686.49
7614,Patrick Murray,vdodson@example.net,Australia,2024-08-28,Premium,28913.15
7615,Maria Smith,mitchell07@example.org,India,2024-11-03,Standard,10444.99
7616,William Garner,tylerbaker@example.com,India,2023-06-21,Basic,12891.91
7617,David Johnson,jessica52@example.net,Australia,2024-08-02,Standard,49517.39
7618,Erica Mullen,lisa28@example.com,UK,2024-12-27,Standard,8507.57
7619,Deanna Orozco,jdoyle@example.com,Canada,2024-05-27,Standard,3763.55
7620,Jessica Rodriguez,jessicapennington@example.org,France,2020-01-20,Premium,23034.11
7621,Robert Fuller,danielmartinez@example.net,Germany,2023-07-01,Premium,18148.19
7622,Tom Horton PhD,sharrison@example.net,UK,2020-04-08,Premium,12044.49
7623,Trevor Landry,jessica22@example.org,UK,2024-01-25,Premium,36797.29
7624,Jose Johnson,elainewilliams@example.com,Germany,2022-12-03,Standard,41021.67
7625,Daniel Williams,lopezlinda@example.net,UK,2020-05-30,Standard,32909.65
7626,Kristina Gay,bshort@example.org,UK,2020-02-02,Premium,27874.0
7627,Stephanie Hernandez,qsandoval@example.net,Australia,2022-07-13,Basic,20260.2
7628,Bryan Young,sandra86@example.org,France,2024-12-02,Basic,20752.19
7629,Tommy Wagner,coxamy@example.com,Canada,2022-06-06,Standard,33075.39
7630,Leslie Mason,frussell@example.net,France,2020-04-03,Premium,38737.49
7631,Jason Hill,dianadonovan@example.net,Australia,2023-08-11,Standard,9360.01
7632,Jane Robertson,vaughnstacey@example.net,Australia,2020-12-05,Standard,8321.01
7633,Alyssa Thomas,aguirrerebecca@example.com,Germany,2024-12-01,Premium,38220.69
7634,Tanya House,angela80@example.org,Germany,2021-07-03,Premium,18738.48
7635,Kenneth Rowe,mallorylee@example.net,India,2023-01-13,Basic,25760.54
7636,Steven Myers,hbutler@example.net,UK,2024-09-25,Basic,34107.27
7637,Richard Davenport,paige45@example.org,Canada,2022-02-08,Standard,20534.26
7638,Stacey Lopez,rebeccalee@example.com,Germany,2021-09-21,Premium,47459.59
7639,Jonathon Jones,lhoward@example.com,USA,2022-01-14,Basic,11018.66
7640,Michael Torres,hprice@example.net,Australia,2021-05-04,Basic,28769.15
7641,Kelly Obrien,thomas07@example.org,Canada,2021-12-02,Standard,7413.31
7642,Sean Mcmillan,donnamckenzie@example.com,USA,2024-06-21,Standard,4149.93
7643,Jennifer Bennett,abigail52@example.org,Germany,2024-06-09,Basic,34215.59
7644,Rebekah Cox,keith60@example.net,France,2021-05-10,Standard,8016.17
7645,Victoria Ferguson,ecortez@example.net,Germany,2020-07-18,Standard,13799.45
7646,Jeffrey Stewart,imills@example.com,France,2023-04-04,Basic,4440.58
7647,Linda Shelton,pruittbianca@example.com,France,2024-09-18,Basic,14627.52
7648,Mariah Williams,nkelly@example.net,Germany,2024-04-20,Standard,49139.73
7649,John Coleman,jason40@example.net,USA,2023-07-14,Standard,38054.59
7650,Frank Rogers,rodriguezterri@example.org,Canada,2021-01-12,Standard,39516.46
7651,Terry Carter,julieholden@example.com,France,2023-08-17,Standard,16798.79
7652,Katelyn Roberts,gdominguez@example.net,USA,2024-11-23,Standard,39377.81
7653,Patrick Smith,petermartinez@example.net,India,2020-03-29,Standard,32102.17
7654,Joseph Flores,patrickorr@example.org,UK,2024-08-06,Premium,20224.8
7655,Michael Gibbs,terry88@example.com,Germany,2022-02-03,Standard,46774.73
7656,Jacqueline Roberts,bradychristopher@example.net,India,2022-02-05,Basic,28329.65
7657,Carrie Martin,juliawilliams@example.net,USA,2022-09-23,Basic,40927.01
7658,Jeffrey Moran,daniel18@example.net,India,2024-04-30,Premium,39235.74
7659,Matthew Best,hamptonkaren@example.net,Canada,2021-05-09,Premium,36846.77
7660,Joshua Duran,operry@example.com,France,2021-01-18,Standard,7846.17
7661,Jessica Watson,patelheather@example.net,Australia,2022-01-03,Premium,26263.84
7662,Christina Ewing,dsanford@example.com,Canada,2021-08-30,Basic,10826.83
7663,Roy Werner,qlopez@example.net,Canada,2023-09-20,Standard,24031.91
7664,Christina Liu,ramosdavid@example.org,UK,2022-02-13,Premium,31458.63
7665,Melinda Ramsey,,Canada,2021-03-23,Standard,34738.48
7666,Jodi Beck,nelsondakota@example.net,Australia,2021-09-05,Basic,43724.81
7667,Kim Gutierrez,ralphlee@example.org,Australia,2021-11-02,Standard,39702.33
7668,Tami Johnson,davidwagner@example.com,USA,2021-08-08,Standard,349.9
7669,David Chaney,benjamin04@example.org,Canada,2020-05-03,Standard,11036.76
7670,Trevor Cohen,hgarza@example.net,Canada,2021-09-01,Standard,44069.1
7671,Aaron Shelton,qmoran@example.com,UK,2023-06-08,Basic,24349.92
7672,Samantha Knight,trevormedina@example.org,Australia,2021-12-10,Standard,13701.02
7673,Shawna Padilla,mperkins@example.org,Australia,2023-07-28,Standard,29329.95
7674,Nancy Walls,lisaporter@example.net,Australia,2022-11-18,Premium,44537.49
7675,Theresa Lyons DDS,rodriguezkatherine@example.com,Germany,2024-05-24,Standard,37412.16
7676,Jonathon Lee,kristy26@example.com,Australia,2023-11-16,Standard,6975.53
7677,Dr. Timothy Jenkins,jessicafranco@example.org,India,2024-09-04,Standard,37494.4
7678,Erin Diaz,howens@example.net,UK,2024-02-24,Standard,39686.09
7679,Shane Kirby,waltonpatricia@example.net,France,2021-08-27,Premium,30005.11
7680,Christopher Johnson,jeffreyyates@example.org,USA,2023-04-23,Standard,49075.27
7681,Anna Phillips,melissamitchell@example.net,UK,2022-07-08,Basic,46281.79
7682,Rachel Sanchez,lcline@example.net,USA,2021-05-12,Standard,36919.36
7683,Juan Phillips,pattonlaura@example.com,USA,2023-01-13,Premium,44073.93
7684,John Rice,jesus75@example.org,UK,2020-11-17,Standard,44314.74
7685,John Miller,laura80@example.com,Canada,2021-12-02,Basic,10953.65
7686,Clinton Adams,halldanielle@example.net,USA,2020-06-02,Premium,24906.66
7687,Monica Lee,brownamanda@example.org,UK,2023-01-29,Standard,7024.11
7688,William Hernandez,annrosales@example.com,Australia,2021-10-30,Standard,20897.57
7689,Kevin Thompson,johnsonjasmine@example.net,USA,2020-08-31,Standard,19943.48
7690,Stephen Adams,robinsoncourtney@example.org,France,2020-01-01,Standard,37444.58
7691,Matthew Tucker,david36@example.com,India,2020-01-04,Standard,38860.4
7692,Janet Rowland,mary18@example.org,India,2020-11-27,Standard,17235.35
7693,Danny Joseph,julieray@example.org,France,2020-05-22,Basic,34878.67
7694,Christopher Humphrey,jennifermolina@example.org,Australia,2021-01-31,Standard,3327.24
7695,Melanie House,sara81@example.com,Germany,2024-11-26,Standard,7743.52
7696,Evan Jackson Jr.,kimberly91@example.com,France,2024-03-28,Standard,4889.27
7697,Philip Greene,jeffrey21@example.org,UK,2021-08-23,Basic,17018.76
7698,Martin Cooke,lisachase@example.net,France,2022-09-13,Standard,13852.07
7699,Tara Hancock,mary94@example.net,Germany,2023-07-13,Standard,33680.9
7700,Laura Acevedo,washingtonjohn@example.net,USA,2020-07-12,Basic,16883.57
7701,Nicole Roberson,rodriguezjoshua@example.org,Germany,2023-08-28,Standard,22302.57
7702,Melissa Key,contrerasdaniel@example.org,UK,2024-09-10,Basic,29159.21
7703,Megan Winters,lisarussell@example.net,India,2021-09-27,Premium,16374.57
7704,Maria Johnson,jensenjacob@example.org,Canada,2023-07-12,Standard,39710.2
7705,Randall Thomas,chelseaanderson@example.net,USA,2023-08-25,Basic,11210.49
7706,Patrick Walsh,sbell@example.net,Canada,2022-04-27,Standard,32896.41
7707,Shirley Coleman,englishdouglas@example.net,India,2021-07-21,Basic,40055.08
7708,Albert Perez,tiffany72@example.com,USA,2023-12-27,Premium,233.38
7709,Paul Collins,dshaffer@example.net,France,2020-12-26,Basic,42943.93
7710,Jeffery Kelley,bmaynard@example.org,India,2022-11-14,Standard,47478.13
7711,Samantha Dawson,lorithomas@example.net,USA,2021-09-21,Basic,17354.13
7712,Adrian Powell,pattersonpeter@example.net,UK,2023-04-13,Standard,6336.97
7713,Antonio Flores,igoodman@example.org,India,2021-09-17,Premium,6241.16
7714,Kelly Dean,russellkelly@example.net,UK,2023-09-28,Standard,22797.22
7715,Michelle Dunn,rachel05@example.net,USA,2023-09-17,Standard,48050.97
7716,Ricardo Byrd,hthomas@example.org,USA,2021-12-31,Premium,44732.11
7717,Emily Sanchez,stephanie53@example.org,USA,2022-09-21,Standard,6761.24
7718,Alisha Walsh,gguzman@example.net,UK,2023-04-05,Standard,48100.02
7719,Anthony Joseph,gordongrace@example.org,UK,2023-03-19,Standard,11240.21
7720,George Mills,jonathanwilliams@example.net,USA,2024-01-14,Basic,31730.61
7721,Nicholas Olsen,silvathomas@example.com,UK,2023-06-30,Standard,16507.07
7722,Patricia Hahn,vanessa44@example.net,France,2024-11-27,Standard,31016.77
7723,Stacy Taylor,watkinsjoshua@example.com,UK,2021-05-08,Standard,7313.91
7724,Catherine Fox,davenportlinda@example.net,UK,2022-11-07,Standard,27679.12
7725,Steven Carter,regina28@example.org,Canada,2020-09-13,Standard,29145.44
7726,Frances Mason,sfritz@example.org,Australia,2022-03-11,Standard,37367.18
7727,Stephanie Greene,afigueroa@example.com,UK,2023-01-28,Standard,46405.51
7728,Matthew Johnson,teresa86@example.net,India,2021-06-04,Standard,2311.13
7729,Christina Tran,williamhull@example.org,Canada,2024-12-26,Basic,38693.28
7730,Michelle Elliott MD,martindavid@example.net,USA,2022-12-15,Standard,38857.06
7731,Jane Sanchez,nixonryan@example.com,UK,2021-11-05,Standard,37109.01
7732,Jackie Walker,aparrish@example.org,France,2024-09-03,Basic,15167.39
7733,Michael Lee,bianca01@example.com,India,2021-12-24,Premium,5177.92
7734,Jimmy Huang,mary56@example.net,UK,2021-06-05,Standard,48792.59
7735,Timothy Daugherty,vbright@example.net,France,2024-10-09,Premium,36503.71
7736,Jonathan Bowen,xburnett@example.com,Germany,2024-05-07,Standard,36046.18
7737,Brian Long,xknapp@example.com,Canada,2023-06-09,Standard,48712.25
7738,Stephanie Morales,sandersjohn@example.com,India,2021-09-13,Standard,16035.15
7739,Jermaine Miller,ahudson@example.com,UK,2022-11-08,Premium,35672.11
7740,Lisa Costa,patricia62@example.org,Germany,2021-07-22,Standard,35722.84
7741,Kyle Jackson,christopher62@example.net,UK,2022-08-19,Premium,1367.37
7742,Ms. Diane West MD,odoyle@example.net,France,2021-03-27,Standard,1062.82
7743,Amy Brown,bfry@example.com,Germany,2021-11-30,Standard,1658.87
7744,Holly Campbell,benjamin58@example.net,Canada,2023-11-25,Basic,21972.64
7745,Michael Aguirre,samantha98@example.net,India,2024-07-21,Standard,28681.65
7746,Michael Rodriguez,patrick87@example.com,France,2020-01-12,Standard,24495.17
7747,Tina Foley,ztorres@example.org,Germany,2021-01-06,Standard,47213.55
7748,Shawn Stanley,david66@example.org,UK,2020-09-19,Standard,19953.64
7749,Marc Burton,bryantrobert@example.net,France,2024-09-26,Premium,39926.51
7750,Jennifer Hall,grayerin@example.org,France,2024-08-27,Basic,33262.67
7751,Kathleen Simpson,sarawade@example.com,Canada,2021-11-12,Basic,21268.6
7752,Benjamin Green,sjenkins@example.net,UK,2024-12-12,Standard,49910.9
7753,Bruce Scott,ericrodriguez@example.net,Canada,2023-04-18,Standard,12083.62
7754,Sabrina Scott,lisa57@example.org,Australia,2021-05-01,Basic,35191.23
7755,William Gibson,amanda26@example.org,France,2021-07-04,Premium,2983.87
7756,Angel Lane,samantha78@example.org,India,2024-10-25,Standard,10798.5
7757,Joseph Juarez,ocooley@example.net,Canada,2021-03-12,Basic,11601.15
7758,James Butler,msmith@example.org,UK,2023-03-28,Premium,9773.11
7759,Amanda Norman,greenejames@example.net,India,2021-12-04,Standard,2451.7
7760,James White,robert91@example.org,Germany,2020-03-19,Basic,8331.93
7761,Tony Guerra,hbaxter@example.com,France,2021-01-23,Basic,11412.88
7762,Pamela Fitzpatrick,romankayla@example.org,UK,2024-08-28,Standard,11328.3
7763,Jared May,harrisadam@example.org,Germany,2021-08-21,Basic,28432.03
7764,Cheryl Walls,sotokaren@example.org,Germany,2021-06-14,Basic,3221.52
7765,Alicia Hoffman,edwardsdenise@example.com,France,2024-12-22,Standard,1215.1
7766,Kelly Dawson,alyssa40@example.org,France,2021-07-01,Basic,44576.1
7767,Kathryn Jones,amandageorge@example.org,India,2022-04-17,Premium,22868.22
7768,Gina Campbell,gina58@example.net,Canada,2024-05-23,Basic,38731.55
7769,Gloria Navarro,denisenixon@example.net,Germany,2023-09-25,Standard,40706.58
7770,James Miranda,laura78@example.org,UK,2024-02-24,Premium,8787.9
7771,Mark Coleman,wlewis@example.org,Canada,2020-09-09,Premium,49583.96
7772,Jennifer Rivas,fperez@example.com,UK,2021-03-18,Basic,23596.69
7773,Christina Brennan,randy36@example.net,France,2023-10-27,Standard,38942.35
7774,Andrew Daniel,leonmark@example.org,India,2024-03-16,Basic,43212.77
7775,Dan Carney,lhernandez@example.org,Germany,2023-08-20,Standard,29205.37
7776,Caleb Allen,johnbenjamin@example.org,India,2023-11-15,Premium,6508.29
7777,Steve Morris,christina13@example.net,USA,2022-09-03,Basic,3870.39
7778,Jonathan Schmidt,ymiranda@example.net,France,2023-04-26,Premium,43350.19
7779,Charles King,scollins@example.com,Canada,2024-05-27,Premium,5499.45
7780,Bryan Cameron,lsanders@example.net,Germany,2020-04-11,Standard,28423.68
7781,Ralph Nunez,kwilliams@example.com,Australia,2022-04-28,Basic,40519.6
7782,Matthew Morris,joshuabenton@example.com,Australia,2024-08-07,Standard,37935.34
7783,Michael Bentley,natasha63@example.org,UK,2021-12-11,Basic,31495.93
7784,Tyler Smith,anthonygina@example.org,USA,2020-05-06,Basic,35033.32
7785,Darren Ross,ronaldcampbell@example.org,USA,2024-12-27,Standard,15919.58
7786,Brandon Wheeler,gonzalezanthony@example.net,UK,2023-09-25,Premium,26086.52
7787,Amanda Thomas,jessica04@example.org,Canada,2021-06-16,Standard,33320.06
7788,Erin Kaufman,fullerdonna@example.net,Canada,2023-08-06,Standard,4357.87
7789,Lauren Jones,wileykristine@example.net,UK,2021-11-20,Standard,25609.35
7790,Kelsey Hall,paul76@example.net,India,2021-12-29,Standard,2991.14
7791,Daniel Riddle,aclark@example.org,Germany,2024-07-02,Standard,27039.76
7792,Rebecca Roberts,rsweeney@example.org,France,2022-07-15,Standard,41891.32
7793,Joseph Phelps,emily04@example.com,Canada,2024-06-30,Standard,39038.12
7794,Phyllis King,michaelhunt@example.com,Germany,2023-02-21,Basic,43111.57
7795,Anthony Adams,baileyjuan@example.com,Australia,2024-03-17,Standard,33570.96
7796,Monica Mcgee,adamwilson@example.com,USA,2024-02-10,Basic,13125.67
7797,Alyssa Baldwin,krystal39@example.org,Germany,2023-04-19,Premium,16249.8
7798,Kristen Ward,whayes@example.com,Australia,2023-12-01,Basic,5653.48
7799,Shannon Padilla,timothylawrence@example.org,Germany,2023-01-04,Standard,45579.77
7800,William Carter,crystal38@example.net,India,2024-12-14,Premium,24136.0
7801,Holly Spears,chall@example.net,Canada,2020-05-25,Basic,23488.77
7802,Mrs. Kathryn Scott PhD,zpearson@example.net,Germany,2020-04-22,Basic,627.3
7803,Rebekah Collins,kristin92@example.com,UK,2022-07-28,Standard,21830.98
7804,Lauren Mitchell,hansenjonathan@example.net,Australia,2020-11-11,Standard,23305.1
7805,Laura Davis,reedpamela@example.com,USA,2023-10-30,Standard,228.92
7806,Kyle Scott,rjones@example.org,UK,2021-12-02,Standard,41933.05
7807,Amy Garcia,rmccullough@example.com,France,2023-10-25,Premium,4781.08
7808,Patricia Love,murphyrobert@example.org,USA,2022-01-21,Standard,26225.27
7809,Donald Robinson,whitekatrina@example.net,Germany,2023-06-01,Standard,32872.86
7810,Kimberly Perry,matthewarnold@example.com,India,2021-12-15,Standard,28757.71
7811,Jessica Maxwell,samanthagrimes@example.org,India,2023-03-11,Basic,33597.18
7812,Destiny Hoffman,howardjoshua@example.net,UK,2022-11-21,Standard,16492.47
7813,Stacy Nolan,gardnermichael@example.net,UK,2022-12-21,Standard,23416.68
7814,Melissa Castillo,ydavid@example.net,India,2022-12-10,Standard,20123.77
7815,Charles Robinson,johnsonbrittany@example.org,UK,2024-11-14,Basic,37661.3
7816,Michael Hicks,sean32@example.com,France,2023-12-07,Premium,39252.91
7817,Dominic Hale,ileblanc@example.net,USA,2023-07-26,Basic,1756.2
7818,Jeffery Cooper,nellison@example.net,Germany,2024-03-25,Basic,24378.48
7819,Austin Richardson,adamsrebecca@example.com,India,2022-03-17,Standard,16881.02
7820,Janet Wilson,christina38@example.org,France,2022-12-20,Premium,48070.27
7821,Matthew Orr,hgilmore@example.org,Germany,2022-08-04,Premium,27660.34
7822,Kylie Hansen,kendra40@example.org,Canada,2022-03-02,Standard,28736.02
7823,Amber Hunt,marvinpeters@example.net,USA,2022-09-17,Basic,7195.86
7824,Diane Bowman,debbie08@example.com,UK,2023-11-16,Basic,23172.34
7825,Caitlin Smith,courtney92@example.net,USA,2022-06-23,Basic,46121.45
7826,Mckenzie Hamilton,jeremy86@example.com,India,2022-10-20,Standard,45076.28
7827,Wayne Kidd,karipetersen@example.net,Canada,2021-07-14,Basic,17112.31
7828,Scott Flynn,tracylopez@example.org,USA,2024-10-25,Basic,7115.72
7829,Sara Meyer,kyle89@example.org,India,2023-11-03,Standard,46468.19
7830,Joseph Taylor,nhall@example.net,India,2020-07-18,Basic,22829.23
7831,Anna Alvarez,qmontoya@example.net,Canada,2021-05-19,Standard,7164.07
7832,Nicole Elliott,kmiller@example.org,Canada,2023-12-12,Standard,10029.44
7833,Michael Dixon,johnsonbailey@example.com,Australia,2020-10-15,Standard,37824.67
7834,Zachary Watson,fullerkristi@example.org,Canada,2021-10-06,Premium,41975.88
7835,Dylan Murray,marycisneros@example.net,France,2024-12-14,Premium,18168.18
7836,Jason Bell,samantha67@example.org,USA,2024-08-11,Basic,42579.02
7837,Anthony Williams,knightrobin@example.com,Germany,2024-11-09,Standard,12760.69
7838,Karen Maddox,rebekahbeard@example.net,France,2020-08-23,Basic,35330.32
7839,Michael Peters,stephenhester@example.com,India,2023-03-27,Basic,36746.79
7840,Michael Hutchinson,melissa69@example.org,UK,2023-06-10,Basic,38281.35
7841,Kaitlyn Hoover,masontony@example.com,USA,2024-07-30,Standard,9550.98
7842,Ann Pierce,ricerebecca@example.org,Germany,2021-03-06,Standard,47580.47
7843,Joseph Brown,xjones@example.com,France,2020-05-24,Standard,28951.61
7844,Victoria Rich,smithbrandon@example.org,Australia,2021-04-16,Standard,37942.51
7845,Dr. Richard Fischer,hamiltonmark@example.com,France,2022-07-31,Premium,46454.46
7846,Amanda Brown,idorsey@example.com,India,2024-12-20,Standard,1438.6
7847,Tammy Turner,briannabrown@example.com,India,2023-03-02,Standard,22649.87
7848,John Hanna,seanbanks@example.org,India,2024-07-03,Standard,3778.32
7849,Sean Hill,keyteresa@example.com,USA,2023-06-05,Basic,19161.14
7850,Sophia Mckee,whitneyanderson@example.com,UK,2022-12-09,Basic,12743.16
7851,Jasmine Williams,braunjesse@example.org,Canada,2024-05-05,Basic,31596.72
7852,Jordan Porter,anthonybush@example.net,France,2021-12-20,Standard,22466.08
7853,Jonathan Miller,harrisbrianna@example.net,Germany,2022-08-08,Premium,27911.89
7854,Jacob Jones,sara26@example.org,Canada,2022-06-28,Standard,23292.93
7855,Diane Warren,kennethjennings@example.org,France,2023-01-14,Basic,568.56
7856,Mr. Daniel Carroll DDS,jamesanderson@example.net,USA,2020-10-15,Standard,47092.94
7857,Lisa Padilla,fflores@example.org,France,2024-05-29,Basic,29397.4
7858,Jaime Flores,anthony54@example.com,Canada,2021-08-12,Standard,33447.99
7859,Edward Rodriguez,robertflowers@example.org,USA,2024-01-23,Premium,38151.67
7860,Samuel Hardy,brandy14@example.net,Canada,2020-07-11,Premium,11367.33
7861,Sharon Kennedy,apalmer@example.com,USA,2023-10-03,Basic,37446.0
7862,Melissa Herman,hillkimberly@example.com,Canada,2023-10-03,Standard,45629.2
7863,Jonathan Campbell,ohensley@example.com,Australia,2021-01-26,Basic,13274.96
7864,Steven Sweeney,james24@example.com,Australia,2021-05-15,Premium,116.08
7865,Misty Martinez,nicholasvargas@example.org,Germany,2021-06-13,Basic,42953.38
7866,Stephanie Butler,sandrawilliams@example.net,France,2020-06-25,Basic,49162.63
7867,Gregory Drake,joe40@example.org,Canada,2023-01-03,Standard,5941.68
7868,Katie Johnston,williammueller@example.net,India,2022-05-12,Standard,1074.73
7869,Mary Johnson,veronicasnyder@example.net,UK,2022-11-15,Standard,24234.07
7870,Kristin Anderson,rebeccajames@example.org,Germany,2021-04-25,Basic,29225.44
7871,Gary Hendricks,danielvelez@example.com,Australia,2023-05-03,Basic,35934.14
7872,Lisa Downs,benjamin51@example.com,UK,2022-12-04,Standard,41614.56
7873,Jennifer Brown,robert27@example.org,India,2024-06-14,Premium,47672.82
7874,Matthew Williams,washingtondaniel@example.net,France,2023-02-22,Standard,44067.53
7875,Chase Mercado,vwebb@example.com,UK,2020-01-12,Standard,17619.56
7876,Kelly Wells,ncox@example.org,UK,2023-12-01,Premium,28307.19
7877,Heidi Garrison,sheryl16@example.com,Germany,2021-01-26,Premium,34187.86
7878,Martin Rice,paulclarke@example.com,USA,2024-10-31,Standard,13491.32
7879,Jesse Allison,iarnold@example.net,Australia,2023-06-09,Premium,10240.55
7880,Tammy Cross,lpennington@example.net,India,2024-12-28,Standard,47836.25
7881,Samantha Walters,brettgonzales@example.net,UK,2024-08-15,Basic,37107.99
7882,Sandra Russell,graymichele@example.com,India,2020-07-02,Standard,36205.89
7883,Sara Johnson,sarahmartin@example.com,Canada,2021-06-17,Premium,43288.55
7884,Jason Patterson,christinamason@example.com,France,2023-11-25,Basic,3477.2
7885,Elizabeth Miller,whitewesley@example.net,Germany,2023-06-28,Basic,39111.21
7886,Jamie Bowen,thompsonlarry@example.net,Germany,2024-05-11,Standard,43128.88
7887,Sandra Cannon,hallmichael@example.net,Australia,2024-06-13,Basic,22007.74
7888,Jeffrey Day,gravesscott@example.org,UK,2022-11-27,Premium,32747.3
7889,Cathy Mcdonald,rogerwerner@example.net,Germany,2020-07-14,Basic,20372.77
7890,Gabriel Robinson,devon00@example.org,UK,2023-03-05,Standard,29504.05
7891,Ashley Lopez,samanthacastillo@example.net,Australia,2022-08-18,Basic,46147.63
7892,Kristina Brown,sotogarrett@example.org,India,2021-04-26,Basic,2853.19
7893,Reginald Fleming,ibell@example.org,Germany,2020-04-19,Standard,17943.76
7894,Robert Nelson,rebeccawilliams@example.com,India,2023-07-09,Standard,8702.32
7895,Thomas Miller,gwilson@example.org,France,2022-07-21,Premium,27028.0
7896,Caleb Bonilla,hoodmelissa@example.com,Australia,2020-02-12,Basic,14442.24
7897,Ashley Mckenzie,brian11@example.org,USA,2024-07-11,Premium,47087.87
7898,Phillip Rivera,randallpham@example.org,USA,2022-10-30,Basic,10862.19
7899,Danielle Smith,mitchellstephanie@example.com,France,2024-07-21,Standard,14068.16
7900,Lindsay Johnson,daniel14@example.com,India,2023-07-09,Standard,35447.62
7901,Yvonne French,karen10@example.net,India,2021-09-29,Basic,47387.79
7902,Wayne Ryan,matthewcarlson@example.org,Germany,2022-05-03,Basic,35415.13
7903,Toni Mcgee,sandra79@example.net,France,2023-09-19,Premium,30637.41
7904,Phillip Vega,thomas09@example.org,France,2024-06-19,Premium,21938.54
7905,Heather Fisher,rconrad@example.org,Australia,2024-12-04,Standard,7114.68
7906,Maureen Rose,william11@example.net,UK,2021-11-08,Premium,17247.36
7907,Bradley Holden,xbridges@example.com,Germany,2022-02-17,Basic,1747.01
7908,Susan Downs,zjones@example.net,UK,2021-12-13,Basic,12765.04
7909,Dominique Strickland,wrightthomas@example.net,Australia,2023-09-02,Standard,14434.69
7910,James Thomas,morrismaria@example.com,Germany,2022-09-06,Basic,12345.91
7911,John Roy,bwu@example.net,India,2020-01-02,Standard,37696.83
7912,Emily Green,dmurphy@example.net,Canada,2022-03-12,Basic,12870.66
7913,Ariana Evans,joel94@example.com,UK,2022-01-19,Basic,45235.26
7914,Jennifer Thompson,candicecooper@example.net,Germany,2024-10-27,Premium,12454.31
7915,Michelle Perez,jacobsloan@example.net,Germany,2023-03-23,Basic,15203.9
7916,Emma Rogers,audreyrichard@example.net,India,2020-10-17,Standard,1590.19
7917,Wyatt Chavez,mikewilliamson@example.net,Germany,2022-01-21,Basic,21271.41
7918,Jenna Brown,dansanchez@example.net,Germany,2023-02-16,Basic,27263.39
7919,Andrea Harding,ybarrett@example.com,India,2023-05-01,Premium,11511.38
7920,Sarah Martin,brianbrown@example.com,France,2024-10-03,Premium,6204.93
7921,Francisco Evans,obrienadam@example.com,Australia,2024-09-20,Basic,1805.71
7922,Allison Osborn,ricky66@example.org,Australia,2021-09-02,Standard,35882.38
7923,April Black,mayerrachael@example.com,UK,2023-09-14,Standard,20793.81
7924,Shannon Meyer,ogonzalez@example.net,USA,2021-04-25,Standard,28876.82
7925,Adam Stephenson,thompsonjoseph@example.org,India,2022-01-19,Basic,28336.43
7926,Theresa Simpson,jamesjimenez@example.net,Canada,2022-03-15,Premium,44288.84
7927,Keith Smith,lisalee@example.org,Germany,2020-07-30,Basic,35013.42
7928,Erin Charles,bcampbell@example.com,USA,2022-08-22,Premium,15554.79
7929,Emily Jackson,wrightshannon@example.net,UK,2021-06-20,Standard,28856.24
7930,John Wyatt,nhoward@example.com,India,2020-06-29,Basic,28914.13
7931,Michelle Johnson,gscott@example.org,UK,2024-06-15,Premium,516.26
7932,Joshua Serrano,thomasdrew@example.org,USA,2024-07-20,Premium,27879.72
7933,Jennifer Chase,webbsandra@example.com,India,2023-06-05,Premium,16276.65
7934,Michelle Vasquez,wgarcia@example.net,France,2022-03-02,Premium,24434.64
7935,Virginia Taylor,romanryan@example.net,UK,2022-05-01,Premium,46955.94
7936,Todd Robertson,bridget23@example.org,USA,2023-03-01,Premium,35195.08
7937,Adam Glass,drakewilliam@example.org,Canada,2024-12-23,Premium,44383.6
7938,Jimmy Escobar,garzajames@example.com,UK,2022-02-15,Standard,13652.39
7939,William Ward,foxwilliam@example.org,UK,2024-01-07,Standard,31013.75
7940,Vanessa Fisher,wjones@example.com,France,2023-06-11,Standard,2872.13
7941,Hailey Baker,chelsealang@example.com,Australia,2024-10-12,Standard,6667.24
7942,Russell Barnes,muellersue@example.com,Germany,2024-08-27,Standard,993.53
7943,Daniel Brown,gwendolyn59@example.net,India,2024-10-19,Premium,34079.2
7944,Jesus Rodriguez,maria63@example.com,Germany,2022-06-13,Standard,8623.43
7945,Cory Yang,ryankathleen@example.org,India,2020-10-21,Basic,19972.33
7946,Tyrone Harris,smurphy@example.org,Germany,2022-03-23,Basic,17148.55
7947,Carlos Long,aliciastevens@example.org,Canada,2020-08-31,Basic,40269.97
7948,Jill Davis,kylenichols@example.com,USA,2023-03-21,Standard,18685.91
7949,Brent Garcia,xanderson@example.org,Australia,2020-05-24,Premium,11971.59
7950,Erik Vasquez,kelseyrogers@example.org,Germany,2024-04-30,Standard,35390.17
7951,Adam Moreno,bhenderson@example.com,India,2024-04-17,Premium,4487.43
7952,David Campbell,newmanjason@example.com,USA,2021-05-02,Standard,29761.49
7953,Cheryl Evans,esimpson@example.org,USA,2024-02-12,Standard,3866.32
7954,Elizabeth Tran,treynolds@example.org,Canada,2021-08-10,Standard,25058.36
7955,Sean Newton,davidwright@example.org,India,2023-06-23,Standard,447.67
7956,Danielle Hendrix,leahpitts@example.org,UK,2020-11-04,Basic,28318.26
7957,Caitlin Hayes,lhardy@example.org,Germany,2022-06-23,Basic,48774.02
7958,Patricia Day,staceyjohnson@example.net,France,2023-07-23,Premium,6543.42
7959,Jason Potter,lori49@example.org,India,2022-06-22,Premium,6045.99
7960,John Ramirez,slopez@example.com,Germany,2022-04-04,Standard,36071.44
7961,Laura Rivera,joseph68@example.com,India,2022-05-18,Standard,7554.79
7962,Melissa Williams MD,racheldavis@example.com,Germany,2020-07-20,Basic,41583.9
7963,William Lawrence,joseph28@example.org,France,2022-11-29,Basic,37722.15
7964,Ronald Nelson,leachkyle@example.net,France,2023-05-29,Standard,29710.15
7965,Tracy Ayers,vickie71@example.org,India,2020-03-31,Standard,46901.64
7966,William Davis,herreraoscar@example.net,Australia,2020-11-26,Basic,40546.65
7967,Luke Burke,emyers@example.com,India,2020-12-27,Basic,40123.41
7968,Laura Herrera,piercejacqueline@example.com,France,2023-01-13,Premium,30116.94
7969,Jonathan Turner,silvadeborah@example.net,Australia,2021-07-19,Basic,23385.61
7970,Jason Phillips,jonesallison@example.org,Canada,2024-03-15,Standard,34829.96
7971,Jennifer Williams,hendersonkaren@example.net,India,2021-01-27,Basic,15557.67
7972,Katherine Dixon,hodgesrandy@example.com,USA,2024-03-31,Standard,23440.43
7973,Jessica Jones,benjamin22@example.com,USA,2020-04-28,Standard,19335.39
7974,Angel Campbell,cheryl59@example.org,UK,2023-10-11,Premium,46291.24
7975,William Hoover,halealan@example.com,USA,2021-10-30,Premium,15088.92
7976,Kevin Allen,skelley@example.org,France,2020-10-03,Basic,39607.13
7977,John Jones,john87@example.net,Germany,2024-08-18,Standard,38010.27
7978,Cynthia Willis,odonnellmadison@example.net,France,2023-05-12,Basic,23108.29
7979,Angela Tran,pramirez@example.org,USA,2020-04-11,Basic,14923.64
7980,Danny Thomas Jr.,jason37@example.com,France,2020-03-16,Premium,44178.75
7981,Sarah Flores,lburch@example.com,Australia,2021-05-14,Standard,23175.75
7982,Robert Jackson,ericcoleman@example.com,Germany,2020-09-29,Standard,43363.78
7983,Maria Robinson,ericgray@example.net,UK,2023-05-12,Premium,45209.78
7984,Chris Griffin,pgarcia@example.com,Canada,2022-08-21,Basic,11217.74
7985,Dillon Meadows,nrobinson@example.net,Germany,2024-01-04,Standard,2246.23
7986,Monica Robertson,higginsautumn@example.org,USA,2021-06-11,Basic,2439.08
7987,Mary Ramirez,carolzavala@example.com,Canada,2024-01-20,Standard,26743.65
7988,Christopher Hunt MD,anthonyharvey@example.net,India,2022-06-13,Standard,14721.27
7989,Joshua Roth,cherylrussell@example.com,France,2022-09-01,Standard,2623.18
7990,Desiree Bailey,kayla94@example.com,India,2021-05-14,Premium,14425.32
7991,Richard Burke,fmorse@example.org,France,2022-02-21,Standard,17781.4
7992,Ricky Harris,amanda37@example.net,USA,2021-10-06,Standard,14470.4
7993,Jillian Chen DVM,travispeterson@example.org,USA,2024-11-04,Standard,38982.37
7994,Steven Rodriguez,hrivera@example.org,France,2024-04-19,Premium,18361.77
7995,Gregory James,wwallace@example.com,France,2020-03-04,Basic,11119.11
7996,Roberto Mendoza,christy18@example.org,Canada,2024-07-16,Standard,29812.1
7997,Courtney Diaz,kelseyvaldez@example.com,India,2021-09-06,Basic,46155.33
7998,George Arnold,hodgesbrian@example.net,France,2021-03-19,Premium,5102.76
7999,Blake Hall,lydiataylor@example.net,UK,2023-03-05,Standard,5525.79
8000,Andrew Cherry,iperez@example.org,France,2024-04-01,Basic,9298.9
8001,Patricia Williams,oryan@example.net,USA,2023-06-24,Standard,3385.1
8002,Jennifer Smith,nsmith@example.com,Germany,2024-01-12,Basic,21113.1
8003,Kimberly Lang,bedwards@example.net,Australia,2024-09-24,Premium,675.12
8004,Lori Juarez,millerandrew@example.net,India,2024-09-04,Standard,45928.48
8005,Matthew Fox,luisochoa@example.org,Canada,2020-09-24,Standard,16564.96
8006,Connor Williamson,gobrien@example.net,Germany,2021-12-24,Basic,22473.92
8007,Mary Brown,anthonyjessica@example.org,UK,2024-03-27,Premium,26981.33
8008,Phyllis Harris,carolinetapia@example.net,USA,2020-05-09,Basic,38106.78
8009,Justin James,pollardmatthew@example.net,Canada,2021-12-04,Standard,34251.16
8010,Patricia Short,mrobles@example.org,Australia,2020-12-16,Standard,23885.65
8011,James Donovan,bhoffman@example.net,Australia,2020-02-04,Basic,12534.9
8012,April Gibson,jacobbutler@example.net,France,2020-01-24,Basic,8391.59
8013,Patricia Schmidt,robertamiller@example.net,Canada,2024-12-04,Premium,15129.62
8014,Danielle Ibarra,rasmussenjason@example.net,Canada,2022-08-23,Standard,16289.92
8015,Connie Farmer,collinsnatalie@example.com,India,2020-10-21,Standard,30295.18
8016,Sabrina Allen,cmartinez@example.org,India,2020-02-08,Premium,48572.35
8017,Susan Hernandez,jenniferjackson@example.org,India,2024-03-25,Standard,22718.8
8018,Anna Davis,katherine06@example.org,India,2024-04-03,Basic,15657.03
8019,Rhonda Turner,srhodes@example.net,USA,2023-03-14,Standard,12546.04
8020,Lauren Nunez,zbass@example.com,Canada,2023-05-09,Standard,13064.4
8021,Wesley Williams,matthew19@example.net,Australia,2024-04-15,Basic,14278.6
8022,Lynn Taylor,patrickpaul@example.org,France,2020-10-27,Premium,31000.24
8023,Stephen Olson,dawnreed@example.com,France,2024-09-19,Basic,37521.26
8024,Christina Weiss,xkent@example.org,Canada,2022-11-27,Standard,18247.87
8025,Eric Andrade,xavier17@example.net,Australia,2024-11-25,Basic,11309.23
8026,Sherri Lewis,esmith@example.com,USA,2020-05-29,Basic,34227.1
8027,Kara Reese,bwalker@example.com,UK,2020-12-31,Premium,16041.29
8028,Ryan Sandoval,qwatson@example.net,USA,2021-03-16,Basic,29539.2
8029,Bryan Holloway,carsonkristin@example.net,USA,2022-10-14,Basic,17403.3
8030,Charles Morris,ipeters@example.org,Germany,2024-12-11,Standard,11199.36
8031,William Byrd,alyssa23@example.com,Germany,2024-11-27,Standard,39927.36
8032,Carlos Holloway,douglasturner@example.org,Germany,2020-08-10,Basic,12389.04
8033,Tiffany Thomas,coxlynn@example.com,Australia,2023-10-10,Standard,17085.31
8034,Adam Hubbard,chenedward@example.org,France,2022-06-06,Basic,10488.75
8035,Christopher Johnson,jimmy98@example.net,USA,2024-08-28,Standard,15580.29
8036,Melissa Bradley,janetgraham@example.com,Canada,2021-04-22,Premium,37931.83
8037,Jose Cannon,margaretlong@example.net,Australia,2022-10-10,Premium,28545.84
8038,Justin Rodriguez,griffinnicole@example.net,UK,2024-10-05,Basic,22985.95
8039,Jessica Hernandez,zfrye@example.net,India,2021-11-16,Standard,2336.64
8040,Kristen Floyd,tgray@example.com,Australia,2022-10-26,Standard,6363.12
8041,Holly Byrd,whitestephanie@example.com,Canada,2024-03-16,Standard,40960.79
8042,Edward Mendez,victoria82@example.com,Germany,2023-07-27,Premium,47365.77
8043,Julie Sanchez,lisa82@example.org,UK,2020-03-28,Basic,2801.54
8044,Matthew Hunt,sara28@example.org,France,2021-03-04,Basic,31739.09
8045,Dennis Wiley,fryrobert@example.com,France,2021-02-19,Standard,7700.4
8046,Brooke Rios,hooperlisa@example.com,France,2020-09-02,Standard,15027.77
8047,Jordan Pierce,romanbrandon@example.net,UK,2023-09-25,Standard,4026.94
8048,Derrick Gonzalez,bford@example.net,France,2020-02-21,Standard,18675.85
8049,Thomas Larsen,henryshaw@example.com,India,2020-04-23,Standard,25583.52
8050,Gina Morgan,fbass@example.org,Canada,2022-10-14,Basic,38557.67
8051,Curtis Larson,justin80@example.com,India,2021-12-11,Premium,12548.36
8052,Jane Mccarthy,ntaylor@example.net,Australia,2024-10-24,Basic,17328.44
8053,Vanessa Marquez,bryan51@example.org,India,2024-12-23,Basic,11238.37
8054,Sean Sloan,timothynelson@example.net,France,2020-04-28,Standard,12771.03
8055,Jack Young,zgonzales@example.net,Canada,2022-06-18,Premium,35676.24
8056,Alexander Bradley,joseph50@example.com,Germany,2023-03-09,Standard,24910.9
8057,Gilbert Wells,elizabethrobertson@example.net,Canada,2020-08-01,Standard,47474.75
8058,Fred Phillips,taradelgado@example.com,Australia,2020-03-26,Standard,39897.34
8059,Aaron Snyder,obrown@example.org,USA,2023-02-24,Standard,32514.8
8060,David Young,ibarnes@example.org,Australia,2021-03-17,Standard,970.73
8061,Lee Ramos,colecatherine@example.com,Canada,2024-06-25,Premium,20584.81
8062,Alison Rogers,jodisilva@example.com,Canada,2022-11-13,Premium,33513.78
8063,Donald Austin,delgadopaul@example.com,Germany,2023-02-01,Standard,47429.4
8064,Justin Lynch,robertthompson@example.com,Germany,2021-09-06,Standard,561.98
8065,Stephen Ibarra,harveyjose@example.com,Canada,2024-12-25,Standard,46983.43
8066,Amanda Schultz,hamiltonangel@example.com,UK,2021-03-01,Standard,2831.27
8067,Matthew Mckinney,fwiley@example.com,France,2022-10-30,Standard,25098.64
8068,Timothy Cline,nicholascarter@example.org,UK,2022-09-02,Standard,29822.76
8069,Daniel Thompson,rscott@example.com,Germany,2023-12-01,Premium,9573.39
8070,Eric Beltran,ylozano@example.com,USA,2024-05-18,Basic,1296.54
8071,Jennifer Wilson,wardsteven@example.net,Australia,2023-10-03,Premium,38296.55
8072,Melissa Matthews,gonzalesheather@example.net,India,2024-11-21,Premium,45831.39
8073,Alan Gross,taylorscott@example.org,Canada,2021-12-18,Standard,4892.74
8074,Luis Bowen,josephpierce@example.net,India,2022-03-10,Standard,7525.09
8075,Anthony Ortiz,charlotte50@example.org,Canada,2023-11-16,Standard,27907.68
8076,Catherine Wilson,xoliver@example.net,Germany,2022-02-08,Standard,14124.27
8077,Jill Curtis,fbates@example.com,Australia,2021-09-15,Standard,5817.55
8078,Eric Jenkins,robert95@example.org,Australia,2020-09-13,Standard,5782.7
8079,Javier Solis,warrensoto@example.org,Australia,2021-11-28,Standard,26829.27
8080,Robert Grimes,samanthahess@example.net,UK,2021-06-17,Standard,34284.07
8081,Kevin Boyd,clarksusan@example.org,Australia,2023-01-13,Basic,2382.72
8082,Kimberly Davidson,jessica35@example.net,UK,2022-10-01,Premium,29601.48
8083,Andrew Little,sarahcole@example.org,UK,2023-01-19,Standard,27884.54
8084,Derek Garcia,wallerchelsea@example.com,Canada,2022-08-11,Standard,8887.25
8085,Kathy Jones,stephanieschultz@example.net,India,2024-08-18,Standard,7888.51
8086,Scott Horton,ayalavicki@example.com,Germany,2022-12-04,Basic,36227.72
8087,John Jones,claireraymond@example.org,Australia,2020-07-17,Premium,33471.35
8088,Cynthia Friedman,dennisglass@example.org,Australia,2020-08-10,Standard,31650.45
8089,Timothy Allison,millermonique@example.com,Germany,2022-06-01,Standard,14207.62
8090,Melissa Soto,scottclaire@example.net,Germany,2023-06-08,Standard,36249.06
8091,Mary Everett,christianatkins@example.org,Canada,2020-02-01,Basic,11175.06
8092,Emily Hall,monica43@example.net,Canada,2020-10-31,Standard,47619.77
8093,Hannah Newman,marybeck@example.net,Germany,2021-01-16,Standard,31477.66
8094,Joseph Dixon,chasekim@example.net,Germany,2024-06-27,Premium,12839.63
8095,William Hayes,gregory30@example.org,Australia,2022-12-04,Standard,10300.54
8096,Paul Patel,xbrown@example.com,Germany,2023-03-09,Premium,19437.66
8097,Lori Gonzalez,lisabrown@example.org,USA,2021-11-20,Premium,21795.6
8098,Tara Miller,cfernandez@example.com,Germany,2021-03-17,Basic,22527.07
8099,Joseph Briggs,oware@example.net,India,2023-03-16,Standard,38166.79
8100,John Jones,jordanrebecca@example.com,Australia,2023-03-20,Premium,15285.67
8101,Jessica Henson,joshuamosley@example.org,Germany,2020-04-01,Standard,30420.24
8102,Michael Snyder,ijones@example.com,UK,2022-03-23,Standard,49845.93
8103,Leslie Knight,jonathon31@example.net,USA,2023-02-19,Basic,25238.66
8104,Anna Jones,hgarza@example.com,Australia,2023-11-19,Standard,10554.5
8105,Marissa Wilson,barbara93@example.org,Australia,2024-09-03,Premium,1715.38
8106,Megan Hill,ericperkins@example.com,UK,2023-12-26,Basic,17370.45
8107,Julie Soto,xshort@example.org,UK,2020-07-31,Basic,12087.3
8108,Andrew Williams,bradforderic@example.com,Germany,2021-02-25,Standard,39750.63
8109,Melissa Morales,elizabeth71@example.net,India,2021-09-05,Standard,18988.55
8110,Karen Bradley,josephdelgado@example.net,France,2022-02-02,Standard,29635.94
8111,John Villegas,deborahhernandez@example.com,USA,2020-11-06,Standard,18621.72
8112,Rebecca Johnson,maxbenson@example.org,Germany,2020-10-12,Standard,729.5
8113,Ian Bates,johnsoncarmen@example.net,India,2020-07-16,Standard,2973.09
8114,Leah White,alexandra61@example.org,Australia,2023-06-03,Basic,14574.61
8115,Colton Nguyen,gibsonmindy@example.org,UK,2020-04-13,Standard,49839.7
8116,Carol Pineda,jennifer93@example.net,UK,2022-05-18,Basic,25413.31
8117,Thomas Bennett,marco54@example.com,Canada,2022-09-25,Premium,28222.9
8118,Jason Thompson,patriciasharp@example.org,Australia,2020-01-17,Basic,28444.62
8119,Crystal Gonzalez,timothy08@example.org,Germany,2021-08-27,Standard,11921.39
8120,Sandra Mckinney,isimpson@example.org,Germany,2021-01-26,Premium,18937.58
8121,Cody Brown,randy55@example.com,UK,2021-10-02,Premium,39936.87
8122,Antonio Williams,victoriacline@example.net,Canada,2023-01-17,Standard,11065.97
8123,Ryan White,sean14@example.net,France,2022-12-23,Premium,29055.13
8124,Zachary Bailey,sheltonmichael@example.net,UK,2024-02-05,Standard,30792.89
8125,Desiree King,estradajennifer@example.com,France,2022-10-03,Standard,986.23
8126,Timothy Fox,sara27@example.org,France,2021-10-20,Basic,5407.19
8127,Ricardo Wiggins,marycummings@example.org,Australia,2021-05-16,Standard,32226.52
8128,Brenda Johnson,taylornicole@example.net,UK,2022-11-26,Standard,37754.28
8129,Jeremiah Waller,tonya10@example.org,USA,2024-03-10,Standard,34690.03
8130,Laura Wilson,emilylawrence@example.org,UK,2024-05-20,Standard,39942.52
8131,Bryan Serrano,claire19@example.org,USA,2024-08-19,Standard,22671.85
8132,Edward Wood,rodriguezbrittany@example.com,UK,2024-06-06,Standard,308.46
8133,Jocelyn Vega,paigedean@example.org,India,2023-10-06,Premium,11300.29
8134,Lisa Norton,xschneider@example.com,Australia,2022-04-25,Premium,19173.86
8135,Tyler Nelson,nalexander@example.org,Germany,2023-06-22,Basic,48782.13
8136,Bruce Cannon,lbridges@example.org,India,2023-03-29,Standard,32998.83
8137,Terri Webb,kleinbrian@example.net,Germany,2022-07-25,Basic,41320.68
8138,Ryan Roberts,therring@example.com,India,2023-04-22,Standard,31488.77
8139,Cheryl Hooper,flee@example.org,Canada,2024-05-08,Standard,45419.97
8140,Nicholas White,uharrison@example.com,UK,2023-12-19,Standard,21624.69
8141,Emily Walker,,France,2021-11-13,Basic,42505.06
8142,Dale Porter,nataliespence@example.net,USA,2020-09-22,Premium,26407.5
8143,Michelle Pollard,bondtasha@example.com,UK,2023-05-31,Standard,31780.79
8144,Vanessa Johnson,keithfrank@example.org,India,2023-10-16,Standard,40002.9
8145,John Howell,fgarcia@example.net,UK,2024-08-04,Standard,23734.4
8146,Dawn Miller,tracyhorton@example.org,France,2021-10-17,Basic,40534.65
8147,Katherine Park,nwalters@example.com,Canada,2020-05-31,Standard,15216.26
8148,Mrs. Amanda Brown DVM,xrandall@example.org,India,2024-03-13,Premium,48856.34
8149,Christopher Hunter,mayjennifer@example.net,France,2024-01-12,Premium,26880.89
8150,Marcus Camacho,mccormickjason@example.com,Canada,2021-02-22,Premium,3617.78
8151,Brandon Molina,hellis@example.net,Australia,2022-03-13,Standard,3932.79
8152,Jessica Mata,ywarren@example.org,UK,2022-01-02,Standard,3776.3
8153,Peter Brown DDS,richardnorris@example.net,Canada,2022-06-19,Premium,26697.38
8154,Daniel Martin,lutzdevin@example.org,France,2023-05-04,Standard,19094.36
8155,Angela Gomez,bpreston@example.net,France,2024-03-20,Premium,13252.16
8156,Judy Rodriguez,qwells@example.net,India,2023-02-08,Basic,33509.85
8157,Deanna Reynolds,cmoss@example.net,UK,2024-03-21,Standard,1322.91
8158,Eric Bailey,andersonricky@example.org,Germany,2023-09-06,Basic,4716.49
8159,Karen Wright,rodriguezjoseph@example.net,Germany,2024-04-03,Basic,6294.61
8160,Joy Garcia,alicia92@example.com,India,2022-10-10,Standard,39999.78
8161,Nicholas Mcdaniel,jasonriggs@example.net,India,2022-10-24,Standard,47405.9
8162,Stacy Ortega,robertfisher@example.com,Australia,2020-10-16,Standard,7236.43
8163,Bobby Chandler,ajones@example.net,UK,2023-08-29,Standard,28053.93
8164,Kelsey Hernandez,qstewart@example.com,France,2020-12-14,Standard,3263.19
8165,Kristina Lewis,opatterson@example.net,India,2022-05-03,Standard,14117.09
8166,Brooke Webster,wanda26@example.net,USA,2022-01-27,Premium,5271.87
8167,Daniel Miller,loripeterson@example.org,Australia,2022-06-06,Basic,28161.91
8168,Debra Campbell,vjones@example.net,India,2022-01-11,Premium,49165.34
8169,Karina Graham,srice@example.com,Australia,2022-08-10,Standard,11649.65
8170,Ethan King,perezjeanette@example.com,UK,2022-01-03,Premium,43706.33
8171,Amanda Hernandez,tthomas@example.com,France,2020-08-02,Standard,22576.75
8172,Mrs. Jennifer Burke,jonesjorge@example.net,Germany,2020-01-26,Standard,28668.98
8173,Amy Patterson,michelle50@example.org,USA,2023-03-17,Premium,49966.26
8174,Melanie Thomas,tiffanywells@example.org,UK,2021-09-04,Premium,33063.05
8175,Lynn Clark,jennifersmith@example.org,Germany,2022-05-29,Standard,3553.53
8176,James Miles,justinbrown@example.net,USA,2022-08-01,Standard,40381.28
8177,Robin Larson,jennifer87@example.net,Canada,2020-04-09,Standard,15803.65
8178,Paul Ruiz,williamsmark@example.com,India,2020-03-16,Basic,22940.46
8179,Jerry Torres,alicia79@example.com,France,2023-05-14,Standard,13512.78
8180,Alexander Herrera,mary55@example.org,India,2022-04-08,Basic,1463.34
8181,Jason Torres MD,michellearmstrong@example.org,USA,2021-07-09,Basic,22541.71
8182,Laura Collins,jennifer04@example.org,USA,2022-01-01,Standard,30710.5
8183,Frank Garza,josephmegan@example.org,Australia,2020-04-02,Standard,30253.0
8184,Charles Simmons,regina67@example.net,USA,2023-02-03,Standard,35430.15
8185,Chad Perez,rachel17@example.net,UK,2024-12-13,Basic,30782.04
8186,Eric Byrd,medinajanet@example.com,India,2021-10-20,Basic,20285.57
8187,Tammy Reyes,richard21@example.net,UK,2020-05-20,Premium,19326.89
8188,Sabrina James,echristensen@example.com,USA,2024-12-06,Standard,40472.33
8189,Christopher Romero,rtucker@example.com,UK,2021-05-02,Basic,35170.87
8190,Regina Ryan,donna39@example.org,Germany,2021-04-08,Standard,46280.44
8191,Katie Russell,logangraves@example.net,UK,2022-05-29,Premium,41842.14
8192,John Willis,larsonjessica@example.net,India,2020-04-26,Basic,30167.78
8193,Matthew Cabrera,stephanielewis@example.org,France,2023-08-06,Standard,39361.59
8194,Christopher Coleman,qterry@example.org,USA,2022-02-16,Standard,1968.85
8195,Jenna Casey,kirbykaren@example.org,Australia,2023-07-16,Premium,14116.85
8196,Erin Torres,flowersjennifer@example.net,UK,2020-08-28,Standard,23247.57
8197,Andrew Harrington,hensleymatthew@example.com,UK,2023-08-08,Standard,38767.38
8198,Timothy Griffin,brewercalvin@example.org,France,2021-07-22,Basic,29588.01
8199,Shane Herrera,broberts@example.net,Germany,2024-09-14,Standard,23418.12
8200,Travis Montgomery,sarah52@example.com,Australia,2020-02-20,Standard,40425.37
8201,Ashley Singh,marie64@example.org,India,2024-05-01,Premium,44612.48
8202,Dr. Justin Garcia,jasonturner@example.net,Canada,2022-08-31,Premium,3683.62
8203,Jennifer Gordon,charlenerichardson@example.net,Germany,2021-09-19,Basic,43094.97
8204,Kristy Khan DVM,zmurphy@example.org,France,2024-04-13,Standard,45381.91
8205,Robert Burns,reeddonald@example.net,France,2021-06-12,Basic,40812.08
8206,Cheryl Harrington,christyjohnson@example.net,Australia,2020-06-09,Standard,5252.84
8207,Andrew Davenport,rthompson@example.org,Australia,2022-10-29,Premium,5420.19
8208,Richard Goodman,ydavis@example.org,France,2021-08-15,Standard,2698.33
8209,Steven Smith,oscott@example.net,India,2023-06-06,Standard,8594.04
8210,Chris Smith,gmcfarland@example.com,India,2020-03-07,Standard,4397.94
8211,Kathleen Anthony,seth15@example.com,Australia,2023-12-06,Standard,42475.49
8212,Charles Vaughn,tyler46@example.net,UK,2023-01-31,Standard,11694.87
8213,Sandy Bryant,christine09@example.com,France,2020-08-07,Standard,33213.24
8214,Tammy Johnson,candace05@example.com,Canada,2020-02-02,Basic,46288.33
8215,Carl Larsen,iduran@example.net,UK,2023-06-21,Premium,28420.59
8216,Amy Davis,anthonymcdonald@example.org,India,2021-03-12,Basic,1423.03
8217,Travis Hill,abuckley@example.net,USA,2023-02-14,Standard,12265.77
8218,Matthew Mccall,bdennis@example.com,India,2020-06-12,Basic,2864.52
8219,Victoria Dean,smithdiana@example.net,France,2023-01-26,Basic,29221.99
8220,Christopher Campbell,michael57@example.org,UK,2024-09-09,Standard,17464.38
8221,William Mcguire,gonzalesnicole@example.net,Canada,2020-04-01,Basic,47866.52
8222,Mark Cooper,coconnell@example.com,France,2024-05-30,Standard,22872.46
8223,Daniel Fitzpatrick,mary43@example.net,India,2022-06-09,Standard,48080.3
8224,Anthony Clark PhD,jason92@example.net,Australia,2021-12-29,Basic,34754.08
8225,Timothy Pearson,johnathancraig@example.org,USA,2024-01-14,Standard,35911.08
8226,Jason Gibbs,dgomez@example.com,USA,2024-09-29,Basic,39659.71
8227,Michael Collier,reedbruce@example.net,Canada,2022-01-07,Basic,42305.3
8228,Brett Dixon,jbond@example.org,UK,2022-04-12,Standard,33096.57
8229,Phillip Hatfield,sabrinawright@example.org,Canada,2022-11-27,Premium,24010.2
8230,Stephanie Moore,davisthomas@example.com,Canada,2021-10-04,Standard,33222.69
8231,Todd Allen,kleon@example.org,USA,2020-07-09,Premium,46276.88
8232,Ralph Sparks,lorireese@example.org,USA,2022-02-05,Standard,39572.44
8233,Kathleen Harrison,michael31@example.org,Australia,2023-12-27,Standard,30487.01
8234,Laura Patterson,mlee@example.com,Germany,2020-07-02,Premium,392.59
8235,Michael Kennedy,nicholas74@example.com,UK,2021-03-31,Standard,23936.78
8236,Katherine Lawson,wendy25@example.com,USA,2021-01-15,Standard,30415.49
8237,Andrea Johnson,danielbrown@example.net,India,2024-12-28,Basic,19490.2
8238,Carlos Lee,collinsmary@example.org,UK,2021-03-23,Standard,40592.2
8239,Dillon Cooper,jking@example.com,Germany,2021-11-06,Premium,43857.7
8240,Chad Jones,theresasmith@example.com,Canada,2021-05-16,Standard,20092.14
8241,Elaine Holmes,charlenecaldwell@example.com,Canada,2022-07-17,Standard,29838.91
8242,Carlos Gordon,marcus81@example.org,India,2023-10-27,Basic,33164.82
8243,Susan Hamilton,hodgeheather@example.net,France,2024-05-04,Standard,24351.28
8244,Alyssa Riley,jessicaweaver@example.com,Canada,2020-03-17,Standard,35895.63
8245,Billy Richardson,pateljoseph@example.com,USA,2024-10-24,Premium,34810.95
8246,Robert Brown,jon31@example.net,Australia,2020-10-22,Basic,49279.67
8247,Ronald Evans,jeffreyramos@example.com,UK,2023-03-04,Basic,48247.45
8248,Madeline Howard,suarezjeffrey@example.net,UK,2024-06-27,Premium,41704.17
8249,Jeff Ramirez,isaac32@example.com,France,2020-12-29,Standard,31094.79
8250,Matthew Rowe,danielleblake@example.org,USA,2021-11-25,Basic,453.69
8251,Daisy Cooper,michael46@example.org,France,2021-12-12,Basic,39833.99
8252,Darryl Clements,michael85@example.net,India,2022-12-12,Basic,2863.6
8253,Sarah Moreno,robinsonjoseph@example.com,Canada,2023-06-03,Standard,20822.38
8254,Patrick Ray,jason91@example.org,Canada,2023-10-07,Standard,28136.22
8255,Andrea Mcdowell,dustinhuff@example.org,Canada,2024-06-30,Basic,37374.56
8256,Ruben Simmons,wbarnes@example.org,France,2023-10-19,Premium,47383.19
8257,Christine Shelton,hernandezdana@example.net,Canada,2022-08-02,Premium,33662.04
8258,Colleen Davis,znguyen@example.org,Germany,2023-04-07,Premium,38212.7
8259,Willie Leach,laurie98@example.net,Germany,2023-04-21,Standard,48578.52
8260,Angela Smith,alexandra04@example.org,Canada,2024-05-12,Standard,38231.69
8261,Sherry Brown,vortiz@example.net,France,2024-10-09,Basic,35473.38
8262,Ryan Howell,pmoore@example.org,Germany,2024-09-04,Standard,6480.05
8263,Janice Ayala,joseph46@example.com,France,2023-06-23,Standard,3161.93
8264,Susan Thomas,kevin88@example.com,France,2020-04-03,Standard,24740.13
8265,Brittany Ford,ortizdonna@example.net,Australia,2023-05-30,Basic,47439.51
8266,Stephanie Martin,michaelclark@example.org,USA,2020-03-13,Basic,42818.31
8267,Jennifer Thomas,matthewjohnson@example.org,Australia,2020-05-06,Basic,36259.5
8268,Alexandria Pierce,alvarezsharon@example.net,India,2022-07-23,Premium,49392.51
8269,John Shelton,brittany31@example.com,Canada,2022-07-27,Standard,6897.01
8270,John Carson,dharris@example.com,India,2021-03-01,Standard,37557.58
8271,John Benson,abryant@example.net,Germany,2020-12-10,Basic,41115.17
8272,Mr. Colton Knight,jgiles@example.net,India,2024-02-25,Standard,31939.94
8273,Jeremy Martinez,gabrielle50@example.org,France,2020-12-06,Basic,41440.65
8274,Karen Thomas MD,terri97@example.org,USA,2024-08-15,Standard,38252.4
8275,Anthony Hernandez,claudialowe@example.com,France,2021-07-24,Standard,12012.92
8276,Joshua Wells,oalexander@example.com,Germany,2021-09-10,Standard,31321.23
8277,Desiree Mason,nicholastodd@example.org,France,2022-09-16,Standard,23175.83
8278,Tammy Warren,willisjames@example.org,USA,2022-03-12,Basic,7452.36
8279,Eduardo Rose,alvarezmichael@example.com,Canada,2024-10-20,Standard,35679.55
8280,Sandy Hall,simskathryn@example.com,Canada,2021-08-10,Standard,48877.79
8281,Alyssa Johnson,brentjohnston@example.com,India,2024-08-11,Basic,7544.33
8282,Karen Ortiz,thomasholmes@example.org,Australia,2024-10-07,Basic,40271.66
8283,Danielle Ware,masseymatthew@example.net,Australia,2023-11-12,Premium,44414.37
8284,Christine Gonzalez,williamcooper@example.net,USA,2024-04-29,Standard,30290.17
8285,Devon Moyer,gjohnson@example.net,France,2023-02-04,Standard,43017.78
8286,Daisy Taylor,randolphscott@example.com,Australia,2020-01-12,Standard,45359.17
8287,Amanda Garza,edavila@example.net,UK,2024-01-06,Standard,15134.11
8288,Megan Price,charles31@example.net,Germany,2020-08-10,Basic,12490.8
8289,Carla Russell,kimberlygriffin@example.com,Australia,2024-01-01,Standard,38360.52
8290,Jasmine Harris,ephillips@example.org,Canada,2024-06-28,Standard,5736.98
8291,Kimberly Todd,shannonatkinson@example.com,Australia,2023-02-05,Premium,15524.6
8292,Gabriel Dillon,jeffreygreene@example.com,Australia,2023-08-03,Standard,21361.68
8293,Mr. Brian Moses,boydkathleen@example.com,India,2022-01-29,Basic,1323.64
8294,David Clark,danieljimenez@example.net,Germany,2020-03-26,Standard,42061.47
8295,Charles Wilkins,darlene09@example.net,UK,2021-04-09,Standard,33773.23
8296,Victoria Beltran,brianevans@example.com,Canada,2020-09-25,Premium,32051.39
8297,Madison Gonzalez,daniellehuber@example.com,UK,2023-03-26,Basic,39021.94
8298,Sarah Gonzalez,margaretmoore@example.org,Germany,2023-12-27,Basic,2701.31
8299,Warren Brown,courtneyjones@example.net,Australia,2022-01-17,Standard,34435.96
8300,Nicholas Hill,ogarcia@example.com,India,2023-03-25,Basic,47731.03
8301,Shawn Alvarado Jr.,jacobharrington@example.org,Australia,2023-06-04,Standard,5899.87
8302,Samantha Williams,erikacraig@example.com,USA,2021-03-15,Basic,19902.17
8303,Victoria Carter,trevinojessica@example.com,Canada,2021-01-18,Standard,9594.06
8304,Jordan Smith,brian76@example.org,Germany,2022-05-02,Premium,39835.57
8305,Tommy Jackson DDS,johnrobinson@example.com,USA,2021-04-13,Standard,32928.91
8306,Norma Harris,adkinserin@example.net,France,2020-07-19,Basic,23473.51
8307,Robert Daniel,thomascox@example.com,USA,2021-09-10,Standard,45855.84
8308,Karen Hernandez,nicole63@example.com,Germany,2020-04-10,Standard,18014.25
8309,Drew Miller,bennettdavid@example.com,Germany,2024-05-17,Standard,38205.68
8310,Dr. Jean Campbell,stephanie20@example.org,India,2023-05-31,Basic,40824.57
8311,Austin Martinez,jon16@example.org,USA,2024-12-07,Standard,34141.26
8312,Jason Wright,jsmith@example.org,India,2023-09-23,Standard,10906.91
8313,Lisa Holmes,lindawhite@example.org,UK,2020-11-05,Basic,691.29
8314,Dana James,bgonzales@example.net,France,2022-10-03,Standard,48068.91
8315,Christina Evans,michaelschroeder@example.com,UK,2020-04-19,Standard,43155.98
8316,Michael Mason,gregorydavid@example.com,India,2024-08-10,Premium,47408.93
8317,Whitney Baker,michellegolden@example.net,UK,2022-05-12,Basic,10343.79
8318,Peter Powell,parkersherri@example.org,India,2020-07-08,Premium,2243.76
8319,Dr. Ana Anderson MD,colemandavid@example.net,UK,2023-12-08,Standard,37181.46
8320,Paula Price,shelby97@example.com,Germany,2022-07-22,Premium,48203.97
8321,Kenneth Lee,ulindsey@example.net,France,2024-11-18,Basic,27975.11
8322,Elizabeth Young,scott90@example.net,Germany,2021-09-15,Standard,45464.73
8323,Stephen Miller,vrodriguez@example.com,Australia,2021-06-16,Basic,2061.84
8324,Jamie Young,jennifermaxwell@example.net,Germany,2021-12-06,Basic,26285.72
8325,Joseph Walters,samantha99@example.com,India,2020-01-04,Standard,11553.43
8326,Michele Brewer,paulking@example.org,UK,2022-12-29,Standard,45990.78
8327,Alec Campbell,johnathanrodriguez@example.com,Germany,2020-09-22,Premium,233.2
8328,Daniel Rodriguez,hopkinslori@example.com,India,2021-03-11,Premium,22514.54
8329,Mario Mitchell,qgarcia@example.org,India,2021-09-15,Standard,27284.02
8330,Virginia Richards,osaunders@example.net,USA,2020-04-20,Standard,21898.99
8331,James Griffin,marygarcia@example.net,Canada,2023-11-14,Standard,34939.53
8332,Maria Ferguson,bryantlaura@example.com,Canada,2021-02-21,Standard,19838.44
8333,Susan Buchanan,courtney34@example.com,India,2023-02-03,Standard,36560.05
8334,Taylor Black,vzimmerman@example.net,UK,2022-10-01,Premium,35497.79
8335,Amy Riggs,sandra27@example.org,India,2023-02-06,Standard,4130.13
8336,Savannah Brooks,zwiley@example.org,Germany,2020-03-04,Standard,34462.92
8337,Amber Morris,robertdunn@example.net,Canada,2023-08-08,Basic,6528.18
8338,Kristen Reynolds,lawrenceklein@example.org,Australia,2024-03-17,Standard,2478.05
8339,Brian Harrison,fhayes@example.org,USA,2024-05-16,Premium,22644.66
8340,Tammy Whitney,snowmitchell@example.net,India,2020-01-04,Standard,7761.68
8341,Brittany Snyder,ballardjames@example.com,France,2021-12-31,Standard,35298.93
8342,Vincent Brewer,tylergreen@example.com,USA,2022-04-09,Standard,7203.04
8343,Keith Friedman,xruiz@example.org,Canada,2022-04-08,Standard,49788.65
8344,David Moore,dean55@example.com,UK,2023-06-16,Standard,5824.93
8345,Gerald Wallace,rodriguezmary@example.org,Germany,2020-03-07,Standard,42486.09
8346,Ryan Parks,sharon04@example.org,Germany,2022-05-30,Basic,5681.68
8347,Christina Blackwell,alyssamoore@example.net,UK,2022-03-31,Standard,6286.0
8348,Matthew Ward,jeremyharvey@example.org,Canada,2021-06-06,Basic,30649.59
8349,Elijah Spencer,johnhernandez@example.net,Canada,2020-01-23,Standard,33835.46
8350,Amy Sanders,ewarren@example.net,India,2024-01-09,Standard,171.61
8351,Jeffrey Patrick,amysilva@example.net,UK,2024-03-19,Basic,3307.45
8352,Patricia Lee,shelly71@example.org,India,2024-03-03,Premium,19609.09
8353,Robert Chang,karen58@example.net,France,2022-04-27,Premium,34320.13
8354,Sean Moss,bradleylisa@example.net,UK,2023-04-05,Basic,16631.26
8355,David Lee,bradleymark@example.net,India,2022-01-26,Standard,32828.82
8356,Ryan Torres,leonardtammy@example.net,Germany,2023-08-22,Standard,29047.33
8357,Nicole Barnett,johngonzalez@example.com,UK,2023-05-25,Standard,25834.64
8358,Mr. David Mcgee,nguyenrebecca@example.org,France,2023-01-23,Standard,6038.86
8359,Laurie Schmidt,ashley81@example.com,India,2024-10-08,Basic,32744.43
8360,Erica Gilbert,bellrobert@example.com,Australia,2022-01-06,Standard,28699.97
8361,Wyatt White,brianperry@example.com,France,2021-06-19,Premium,35970.0
8362,Robert Mendoza,mary80@example.com,USA,2024-08-19,Standard,8205.19
8363,Valerie Rodriguez,christineberger@example.com,UK,2022-03-19,Premium,12302.66
8364,Mark Gibson,williamspears@example.com,USA,2023-12-03,Standard,48982.95
8365,Ryan Gonzalez,ajordan@example.com,Australia,2022-12-17,Standard,41888.92
8366,Annette Snyder,vsmith@example.com,USA,2022-11-24,Standard,22308.18
8367,Jo Garcia,dennistony@example.org,UK,2024-11-20,Standard,13623.56
8368,Carol Grimes,michael84@example.org,India,2024-12-29,Standard,35684.12
8369,Charles Anderson,robinsonheidi@example.net,Germany,2022-02-17,Standard,46927.13
8370,Nichole Peters,egrimes@example.org,Canada,2023-01-29,Standard,29831.14
8371,Michael Perkins,qmoore@example.org,India,2024-08-14,Premium,5878.99
8372,Natalie Sosa,michael36@example.net,UK,2024-10-28,Premium,16298.73
8373,Angela Williams,,Germany,2021-02-09,Standard,9160.69
8374,Dustin White PhD,bobfernandez@example.org,Germany,2022-05-10,Standard,26961.31
8375,Stephanie Bradford,michael51@example.org,UK,2022-12-12,Standard,49160.39
8376,John Contreras,tgibson@example.net,USA,2024-03-12,Standard,48471.56
8377,Monique Mendez,loganberry@example.net,India,2020-05-22,Basic,18001.35
8378,Sarah Valdez,timothystewart@example.org,Australia,2022-04-06,Basic,25424.19
8379,Dr. Christopher Taylor,wgonzalez@example.net,France,2024-10-02,Standard,5974.87
8380,Zachary Rodriguez,leetracey@example.org,Germany,2021-09-11,Premium,44453.46
8381,Johnathan Davis,eric50@example.org,Canada,2021-07-27,Basic,6649.19
8382,Kimberly Richardson,charleswilson@example.net,France,2024-05-16,Basic,18462.01
8383,Marisa Mccoy,zmontgomery@example.org,France,2021-07-19,Basic,38431.55
8384,Alexander Murphy,tmunoz@example.org,France,2020-05-31,Standard,43976.15
8385,Christopher Page,rodriguezerika@example.com,India,2022-03-05,Basic,17695.96
8386,Andrew Wood,alecpena@example.org,UK,2020-02-16,Standard,24846.68
8387,Jennifer Reed,jacobwilliams@example.org,France,2024-03-01,Basic,5438.04
8388,Caitlin Blackwell,alester@example.com,USA,2020-10-12,Standard,29661.47
8389,Wendy Mason,brandon13@example.com,Germany,2022-05-31,Premium,15341.96
8390,Alejandro Gilbert,jennifermathis@example.net,UK,2021-08-02,Standard,7225.52
8391,Krista Colon,emorris@example.net,Australia,2021-02-17,Standard,43412.31
8392,Edward Stanley,jeffrey02@example.net,India,2020-07-30,Basic,128.06
8393,Brandy Elliott,hdelgado@example.org,Germany,2023-02-24,Basic,17896.59
8394,Mathew Hendricks PhD,htaylor@example.net,Germany,2022-12-21,Standard,47434.8
8395,Kenneth Jensen,angela29@example.com,Canada,2022-08-06,Premium,17496.66
8396,Charles Shaw Jr.,gbell@example.com,Australia,2022-05-22,Premium,5902.66
8397,Ryan Johnson,ferrellnicole@example.net,USA,2024-03-22,Standard,26132.23
8398,Heather Lee,acollins@example.net,Canada,2024-12-12,Premium,45779.12
8399,Kristin Wilson,smithashlee@example.net,USA,2023-04-03,Standard,34069.86
8400,Kyle Daniel,scott59@example.com,India,2021-06-25,Standard,31817.43
8401,Stephanie Hansen,nicole37@example.org,Australia,2020-05-03,Standard,36103.74
8402,Christine Parker,petersandre@example.net,India,2021-06-28,Basic,24842.52
8403,Randy Smith,robert08@example.com,UK,2021-02-27,Premium,5929.92
8404,Connie Jackson,kathy34@example.org,USA,2024-11-28,Basic,30254.47
8405,Katelyn Horn,courtneyanderson@example.org,France,2022-07-14,Standard,43028.97
8406,Douglas Parker,janeclarke@example.net,France,2022-12-30,Standard,31706.72
8407,Rhonda Gomez,kristinamoreno@example.com,Australia,2020-02-27,Standard,46758.56
8408,Melissa King,laurabriggs@example.com,Australia,2023-03-14,Basic,11094.3
8409,David Anderson,scarroll@example.org,Germany,2020-12-05,Standard,27096.06
8410,Breanna Lopez,jimmygarner@example.net,Germany,2020-01-16,Standard,41453.6
8411,Mark Santos,aliciabeltran@example.net,Germany,2023-08-17,Basic,48165.46
8412,Megan Cowan,ojohnson@example.com,Germany,2020-09-10,Standard,19888.54
8413,Philip Johnson,daniel06@example.net,France,2024-07-19,Standard,38372.76
8414,Kara Day,jacob23@example.net,Canada,2021-12-18,Basic,23423.84
8415,Kari Harris,jsimon@example.org,France,2022-03-18,Premium,45477.45
8416,William Bond,kmartin@example.net,Germany,2023-08-07,Standard,23566.17
8417,Robin Adams,randydavis@example.net,Germany,2021-06-22,Standard,29161.38
8418,Nancy Spencer,changdeborah@example.com,France,2023-01-05,Basic,36427.13
8419,William Mills,blankenshipkevin@example.com,Canada,2023-07-05,Basic,15700.38
8420,Patricia Little,bdalton@example.com,France,2024-08-23,Standard,12707.29
8421,Carrie Gonzalez,jmejia@example.com,Canada,2021-06-06,Standard,42514.95
8422,James Munoz,druiz@example.org,India,2024-09-23,Standard,45290.77
8423,Megan Jones,stephaniekeller@example.com,USA,2023-04-12,Standard,19341.51
8424,Renee Reynolds,shannon68@example.net,Canada,2022-12-26,Standard,32744.19
8425,Matthew Jones,jonesrobin@example.net,UK,2021-09-28,Standard,17797.36
8426,Adam Todd,justin70@example.org,Germany,2024-06-23,Standard,1646.53
8427,Steven Davis,timothy90@example.com,Canada,2023-01-23,Standard,17110.04
8428,Joseph Harris,jwright@example.org,France,2020-02-15,Standard,46052.99
8429,Jeremy Hernandez,warnersteven@example.com,Germany,2024-07-28,Basic,31877.84
8430,Lindsey Martinez,lauren52@example.net,Australia,2023-04-03,Basic,23156.86
8431,Jessica Wood,sarah39@example.com,France,2024-09-15,Basic,48309.71
8432,Diane Anderson,jessicarichards@example.net,UK,2024-02-29,Basic,22576.93
8433,Rebecca Thomas,robertmcdowell@example.com,Canada,2021-04-10,Basic,24894.28
8434,Abigail Rodriguez,bradfordwendy@example.com,UK,2023-04-12,Basic,27652.98
8435,Kendra Price,larsondana@example.com,UK,2023-12-03,Standard,49800.27
8436,James Porter,ipowell@example.org,USA,2023-12-12,Standard,2043.27
8437,George Barker,bcollier@example.com,Canada,2020-07-09,Standard,2933.78
8438,Jennifer Bell,jacksonkevin@example.org,Germany,2020-08-31,Standard,40337.88
8439,Stephen Becker,brandonsmith@example.com,Canada,2021-12-21,Standard,19457.68
8440,Laura Rosario PhD,alexa34@example.org,Australia,2023-10-30,Standard,43008.05
8441,Julie Vincent,ofrancis@example.com,UK,2023-07-13,Premium,31358.26
8442,Jennifer Wright,awilson@example.com,Germany,2024-10-16,Standard,19456.42
8443,Mrs. Patricia Olson,brian95@example.org,USA,2021-12-23,Premium,35803.28
8444,Maria Jackson,currycassandra@example.net,Germany,2024-08-28,Standard,11891.19
8445,Matthew Patterson,christinataylor@example.net,USA,2022-10-10,Standard,30240.34
8446,Jennifer Green,ingramjoseph@example.com,India,2022-05-07,Standard,34137.68
8447,Stephanie Hawkins,kristin02@example.net,India,2024-09-29,Premium,4441.22
8448,Tonya Ashley,rharris@example.org,Australia,2021-04-27,Premium,41085.94
8449,Evan Novak,hannahobrien@example.net,Canada,2024-11-12,Standard,8015.24
8450,Elijah Jones,kirbycarl@example.net,USA,2020-02-14,Standard,35575.67
8451,John Golden MD,ericagibson@example.net,Canada,2024-10-02,Standard,22579.47
8452,Julie Martinez,matthew49@example.net,USA,2023-10-21,Standard,9499.89
8453,Katie Turner,stonecharles@example.org,Australia,2021-10-12,Standard,24155.36
8454,Christopher Smith,ahenderson@example.com,India,2022-08-12,Standard,30657.47
8455,Ashley Schmidt,mroberts@example.org,Australia,2022-08-01,Standard,35547.02
8456,Damon Williams,tcarson@example.com,UK,2021-12-31,Standard,22629.08
8457,Mrs. Julie Ellis,john96@example.com,Australia,2020-05-24,Basic,7524.95
8458,Ann Castillo,timothy98@example.net,India,2020-01-26,Premium,12648.67
8459,Charles Mendez,markbarrera@example.org,USA,2020-10-09,Basic,13346.9
8460,Kerry Benitez,matthew67@example.net,Australia,2020-04-12,Standard,13777.33
8461,Hector Kelley,wilkinscory@example.org,Germany,2023-12-08,Standard,38321.97
8462,Victoria Ellis,joshuapennington@example.org,India,2021-12-16,Standard,46365.86
8463,Angela Davis,brianwatson@example.com,France,2023-10-06,Basic,7459.0
8464,Brenda Buchanan,williamsjessica@example.com,France,2024-06-18,Basic,812.03
8465,Jennifer Hartman,christopher62@example.net,UK,2021-07-23,Premium,36773.65
8466,Kyle Baker,paul05@example.com,India,2022-11-23,Premium,43478.25
8467,Matthew Brown,ashleycastillo@example.net,Australia,2022-09-11,Standard,11919.08
8468,Christina Obrien,markmartinez@example.com,France,2020-07-24,Premium,19371.54
8469,John Hubbard,iyoung@example.net,USA,2022-11-29,Standard,17699.79
8470,Joseph Montgomery,robert79@example.com,France,2024-06-07,Basic,18611.82
8471,Dale Watts,patrick80@example.net,UK,2024-09-17,Basic,29073.55
8472,Michael Hopkins,jkim@example.org,India,2024-09-07,Basic,10691.07
8473,Colleen Watts,alicia86@example.net,UK,2021-05-06,Premium,24971.11
8474,Shelly Johnson,riveradarren@example.org,Canada,2022-07-12,Standard,33640.99
8475,Brenda Mcgee,hleblanc@example.net,Australia,2020-01-09,Standard,32343.68
8476,Stephen Diaz,marcroberson@example.com,Germany,2023-03-07,Basic,9665.14
8477,Kelly Dominguez,michaelbennett@example.org,Canada,2023-08-19,Premium,33950.87
8478,Troy Beck,scottmaddox@example.org,UK,2022-03-07,Premium,8979.37
8479,Amanda Thomas,conradchristopher@example.net,Canada,2022-05-10,Standard,28321.7
8480,Carol Powell,davisstephanie@example.net,Canada,2023-07-17,Basic,41773.79
8481,Robert Buck,cobbdeborah@example.net,Australia,2021-03-09,Standard,46463.64
8482,Charles Lee,psteele@example.com,India,2023-06-24,Basic,9269.7
8483,Mikayla Mccarty,pottervictoria@example.com,India,2021-01-25,Standard,47449.99
8484,Randy Johnson,monicajackson@example.org,France,2021-12-21,Standard,22949.79
8485,Katherine Caldwell,montgomerymelissa@example.net,France,2022-11-04,Standard,46933.7
8486,Dana Downs,obrienmatthew@example.com,Germany,2021-03-22,Basic,3450.04
8487,Kevin Wright,patricksalinas@example.com,UK,2020-09-10,Premium,2029.78
8488,Nicholas Mooney,ylevine@example.org,USA,2022-12-15,Basic,12717.29
8489,Joan Anderson,nhenderson@example.net,France,2024-08-19,Standard,29996.72
8490,Carrie Rose,smithmadison@example.net,Australia,2022-05-12,Basic,19181.39
8491,Samantha Gregory,zsmith@example.net,Canada,2020-12-22,Standard,9762.51
8492,Jimmy Sanchez,perrymoore@example.net,USA,2021-02-01,Standard,11637.43
8493,Kimberly Scott,elizabeth97@example.com,Canada,2024-02-06,Basic,3721.15
8494,Melanie Rogers,kendramaldonado@example.net,France,2022-11-15,Standard,18958.43
8495,Alex Moody,ebryant@example.org,France,2020-09-15,Premium,221.98
8496,Olivia Cole,rileynicole@example.org,UK,2021-03-13,Premium,4343.48
8497,Emily Rocha,parkmark@example.org,USA,2021-02-08,Standard,43308.01
8498,Kristina Franco,heatherli@example.com,Australia,2021-10-20,Premium,7351.35
8499,Alexis Thompson,wagnerdenise@example.net,USA,2023-01-23,Standard,37455.02
8500,Elizabeth Burke,wrightmelissa@example.org,USA,2023-10-28,Basic,15846.27
8501,Timothy Bentley,delgadonatasha@example.com,France,2022-01-15,Standard,36793.37
8502,Jane Lloyd,ereed@example.org,Germany,2020-07-23,Standard,8409.1
8503,Sarah Kennedy,nwashington@example.com,Germany,2024-03-30,Premium,20071.44
8504,Ms. Tamara Gonzales,timothywalter@example.net,USA,2020-12-28,Standard,25975.8
8505,Joshua Norris,downsjared@example.net,France,2021-06-30,Basic,48003.29
8506,Ashley Barrera MD,danielmorse@example.net,Australia,2022-07-11,Premium,48804.41
8507,Sarah Gonzalez,xray@example.net,Germany,2023-09-18,Basic,13008.44
8508,Miguel Anderson,riverarichard@example.org,France,2024-10-23,Standard,29021.53
8509,Ian Serrano,ycole@example.com,India,2024-05-28,Basic,24604.37
8510,Teresa Sherman,brooksdebra@example.org,India,2023-12-29,Standard,40941.83
8511,Adam Smith,courtney05@example.org,Canada,2020-01-04,Standard,44317.21
8512,Steven Higgins,aaron98@example.net,Australia,2022-05-07,Standard,34769.25
8513,Shane Thomas,butlerstanley@example.org,USA,2024-03-28,Basic,17197.8
8514,David Farmer,mary15@example.com,UK,2023-08-28,Standard,27550.6
8515,Jon Lopez,jkaiser@example.net,France,2021-08-17,Standard,27418.0
8516,Lori Perkins,christina74@example.com,Germany,2024-12-15,Premium,279.82
8517,Joseph Henderson,nicholas16@example.org,France,2023-12-19,Standard,20887.05
8518,Justin Spencer,emily97@example.net,Germany,2024-02-21,Standard,43389.61
8519,Ashley Marks,wmartinez@example.org,Australia,2023-06-17,Premium,45253.61
8520,Joseph Taylor,sheltonallison@example.org,Germany,2020-06-26,Standard,47679.44
8521,Matthew Espinoza,michaelwilliams@example.net,USA,2020-08-19,Standard,20004.39
8522,Nicole Charles,robertsellen@example.net,India,2023-06-23,Standard,25681.21
8523,John Thompson,joel67@example.net,Australia,2020-01-01,Basic,34382.17
8524,Jill Guerrero,debra61@example.com,India,2020-05-03,Standard,18944.99
8525,Christian Martinez,hamiltonivan@example.com,India,2024-09-07,Premium,17145.85
8526,Karen Avila,ethanyoung@example.org,Australia,2024-08-06,Premium,25845.7
8527,Rhonda Mitchell,ricardo17@example.net,UK,2023-08-25,Standard,36458.93
8528,Elizabeth Acosta,rvelasquez@example.org,UK,2022-03-16,Standard,39765.43
8529,Luis Scott,debra15@example.org,India,2021-12-06,Basic,32099.04
8530,George Jones,charlesclayton@example.org,UK,2020-06-21,Basic,48473.76
8531,Ashley Bennett,tmorton@example.net,France,2020-07-08,Standard,3298.79
8532,Russell Smith,glassdavid@example.org,Germany,2022-05-01,Standard,44888.59
8533,Michael Bell,swiley@example.net,Australia,2024-06-05,Basic,49835.76
8534,Ryan Roberts,rogerskathy@example.net,India,2024-11-07,Standard,11987.3
8535,Edward Garcia,waynejackson@example.com,UK,2023-11-27,Standard,4251.97
8536,Dennis Moore,rodriguezroberto@example.com,UK,2024-01-14,Premium,28882.36
8537,Shane Alvarez,alicia32@example.com,India,2023-12-25,Standard,34077.58
8538,Eric Arnold,mullinsterri@example.org,Germany,2024-07-28,Standard,237.88
8539,Kenneth Gonzalez,michael82@example.org,France,2022-09-28,Standard,34637.75
8540,John Sanders,patrick75@example.com,Canada,2022-10-23,Standard,24346.35
8541,Mary Taylor,kylelindsey@example.com,Australia,2022-08-05,Standard,2066.54
8542,Gary Bates,okelly@example.org,Germany,2020-12-12,Premium,47457.73
8543,Donald Lopez,jrios@example.org,Germany,2021-01-31,Standard,14320.56
8544,Adam Hernandez,lori94@example.com,USA,2022-04-29,Basic,28991.16
8545,Rachel Taylor,marcus76@example.net,Canada,2022-12-08,Standard,22705.28
8546,Susan Edwards,weberallison@example.org,USA,2023-05-16,Basic,20672.97
8547,Jennifer Beasley,christinavelasquez@example.com,France,2024-12-25,Standard,3461.94
8548,Mrs. Denise Wilson,esimpson@example.net,India,2021-04-17,Basic,46265.18
8549,Erin Cox,cmiller@example.net,India,2024-06-18,Standard,40780.58
8550,Robert Miller,dakota26@example.com,Germany,2024-02-10,Basic,1501.04
8551,Steven Stuart,tiffanywalker@example.org,USA,2020-09-03,Standard,7515.0
8552,Kevin Tucker,nguyenspencer@example.org,France,2022-07-20,Standard,8257.27
8553,Robert Khan,davidgraham@example.com,Canada,2023-02-02,Standard,35196.14
8554,Robert Armstrong,daniellebishop@example.com,France,2023-03-19,Premium,696.56
8555,Michael Wheeler,holmesalex@example.com,France,2023-12-06,Standard,44296.23
8556,Amber Zimmerman,whouse@example.net,UK,2022-08-24,Standard,30192.0
8557,Rebekah Smith,lisabutler@example.org,USA,2020-02-15,Standard,34671.66
8558,Jason Sanchez,dvincent@example.net,France,2022-04-06,Basic,32036.18
8559,Joshua Martin,howeerik@example.net,Australia,2022-09-30,Standard,29790.65
8560,Samantha Ortiz,smithashley@example.net,Canada,2022-04-12,Standard,15530.68
8561,Tyler Evans,vvasquez@example.com,Canada,2022-09-11,Premium,7652.26
8562,Kendra Webster,woodwardpatricia@example.com,France,2024-04-26,Standard,38201.23
8563,Adam Robinson,taylorsteven@example.org,USA,2020-07-25,Standard,2902.2
8564,John Shelton,ericaherrera@example.net,India,2023-10-31,Standard,17526.17
8565,Joshua Hansen,josephmurray@example.net,Canada,2023-11-27,Standard,2063.53
8566,Michael Murphy,ramseyamy@example.net,Canada,2024-08-24,Standard,18382.76
8567,Cindy Patterson,scott59@example.net,Australia,2021-04-26,Basic,11993.94
8568,Shannon Owens,jacquelinejohnson@example.net,Australia,2023-02-27,Basic,38390.78
8569,Catherine Reid,nicholas88@example.net,Australia,2022-11-14,Basic,39831.45
8570,Ryan Warren,cmiller@example.net,UK,2020-12-07,Standard,39190.05
8571,Sandra Wilson,brian34@example.net,France,2023-06-29,Standard,5849.09
8572,William Chen,jasonramos@example.net,France,2021-02-26,Standard,45869.95
8573,Sarah Peterson,chambersrobert@example.net,Canada,2024-04-26,Standard,24870.58
8574,Jonathan Lang,karenvaughn@example.org,India,2024-05-02,Basic,15128.81
8575,Lisa Lamb,zfrank@example.net,France,2021-05-28,Basic,26096.15
8576,Joseph Garrison,pamelakelly@example.com,France,2021-03-25,Standard,25506.08
8577,Stephanie Hubbard,henrysmith@example.com,USA,2024-08-29,Standard,1839.52
8578,Lauren Kennedy,ctucker@example.net,India,2024-01-26,Basic,39868.49
8579,Lauren Wagner,hayessamuel@example.net,Germany,2020-09-12,Premium,36750.12
8580,Brandon Brown,molly36@example.net,France,2021-03-22,Standard,13350.11
8581,Anita Walls,nicholas21@example.com,India,2023-08-28,Standard,27936.27
8582,Shannon Gross,amandadelgado@example.com,USA,2023-05-20,Standard,38266.15
8583,Matthew Green,huffdiana@example.com,UK,2024-01-27,Basic,36858.21
8584,Maria Mccall,erin18@example.com,India,2023-07-01,Basic,4617.41
8585,Amy Thompson,debradavis@example.net,Australia,2023-11-25,Basic,25952.1
8586,Michael Harmon,hudsonrobert@example.org,Canada,2021-07-20,Basic,48111.78
8587,Amy Rodriguez,julia59@example.com,USA,2023-12-02,Standard,44863.68
8588,Marc Brown,thomas73@example.net,France,2020-03-28,Standard,36372.11
8589,George Parker,robert24@example.com,France,2021-06-10,Basic,3911.07
8590,Ian Reynolds,gmurphy@example.org,UK,2023-10-06,Standard,5977.44
8591,Adam Guzman,gabrielle17@example.net,France,2022-05-12,Premium,32988.07
8592,Kylie Anderson,bethperez@example.net,Canada,2021-06-01,Premium,13822.41
8593,Karen Ryan,robert73@example.org,Australia,2022-04-06,Standard,43891.46
8594,Matthew Foster,pgriffin@example.com,India,2023-02-25,Premium,32866.39
8595,Ariana Stone,steven66@example.net,UK,2022-12-28,Premium,30848.36
8596,Cheryl Armstrong,wallacechristopher@example.com,Australia,2024-07-06,Standard,6799.36
8597,Amy Frey,sreyes@example.org,UK,2024-05-23,Standard,27377.78
8598,Hannah Thompson,kathleen18@example.org,USA,2020-12-08,Standard,43499.98
8599,Rachel Rose,drakemary@example.net,Australia,2024-03-16,Basic,27448.24
8600,Antonio Mitchell,dawn26@example.org,India,2022-12-16,Standard,48422.44
8601,Sheri Johnson,dstewart@example.net,Canada,2023-11-15,Basic,23576.97
8602,Richard Sampson,lisabryant@example.org,France,2022-01-23,Standard,27037.64
8603,Ronald Rosales Jr.,alexandersims@example.com,Germany,2021-01-05,Standard,14804.9
8604,Rachel Villarreal,david63@example.org,France,2022-03-09,Basic,47924.69
8605,Laurie Villegas,matthew96@example.com,Germany,2022-04-14,Standard,12678.29
8606,Joshua Clayton,sandovalwilliam@example.com,Germany,2023-05-15,Basic,9093.86
8607,Savannah James,williammoore@example.com,USA,2020-04-15,Premium,9239.76
8608,Donna Jones,eford@example.org,UK,2024-05-23,Premium,13644.05
8609,Preston Jones,bakerrobert@example.com,Canada,2024-06-02,Standard,44863.08
8610,Lauren Hernandez,rubengonzalez@example.org,UK,2020-09-25,Basic,41962.4
8611,Omar Jackson,gburke@example.org,France,2023-12-03,Standard,32487.74
8612,Christy Evans,juliewilliams@example.net,Germany,2022-03-03,Basic,26284.36
8613,Kimberly Mclean,ewebb@example.net,Australia,2022-02-26,Standard,14011.16
8614,Robert Mooney,allenclaire@example.net,Germany,2024-08-09,Basic,37948.74
8615,Mr. Kyle Phillips,christinaramos@example.com,Australia,2024-02-04,Standard,313.14
8616,Daniel Pierce,jasonbennett@example.org,Australia,2024-07-10,Basic,6896.01
8617,William Bass,bellchristopher@example.net,Australia,2022-09-12,Basic,49187.68
8618,Kristie Fletcher,kwilliams@example.net,UK,2024-02-29,Basic,262.73
8619,Jonathan Brown,mwilliams@example.com,UK,2021-05-03,Standard,9181.55
8620,Matthew Graham,ashleyturner@example.net,Germany,2020-06-04,Standard,3293.72
8621,Kathleen Archer,jenna27@example.com,France,2021-11-04,Standard,18906.16
8622,Ronald Munoz,stevenhenson@example.org,USA,2020-05-31,Standard,5632.91
8623,Dawn Bennett,cheryl79@example.net,Canada,2021-11-30,Basic,26446.49
8624,Bryan Hickman,burkeluis@example.com,Canada,2020-02-26,Standard,12195.82
8625,Susan Butler,ricetasha@example.com,Canada,2020-03-31,Standard,20415.47
8626,Yesenia Foster,markroberts@example.net,Australia,2024-11-02,Premium,18071.05
8627,Stephen Rivera,leonard42@example.net,Germany,2023-03-01,Standard,35292.02
8628,Brandi Nelson,mreed@example.net,France,2024-03-07,Standard,44823.28
8629,Lorraine Aguilar,donnadavis@example.net,Australia,2020-09-27,Basic,1508.32
8630,Carol Hanna,michaelarmstrong@example.net,UK,2023-01-01,Standard,25971.16
8631,Valerie Morris,hbutler@example.org,Australia,2022-01-04,Basic,5196.69
8632,Timothy Ross,millertheresa@example.org,India,2021-03-10,Basic,22530.58
8633,Juan Solis,nunezgina@example.org,Australia,2022-01-29,Standard,2737.59
8634,Heather Allison,zcastillo@example.org,Canada,2023-03-13,Basic,8895.42
8635,Jeffrey Williams,jessica38@example.org,Australia,2024-08-01,Standard,37547.75
8636,Jessica Sanchez,troytaylor@example.org,Germany,2022-02-09,Standard,31823.41
8637,Ashley Morrison,cbates@example.org,USA,2024-02-21,Standard,43623.02
8638,Brett Reyes,wattskathleen@example.org,UK,2022-02-27,Premium,3225.09
8639,Joshua Johnson,uwhite@example.org,Canada,2021-08-26,Premium,3917.25
8640,Amanda Salazar,william17@example.org,Germany,2024-06-30,Premium,27272.09
8641,Matthew Bell,shelley50@example.net,USA,2024-06-06,Basic,27025.36
8642,Joanne Rice,solomonbrian@example.com,Canada,2024-08-25,Basic,20868.2
8643,Pamela Thomas,michaelbeck@example.org,UK,2023-03-26,Basic,17401.17
8644,Christopher Ayala,deannamiller@example.org,Australia,2023-05-21,Standard,20126.86
8645,Adam Rivera,johnsmith@example.com,USA,2023-02-22,Standard,35461.68
8646,Charles Henry,agross@example.com,UK,2024-02-10,Standard,1533.24
8647,Karen Pena,tyler30@example.net,France,2023-03-01,Standard,26160.45
8648,Barbara Johnson,ublankenship@example.net,UK,2020-01-25,Premium,8650.66
8649,Kristin Barnes,tcastillo@example.com,France,2021-01-11,Basic,19123.16
8650,Donna Curtis,michaelparsons@example.net,France,2021-06-26,Basic,15873.33
8651,Richard Shelton,gonzalezjudith@example.com,Australia,2024-05-03,Standard,29507.66
8652,Daniel Thornton,andrew05@example.org,Canada,2021-02-06,Standard,15577.1
8653,Tanya Davis,fosterlauren@example.net,Germany,2023-04-20,Basic,49677.43
8654,Paul Franco,erin73@example.com,Canada,2024-01-23,Basic,22505.48
8655,Stephen Allen,josephsantos@example.com,India,2023-12-03,Premium,12202.69
8656,Jeremiah Young,richardjensen@example.org,France,2024-09-17,Basic,8461.33
8657,Mark Marshall,jackturner@example.org,France,2020-01-30,Standard,45241.62
8658,Erin Bradford,smithjacob@example.org,India,2023-01-10,Basic,43257.2
8659,Deborah Smith,dbell@example.net,USA,2022-11-03,Premium,936.85
8660,James Merritt,catherine81@example.com,Australia,2020-04-26,Basic,26195.42
8661,Amanda Martin,kristencarter@example.org,Australia,2023-08-07,Premium,22181.45
8662,Joshua Doyle,davidtownsend@example.org,Australia,2023-10-29,Standard,19521.03
8663,Maria Roberts,christinebennett@example.org,UK,2020-02-22,Standard,33203.77
8664,Cristian Smith,monica72@example.org,UK,2020-11-06,Standard,26506.3
8665,Heather Williams,marklong@example.org,Canada,2020-06-02,Basic,36146.52
8666,Mrs. Michelle Walker,bakeralison@example.com,USA,2021-07-04,Standard,45647.15
8667,David Bell DVM,fanderson@example.com,Germany,2021-03-07,Standard,13505.02
8668,Kevin Chung,xduran@example.net,Australia,2020-12-06,Basic,461.93
8669,Matthew Lawson,xtucker@example.com,USA,2022-09-30,Standard,41211.56
8670,Travis Davis,moniquehall@example.com,USA,2021-10-23,Standard,40681.96
8671,Tony Brown,john40@example.org,Canada,2021-03-04,Basic,31866.77
8672,Kaitlyn Hoffman,tammyrichardson@example.net,UK,2023-11-27,Standard,44546.3
8673,Julia Robertson,pam28@example.com,USA,2020-01-22,Basic,6540.36
8674,Lori Hines,robert38@example.org,Canada,2020-11-30,Basic,25035.32
8675,Gabriela Jones,williamsjustin@example.org,France,2022-01-07,Premium,12809.01
8676,Stacy Graves,callahanmicheal@example.net,USA,2024-04-12,Standard,35315.37
8677,Thomas Carey,mollytaylor@example.org,Germany,2022-08-03,Premium,6378.77
8678,Louis Luna,fred35@example.net,Germany,2021-04-29,Basic,33492.78
8679,Robert Jenkins,whiteheadandrea@example.org,India,2021-09-17,Standard,40809.15
8680,Michael Maddox,douglascohen@example.com,Canada,2023-11-08,Basic,1230.0
8681,Felicia Jenkins,elizabeth72@example.org,France,2021-09-09,Basic,2183.77
8682,Bradley Castillo,sramirez@example.net,Canada,2021-06-25,Premium,17174.93
8683,Melanie Mcdonald,beth44@example.com,UK,2020-06-29,Standard,30221.2
8684,Darrell Brown,sheryl70@example.com,Canada,2023-08-14,Standard,49057.09
8685,Aaron Yang DDS,ojohnson@example.net,Canada,2022-04-11,Basic,49154.89
8686,Allison Cantrell,gsherman@example.org,France,2022-02-22,Standard,5289.55
8687,Anthony Gallagher,dustinkelly@example.net,Germany,2021-12-25,Standard,42705.07
8688,Lori Hicks,brownamy@example.org,India,2021-06-03,Basic,21124.16
8689,Mark Collins,jose12@example.com,Canada,2024-12-22,Standard,43485.31
8690,Charles Jenkins,colemanchristine@example.org,Germany,2023-12-07,Standard,42086.3
8691,Nicholas Wells,judyweber@example.org,Australia,2023-06-09,Standard,30475.24
8692,Jessica Holmes,jasonorozco@example.net,UK,2022-01-12,Basic,25793.47
8693,Nathan Jenkins,brenda86@example.org,Australia,2022-04-01,Standard,33589.34
8694,Martin Moreno,brittany71@example.org,Germany,2023-11-07,Standard,9451.87
8695,Karen Anderson,morenoscott@example.com,USA,2020-12-29,Basic,48245.65
8696,Joshua Bryant,ahernandez@example.com,USA,2023-08-10,Standard,16581.69
8697,James Stone,robertrogers@example.net,Germany,2023-08-29,Basic,21941.39
8698,Eric Webb,sanderson@example.net,India,2024-02-15,Basic,44569.27
8699,Kimberly Herring,olsoncrystal@example.net,USA,2024-12-08,Standard,47006.84
8700,Luis White,christopher32@example.com,France,2021-09-19,Standard,42109.21
8701,Ashley Anderson,mitchellfelicia@example.com,Australia,2020-11-05,Standard,1685.51
8702,Kelly Cooper,susan51@example.com,UK,2021-02-04,Standard,29772.53
8703,Timothy Reed,rosejessica@example.net,USA,2023-01-08,Premium,47208.33
8704,Beth Johnson,brownjohn@example.org,India,2021-10-19,Basic,12322.46
8705,Zachary Norman,jenniferdaniels@example.com,Germany,2022-11-24,Standard,12142.06
8706,David Decker,scottbarnes@example.com,Australia,2022-05-30,Standard,43370.54
8707,Angela Burke,jfoster@example.org,UK,2021-12-23,Standard,12462.78
8708,Katherine Huff,youngmonica@example.com,UK,2020-11-12,Standard,16091.38
8709,Benjamin Stevens,tmatthews@example.org,Australia,2023-10-25,Basic,3877.25
8710,Tina Garcia,johnsonfrancisco@example.com,Germany,2024-04-18,Premium,5936.7
8711,Marc Davis,ejefferson@example.org,Canada,2024-03-14,Standard,14082.16
8712,Kimberly Meadows,seanjohnson@example.net,Canada,2021-05-09,Standard,22973.37
8713,Heather Wilson PhD,hmartinez@example.com,India,2023-08-09,Standard,24601.01
8714,Matthew Morales,richardsonjohn@example.net,Germany,2022-09-18,Standard,49899.43
8715,William Cruz,deborah45@example.com,Australia,2022-11-15,Standard,21631.52
8716,Paul Arias,aprilperez@example.net,France,2023-04-19,Standard,45834.29
8717,Eric Jackson DDS,ricesusan@example.com,France,2024-10-27,Standard,48039.65
8718,Angela Neal,,UK,2020-12-14,Standard,28545.11
8719,David Wilson,gloriaburns@example.org,Australia,2022-03-08,Premium,17195.9
8720,Erica Castillo,pennyduncan@example.net,Australia,2022-10-31,Standard,31496.77
8721,Samuel Wells,smithbill@example.org,India,2021-02-16,Basic,4240.64
8722,Lee Sullivan,jennifer29@example.com,India,2021-12-29,Standard,43779.05
8723,Jeffrey Campbell,harperkatherine@example.net,Australia,2023-10-09,Standard,3807.9
8724,Mr. Mike Miller,reyesjoyce@example.com,USA,2020-02-10,Standard,8106.64
8725,Christopher Perry,vanessa40@example.net,UK,2022-07-08,Basic,33173.93
8726,Ashley Parker,kelly13@example.net,UK,2024-08-26,Basic,3178.98
8727,Emily Banks,kimberlybell@example.org,Germany,2021-12-17,Standard,26526.72
8728,David Cannon,fduran@example.com,Australia,2023-02-01,Premium,37989.44
8729,Amanda Rosales,amandamiller@example.org,UK,2020-01-19,Standard,43695.94
8730,Aaron Hahn,anthony61@example.com,France,2020-01-09,Basic,4717.32
8731,Jeffrey Mcdonald,ecarlson@example.org,Canada,2024-12-20,Standard,14840.27
8732,Charles Rodriguez,brianhowell@example.org,UK,2021-05-24,Premium,40211.17
8733,Lindsay Wilson,bpeters@example.net,India,2024-11-03,Basic,6861.76
8734,Kayla Guzman,nhowell@example.net,France,2024-03-08,Basic,44097.22
8735,James Bonilla,oguzman@example.com,Germany,2023-03-04,Premium,36559.49
8736,Jeffery Walker,aprilmoore@example.org,Germany,2023-06-02,Standard,2928.51
8737,Mark Martin,nathanielellis@example.com,Canada,2023-05-25,Standard,42926.33
8738,Mrs. Amanda Salazar,anthony18@example.net,USA,2024-03-10,Basic,39310.12
8739,Angel Jensen,michelle77@example.com,Canada,2022-06-08,Standard,49565.37
8740,Stacy Payne,amartinez@example.net,India,2023-02-17,Basic,29179.2
8741,Kathryn Morrison,aaronwilliams@example.net,Australia,2022-02-15,Standard,14549.12
8742,George Romero,tgomez@example.net,Canada,2024-09-16,Basic,28836.14
8743,Priscilla Sanchez,obond@example.org,India,2022-02-26,Basic,4518.5
8744,Michael Burgess,alan38@example.org,Germany,2024-01-22,Premium,35949.66
8745,Maria Scott,davismelissa@example.org,France,2021-10-06,Standard,28626.54
8746,Alexandra Ward,nathanlee@example.net,France,2022-09-16,Premium,1442.79
8747,Kristen Hartman,mark14@example.org,Australia,2024-12-27,Standard,45663.6
8748,Joseph Robinson,gprice@example.net,India,2023-09-21,Basic,32804.85
8749,Richard Woods,sheppardpatrick@example.com,Australia,2023-06-25,Standard,20391.15
8750,Maria Diaz,emily69@example.org,India,2023-10-13,Basic,4439.32
8751,David Baldwin,ashley90@example.com,Australia,2023-09-15,Premium,40015.82
8752,Michelle Jones,samanthapope@example.net,Canada,2024-01-12,Basic,11737.85
8753,Angela Reese,joe24@example.com,Canada,2024-06-12,Basic,23702.28
8754,Michael Serrano,debra59@example.com,USA,2023-02-24,Standard,34312.35
8755,Christopher Powell,douglas38@example.org,Germany,2020-07-07,Premium,23137.87
8756,Christian Reyes,derek00@example.net,Germany,2022-04-14,Premium,24729.08
8757,Andrew Harris,melinda70@example.net,UK,2023-10-26,Premium,38423.36
8758,Scott Norton,edgarcampos@example.org,USA,2020-11-30,Basic,31000.37
8759,Frederick Boyd,nicole57@example.org,Australia,2022-12-20,Basic,25174.79
8760,John Jackson,wsmith@example.com,Australia,2020-03-22,Premium,14570.96
8761,Mrs. Paige Brooks,adamserica@example.org,Australia,2024-03-18,Standard,8221.78
8762,Richard Cardenas,richard17@example.org,Germany,2024-09-27,Standard,27847.29
8763,David Park,thomasprice@example.org,France,2020-06-24,Basic,28961.94
8764,Catherine Stark,taylorrobbins@example.org,France,2020-08-12,Standard,18087.13
8765,Joshua Ferguson,howardautumn@example.net,USA,2024-03-30,Basic,5473.85
8766,Keith Brown,matthewmorris@example.net,France,2022-04-14,Standard,25705.53
8767,Sean Gonzalez,mercerandrew@example.org,India,2024-04-28,Standard,16114.58
8768,David Malone,sarahreed@example.org,Australia,2024-04-14,Basic,34839.9
8769,David Parks,kimberly01@example.com,India,2021-05-22,Basic,11751.88
8770,Victoria Stevens,elizabeth60@example.net,Germany,2024-06-20,Basic,19994.75
8771,Jonathan Oliver,ugomez@example.org,India,2020-02-08,Standard,46295.91
8772,Melissa Cisneros,likeith@example.com,Australia,2021-04-20,Basic,45573.05
8773,Kristy Miranda,glennpacheco@example.org,India,2023-12-14,Basic,10960.99
8774,Troy Gomez,michelle19@example.org,Germany,2022-03-10,Standard,30957.19
8775,Katrina Ramos,andrew47@example.net,Australia,2023-07-04,Basic,24008.77
8776,Willie White,lisa01@example.com,India,2024-01-26,Basic,1605.61
8777,Billy Jennings,spencesarah@example.org,USA,2024-03-26,Standard,8028.52
8778,Connie Ibarra,danielle70@example.com,Canada,2024-11-10,Basic,13694.3
8779,Alicia Hamilton,trevor65@example.org,Canada,2022-05-12,Standard,21549.88
8780,Rachel Heath,tammysimon@example.org,Australia,2023-08-28,Premium,44728.86
8781,Jonathan Moore,robertsoncarla@example.com,Germany,2023-12-14,Standard,2995.77
8782,Troy Vega,joseph16@example.net,Canada,2024-09-16,Standard,37581.35
8783,John Sanchez,bryanelizabeth@example.net,USA,2022-05-17,Basic,32685.64
8784,Bryan Reeves,theresagarrett@example.net,USA,2021-06-15,Premium,18928.48
8785,Teresa Klein,vincentcraig@example.net,Canada,2021-11-25,Premium,1402.26
8786,Kevin Hardin,ortizbrian@example.net,USA,2021-07-31,Standard,32160.24
8787,Paul Austin,kbrown@example.com,Canada,2020-04-20,Premium,48623.75
8788,Linda Lee,kristinasmith@example.org,France,2024-01-21,Basic,2838.03
8789,Charlene Thomas,jason84@example.com,Canada,2023-12-12,Standard,22030.67
8790,Christine Berry,madeline75@example.org,Canada,2024-03-14,Premium,9479.37
8791,Brianna Bennett,clarkeric@example.org,Canada,2022-08-15,Standard,42999.71
8792,Phillip Bauer,powersnathan@example.com,USA,2020-04-30,Standard,43495.35
8793,Justin Soto,mnicholson@example.com,India,2020-11-24,Standard,30416.02
8794,Wendy Roberts,bgallagher@example.com,UK,2020-02-07,Standard,41881.15
8795,James Jones,mark74@example.org,UK,2024-10-12,Standard,12353.66
8796,Keith Garcia,katherine59@example.com,Canada,2020-07-28,Basic,12466.15
8797,Alexis Morris,grahamkevin@example.com,France,2022-08-18,Premium,24708.3
8798,Lisa Turner,zlloyd@example.org,Canada,2024-08-21,Standard,40957.73
8799,Sharon Oneill,asalas@example.com,Canada,2021-05-06,Standard,43345.73
8800,Kristen Pacheco,perryandrea@example.org,India,2024-05-13,Standard,28015.71
8801,Ashley Wood,zmurray@example.com,USA,2020-12-04,Premium,14982.4
8802,Mrs. Holly Mcbride,connienavarro@example.com,Canada,2024-11-06,Basic,20370.42
8803,Travis Hayes,kristopher88@example.net,Australia,2020-06-26,Basic,14728.31
8804,Jacob Allen,xhenry@example.net,Australia,2024-06-23,Standard,26354.02
8805,Eric Flores,crawfordkenneth@example.org,USA,2020-07-27,Basic,8637.87
8806,Corey Mcknight,zpaul@example.com,Germany,2020-01-23,Standard,359.69
8807,Frank Frederick,johngill@example.org,France,2023-10-17,Premium,26277.49
8808,Taylor Baker,freemanjason@example.net,Australia,2021-08-21,Basic,41939.52
8809,Cheryl Wiley,norriskevin@example.com,India,2020-01-22,Standard,47282.97
8810,Mike Rodriguez,carla33@example.org,Canada,2024-11-24,Standard,49946.91
8811,Cory James,solomonmichael@example.com,India,2020-09-27,Standard,5804.97
8812,Meghan Harris,wardemily@example.net,France,2022-01-23,Standard,1293.92
8813,Jennifer Thompson,wesleysimmons@example.net,USA,2020-08-30,Standard,43110.37
8814,Alexander Davis,ghuffman@example.org,Canada,2020-12-10,Standard,24830.89
8815,Megan Mills,eric34@example.org,Germany,2023-08-29,Standard,35550.69
8816,Johnny Watson,mary69@example.net,USA,2021-02-14,Basic,42075.28
8817,Chelsea Short,parkamy@example.org,USA,2020-10-24,Basic,26641.27
8818,Adriana Montes,mcdonaldheidi@example.org,India,2022-11-16,Standard,20618.61
8819,Chelsea Freeman,bryantmatthew@example.com,Germany,2022-08-05,Standard,20723.43
8820,Kristina Montoya,fmartinez@example.net,Australia,2022-04-02,Standard,21593.31
8821,Natalie Chaney,lance56@example.com,Germany,2022-04-01,Basic,5003.42
8822,Stephen Robles,vstafford@example.net,USA,2022-08-21,Basic,6600.44
8823,Joseph Lewis,wagneralexis@example.org,UK,2024-10-19,Premium,16712.53
8824,Holly Shaw,logan35@example.org,Australia,2021-12-14,Standard,24091.22
8825,Jeremy Wolfe,melissa91@example.org,India,2020-07-15,Standard,25717.94
8826,Thomas Watson,ucollins@example.com,India,2021-10-11,Premium,37489.91
8827,Douglas Clark,baileyyoung@example.org,USA,2022-02-10,Basic,18556.59
8828,Peter Scott,ashleyanderson@example.org,USA,2020-12-22,Premium,15649.13
8829,Matthew Spears,david39@example.org,USA,2023-05-25,Standard,3515.25
8830,Charles Alexander,jgarcia@example.com,UK,2023-11-23,Standard,5188.68
8831,Bradley Kent,lsteele@example.org,UK,2021-03-11,Premium,9992.34
8832,Katie Rowland,georgeolson@example.com,UK,2020-02-17,Premium,30417.83
8833,Stephen Dean,danielmichelle@example.org,UK,2021-05-03,Basic,39156.44
8834,Elizabeth Avery,daniellegonzales@example.net,UK,2021-05-02,Basic,13553.71
8835,Monica Hoffman,darrenhardy@example.com,Australia,2020-09-03,Basic,8854.95
8836,Earl Velasquez,diana68@example.com,UK,2020-08-14,Basic,19050.77
8837,Austin Vaughn,gina69@example.org,Canada,2022-04-02,Basic,47159.96
8838,Caitlyn Salazar,walkermelissa@example.com,Australia,2020-08-09,Basic,25041.61
8839,Bradley Mccullough,burnskevin@example.com,India,2023-07-22,Standard,1462.4
8840,Matthew Kaiser MD,devans@example.com,UK,2020-09-04,Basic,13707.29
8841,Julie Smith,porterjohn@example.com,France,2023-11-03,Standard,16964.33
8842,Bobby Shelton,hendersonbeth@example.net,Germany,2024-09-22,Standard,39417.67
8843,Sandra Hayes,perkinsdiane@example.com,India,2022-03-03,Standard,446.57
8844,Tiffany Jones,dcruz@example.com,India,2021-05-01,Standard,20741.75
8845,Joshua Frazier,kristie44@example.net,Australia,2020-09-05,Premium,38794.27
8846,Steven Quinn,wcarter@example.org,Australia,2022-07-05,Basic,18882.72
8847,Virginia Carter,jacksonmark@example.org,France,2022-06-20,Basic,34380.75
8848,Travis Wallace,stacycooper@example.org,France,2021-07-31,Standard,36366.24
8849,Michael Gallegos,reneedavis@example.org,Canada,2021-11-24,Basic,40165.78
8850,Ashley Gutierrez,andrew63@example.com,UK,2021-08-17,Standard,26800.46
8851,Megan Butler,esellers@example.org,France,2021-06-11,Basic,47120.82
8852,Jamie Duke,ryanhale@example.com,UK,2020-11-18,Standard,22603.97
8853,Daniel Jensen,bsmith@example.com,Australia,2020-09-04,Standard,13006.02
8854,Daniel White,markblackburn@example.com,Canada,2020-08-02,Standard,4343.18
8855,Austin Scott,tammy87@example.com,France,2020-10-09,Basic,1754.0
8856,Mark Collins,phamcasey@example.net,India,2021-11-16,Premium,40196.06
8857,James Mccoy,rachelwhite@example.org,Canada,2020-02-14,Basic,37705.49
8858,Sean Lowe,ryanlynch@example.org,Australia,2023-01-25,Standard,40830.7
8859,Julie Campbell,jacksonjennifer@example.org,France,2023-03-05,Standard,9522.09
8860,David Lin,erin96@example.org,Canada,2024-01-04,Standard,23223.56
8861,Maxwell Black,sbrown@example.net,India,2024-11-07,Standard,40542.5
8862,Wayne Boyd,stewartmarcus@example.org,Australia,2020-12-19,Standard,33072.25
8863,Nicole Williams,thomas51@example.net,UK,2020-01-13,Basic,15313.56
8864,Ricky Flores,phillip89@example.net,USA,2021-01-16,Basic,12828.64
8865,Robert Woods,jfrost@example.net,France,2021-10-19,Standard,28846.28
8866,Sherry Nelson,andrew47@example.com,UK,2024-11-10,Basic,49050.48
8867,Todd Moore,oliverdominic@example.com,Canada,2023-09-22,Standard,34796.11
8868,Aaron Johnson,laura40@example.net,Australia,2022-06-26,Basic,6608.49
8869,Tiffany Young,hicksterri@example.com,UK,2022-04-01,Standard,48364.73
8870,Devin Cox,myersrachel@example.net,India,2020-03-04,Basic,37150.05
8871,Anna Moss,foxkim@example.net,Australia,2023-01-08,Basic,43230.76
8872,Justin Banks,christopherdavid@example.org,France,2023-04-03,Standard,13618.02
8873,Robert Diaz,kristin33@example.org,Germany,2022-10-23,Standard,14299.85
8874,Natasha Donaldson,dylan69@example.org,Canada,2020-07-03,Standard,11788.32
8875,Stephen Howell,vaughnmark@example.org,France,2024-07-15,Basic,35608.78
8876,Michael Greene,nicholasmorrison@example.net,Germany,2023-01-19,Basic,21185.87
8877,Melissa Navarro,stafforddanielle@example.org,Australia,2022-01-14,Standard,24372.03
8878,Keith Marquez,cooperjennifer@example.org,India,2020-05-16,Basic,42626.89
8879,Kevin Foster,lopezluis@example.com,India,2020-01-21,Standard,23309.65
8880,Jennifer Brown,lisajohnson@example.org,Australia,2021-08-25,Premium,34186.1
8881,Anthony Manning,dthornton@example.net,France,2024-04-18,Standard,16958.26
8882,Robert Black,wnelson@example.net,UK,2023-06-15,Premium,36947.95
8883,Gerald Ray,jonpreston@example.com,India,2022-11-02,Standard,49953.77
8884,Joshua Smith,stephanieortega@example.com,Australia,2022-02-09,Standard,28015.92
8885,Dakota Erickson,xroach@example.net,India,2024-06-11,Basic,14492.14
8886,Jason Parks,nbaker@example.org,France,2021-07-02,Basic,42405.62
8887,Stephanie Hernandez,keithmccall@example.net,Canada,2024-05-06,Standard,17595.17
8888,Joel Lopez,ehunt@example.com,USA,2021-02-20,Basic,40697.29
8889,Janet Lynch,christyjames@example.net,Germany,2021-02-25,Standard,24221.32
8890,James Donovan,bennettjeff@example.net,France,2021-05-28,Basic,35675.8
8891,Bryan Hernandez,matthewthompson@example.com,Australia,2022-05-28,Standard,28731.54
8892,Shannon Logan,kylewalters@example.net,Germany,2021-11-19,Standard,2509.06
8893,Jose Garrett,rosemichael@example.org,India,2020-03-05,Basic,18980.02
8894,Leroy Jacobs,chelseygarrett@example.com,France,2020-04-07,Basic,23670.42
8895,Kimberly Garner,matthewmontes@example.com,Canada,2020-06-27,Standard,28062.34
8896,Mr. Daniel Dixon,bryantcharles@example.org,Australia,2021-07-01,Basic,3330.99
8897,Gina Hayes,jmccarthy@example.org,Germany,2020-01-22,Basic,23490.32
8898,Chad Green,tuckererika@example.net,India,2020-05-31,Basic,39540.77
8899,Shelly Rocha,jason12@example.com,USA,2023-03-04,Basic,46806.83
8900,Adam Smith DDS,joycejohn@example.net,Germany,2020-07-03,Standard,5888.08
8901,Bruce Brooks,orobbins@example.com,UK,2024-06-21,Premium,46657.93
8902,Jennifer Huffman,josephwatson@example.org,USA,2024-06-10,Standard,32516.83
8903,Gregory Lopez,jamie79@example.org,Australia,2022-07-16,Basic,42827.31
8904,Robert Ortiz,barnesderrick@example.net,USA,2022-01-28,Basic,22928.08
8905,Susan Pierce,tschroeder@example.net,Canada,2024-11-08,Premium,38395.58
8906,Robert Santos,jeffreycervantes@example.org,Australia,2023-05-01,Standard,47985.0
8907,Anthony Robinson,kevinlamb@example.com,Canada,2021-07-13,Standard,45870.59
8908,Thomas Raymond,iwaller@example.com,Australia,2020-06-05,Basic,48506.4
8909,Norman Hall,clarkmichael@example.net,USA,2022-11-27,Standard,36108.44
8910,Linda Camacho,hansenwilliam@example.com,Germany,2020-07-01,Standard,33767.06
8911,Jennifer English,christinashannon@example.com,Australia,2022-12-24,Standard,336.12
8912,Nancy Khan,lisa20@example.org,Germany,2020-04-03,Standard,6137.88
8913,Carla Brown,wilsonlori@example.com,USA,2022-08-23,Standard,16783.28
8914,Stephen Abbott,johnlewis@example.com,India,2020-12-29,Premium,32525.09
8915,Victoria Andrews,lauradominguez@example.net,Canada,2023-11-01,Basic,27575.01
8916,Lisa Freeman,williamsjoshua@example.com,USA,2021-12-27,Premium,24205.24
8917,Kristi Cook,sawyerjohn@example.org,Australia,2024-09-07,Premium,20514.07
8918,Andrea Hill,stevensonanthony@example.net,UK,2023-06-30,Basic,7505.29
8919,Mary Anderson,riceangela@example.com,Germany,2023-01-24,Basic,42195.02
8920,Ryan Gordon,rodriguezdeborah@example.org,Germany,2020-05-07,Standard,28597.43
8921,Rhonda Jackson,qthomas@example.com,Australia,2020-04-26,Standard,20552.37
8922,Alex Barnett,udeleon@example.com,UK,2024-11-18,Basic,26527.37
8923,Rodney Smith,sherry56@example.net,Australia,2024-02-17,Basic,158.08
8924,Darryl Walker,jeffrey29@example.org,India,2024-03-20,Standard,37276.68
8925,David Anderson,kimberlyclark@example.net,India,2023-01-18,Basic,29727.0
8926,Donald Dawson,kendrapatterson@example.net,Australia,2021-05-08,Standard,40556.06
8927,Steven Farmer,ashleyfisher@example.org,Germany,2022-03-21,Basic,26433.72
8928,Vanessa Vincent,adamalvarez@example.org,Germany,2023-05-18,Basic,45960.54
8929,Cynthia Mitchell,smithhaley@example.net,France,2024-10-10,Standard,40398.4
8930,Mary Smith,rachel67@example.com,France,2021-10-29,Premium,24985.65
8931,Charles Paul,karina29@example.org,Canada,2024-12-05,Basic,1852.63
8932,James Fitzgerald,gcarter@example.com,Australia,2022-12-07,Basic,11805.46
8933,Benjamin Nicholson,robinsonann@example.com,Germany,2024-09-29,Standard,33652.09
8934,Kevin Taylor,kimberlyharris@example.com,France,2024-10-25,Standard,15292.97
8935,Jeff Johnson,grayashley@example.net,Germany,2020-04-06,Standard,34237.32
8936,Patricia Nelson,testes@example.com,France,2022-01-15,Standard,42635.86
8937,Gary Davis,heatherhaas@example.org,Canada,2024-12-03,Standard,13524.17
8938,Christina Gibbs,rhondaadams@example.com,UK,2021-08-28,Standard,6748.26
8939,Sheri Alvarez,lisagregory@example.org,Germany,2024-05-11,Standard,13881.22
8940,Michael Faulkner,joseph00@example.org,Canada,2020-01-07,Standard,25157.04
8941,Jessica Braun DDS,dwells@example.org,Germany,2024-09-09,Standard,24970.75
8942,Sandra Mckee,itorres@example.net,France,2020-10-06,Premium,45979.93
8943,Samantha Aguilar,heatherreynolds@example.com,India,2022-12-01,Standard,38259.24
8944,Robert Young,vincent59@example.com,Canada,2024-11-01,Premium,21929.42
8945,Isaac Martinez,jennystewart@example.net,USA,2022-01-05,Standard,48837.16
8946,Willie Watkins,edwardsluis@example.org,India,2024-12-22,Premium,37185.27
8947,Paul Parker,lward@example.com,France,2024-12-03,Basic,17331.13
8948,John Hudson MD,padilladwayne@example.org,Australia,2024-01-15,Standard,22220.74
8949,Scott Stone,ramosalexandra@example.net,USA,2024-04-14,Standard,35815.79
8950,Karen Ramsey,lauraalvarado@example.org,India,2021-11-12,Basic,37698.94
8951,Michael Buchanan,shaun22@example.org,Canada,2020-12-02,Basic,2057.2
8952,Jennifer Johnson,,UK,2021-12-19,Standard,21690.76
8953,Michelle Meyer,garymcintyre@example.net,UK,2022-11-15,Standard,13660.97
8954,Brandy Hernandez,andrea90@example.net,UK,2022-02-02,Standard,6196.37
8955,Debra Rivera,gthomas@example.com,UK,2022-05-25,Standard,24161.17
8956,Michael Baldwin,angela77@example.org,France,2021-05-05,Standard,1333.69
8957,Daniel Chapman,deandavid@example.net,Canada,2022-03-18,Standard,41930.34
8958,Daniel Moore,alex31@example.com,USA,2022-12-13,Basic,38376.75
8959,Nancy Yates,jorgemedina@example.org,France,2024-10-17,Standard,6886.55
8960,Sheena Griffin,wwhitaker@example.com,Germany,2024-11-15,Standard,12967.81
8961,Antonio Davis,vdougherty@example.net,USA,2022-10-19,Basic,34887.89
8962,Eric Diaz,prussell@example.net,USA,2022-01-15,Basic,26029.81
8963,Lisa Dunn,samantha30@example.org,Germany,2020-09-18,Basic,41661.69
8964,Jacob Rivera,james72@example.org,Canada,2023-11-05,Standard,8918.02
8965,Dr. Erika Gutierrez,fieldsjeanette@example.com,UK,2024-03-31,Standard,5190.15
8966,Christopher Thomas,ashley39@example.com,USA,2022-04-26,Standard,23629.6
8967,Robert Garrison,williamsjasmin@example.org,Canada,2024-09-06,Standard,44278.79
8968,Angela Hall,walkerfrancis@example.net,India,2020-10-18,Standard,15678.48
8969,Eric Gonzalez,qle@example.com,France,2021-01-14,Standard,44816.14
8970,Ryan Ross,peterbush@example.org,USA,2024-04-08,Standard,13428.18
8971,James Sanford,johnsilva@example.com,USA,2024-08-06,Basic,9912.98
8972,Tyler Barr,sthomas@example.net,India,2024-01-31,Standard,44373.15
8973,Jeffrey Doyle,harperbrianna@example.net,Germany,2020-04-08,Standard,18420.0
8974,Connor Cline,baileycody@example.net,France,2020-02-26,Basic,6481.34
8975,Mark Brown,gutierrezmargaret@example.com,France,2020-12-31,Basic,31334.25
8976,Laura Guerrero,jessica15@example.net,India,2024-09-09,Standard,22050.42
8977,Brittney Espinoza,angelavaldez@example.org,France,2021-05-11,Basic,32121.71
8978,Margaret Rivera,florestammy@example.net,UK,2023-08-23,Basic,33908.83
8979,Alexis Acosta,hbaker@example.com,Germany,2020-08-11,Standard,32970.38
8980,Jillian Bryant,rebeccalowe@example.com,Germany,2022-01-05,Basic,32662.15
8981,Jennifer Adams,stacygillespie@example.com,UK,2021-01-02,Standard,35330.42
8982,Marie Ray,garciajennifer@example.com,UK,2022-11-07,Basic,34588.93
8983,Sandra Johnson,sean42@example.net,India,2021-06-09,Standard,34866.74
8984,Charles Hart,merrittpatricia@example.org,Canada,2021-09-07,Standard,33468.99
8985,Christopher Foster,washingtonamanda@example.com,Germany,2020-10-14,Premium,10392.31
8986,Cody Allen,hawkinsronnie@example.org,USA,2024-12-07,Basic,9991.13
8987,Crystal Jenkins,wilsonhenry@example.org,Australia,2021-06-24,Basic,21490.96
8988,Nicole Clark,clayrobert@example.net,Germany,2023-05-13,Standard,13227.39
8989,Curtis Porter MD,aprilevans@example.com,Australia,2022-04-30,Standard,27849.02
8990,Roger Hernandez,usolis@example.com,France,2022-06-20,Standard,11125.33
8991,Chelsea Hale,john12@example.org,Germany,2021-12-08,Basic,23490.58
8992,Frederick Barrett,lisa18@example.com,Australia,2024-01-19,Standard,43139.17
8993,Tyler Reed,oliverlori@example.org,France,2020-04-29,Premium,18677.49
8994,Charles Brooks,glennwhite@example.org,USA,2023-07-13,Premium,25539.48
8995,Stacey Franco,cynthia74@example.net,Canada,2020-12-29,Basic,21088.23
8996,Stephen Russell,melaniethomas@example.net,UK,2023-10-09,Standard,4126.79
8997,Desiree Mcmillan,taylordaniel@example.org,France,2021-01-19,Premium,16647.93
8998,Jay Smith,brendawhite@example.org,UK,2022-10-24,Standard,45584.32
8999,Dr. Rebecca Mason,pricesheila@example.net,France,2022-07-23,Standard,33587.61
9000,Natalie Taylor,ppowell@example.org,India,2022-08-01,Standard,11235.38
9001,Jordan Sanchez,austinpeter@example.org,UK,2023-12-05,Standard,4771.65
9002,James Copeland,jimenezjesse@example.net,UK,2020-07-18,Standard,33959.14
9003,Gail Howell,pstevens@example.org,UK,2021-10-03,Premium,29220.4
9004,Deanna Williams,wendy33@example.org,Canada,2023-03-23,Premium,36562.59
9005,Nancy Galloway,melissamurphy@example.org,USA,2021-12-19,Standard,15589.94
9006,Patricia Shields,jefferyholmes@example.org,Canada,2020-10-20,Standard,7719.93
9007,Kathryn Davis,thomasstephens@example.com,UK,2021-11-20,Standard,20082.01
9008,Kristen Fritz,ycochran@example.net,Australia,2023-06-13,Standard,10374.32
9009,Kyle Sanders,jennifer12@example.com,France,2023-10-31,Standard,29868.88
9010,Brandon Rose,robertfoster@example.org,USA,2023-12-30,Standard,29864.07
9011,Misty Smith,matthew56@example.net,India,2021-09-06,Standard,17458.53
9012,Mario Hood,sandrahale@example.net,Canada,2022-02-02,Standard,18178.46
9013,Emily Franklin,walkerdenise@example.org,Canada,2020-10-10,Standard,9999.48
9014,Jose Adams,milleralbert@example.org,Germany,2023-05-10,Standard,10938.3
9015,Hailey Beck,jessica81@example.com,India,2021-07-11,Basic,4642.89
9016,Michael Cherry,johnsonjessica@example.net,France,2021-02-17,Basic,47250.91
9017,Brian Henry,raymondcarter@example.com,Australia,2021-10-14,Standard,18864.55
9018,Ryan Moore,ibutler@example.net,France,2023-08-05,Basic,17611.11
9019,Joseph King,danderson@example.com,UK,2020-03-20,Basic,10323.9
9020,Janet Johnson,ronnieturner@example.net,France,2022-03-07,Premium,47358.97
9021,Johnny Figueroa,brandonriley@example.com,USA,2022-01-03,Basic,22655.68
9022,Glenn Whitaker,tdean@example.net,Germany,2021-02-28,Standard,3359.06
9023,Linda York,fwallace@example.org,France,2021-12-31,Premium,4892.31
9024,Christina White,teresahansen@example.org,India,2024-04-23,Standard,15187.95
9025,Angela Alvarez,nicoleharmon@example.net,Germany,2024-02-11,Standard,48512.3
9026,Raymond Odom,ewalters@example.com,India,2024-10-27,Standard,48810.52
9027,Richard Norman,bthomas@example.com,Canada,2020-05-12,Standard,15279.92
9028,Joseph Barr,qwade@example.net,Canada,2021-09-05,Basic,27925.26
9029,Amber Richards,john34@example.org,Germany,2020-07-07,Standard,33257.23
9030,Sheryl Evans,psteele@example.net,Germany,2021-08-15,Standard,31542.04
9031,James Norris,sanderskatherine@example.com,USA,2022-04-21,Standard,21594.2
9032,Gilbert Erickson,thomassmith@example.net,India,2022-01-17,Basic,33577.68
9033,John Williams,cromero@example.net,France,2020-04-25,Standard,45931.01
9034,Crystal Blair,angelazimmerman@example.com,UK,2022-06-11,Basic,35392.17
9035,Kelly Hamilton,cindybailey@example.net,France,2024-04-10,Standard,28005.43
9036,Amy Edwards,smiller@example.com,India,2024-01-03,Standard,24593.04
9037,Anne Fox,rcampbell@example.net,USA,2022-10-28,Standard,21822.92
9038,Michael Randolph,sandovalryan@example.org,France,2022-10-13,Standard,45716.91
9039,Travis Cox,michellecortez@example.org,Canada,2020-01-04,Standard,48429.66
9040,Ryan Johnson,bburton@example.org,Germany,2024-07-07,Basic,44120.94
9041,Olivia Diaz,johnsonlisa@example.com,Canada,2023-03-08,Basic,47243.5
9042,Ian Castillo,joyzhang@example.net,UK,2020-08-09,Standard,28672.74
9043,Anthony Yu,kristinefox@example.org,France,2023-10-10,Standard,17304.05
9044,Kimberly Henry,kelli74@example.org,Australia,2024-05-24,Standard,22180.85
9045,Jason Johnson,tarahenderson@example.net,Canada,2022-03-13,Standard,22523.06
9046,Paul Cruz,david06@example.org,India,2024-04-26,Standard,37707.21
9047,Joseph Shaw,francokaren@example.org,Germany,2021-09-28,Basic,13744.6
9048,Paul Bailey,edward05@example.org,Canada,2024-01-19,Standard,30350.89
9049,Joseph Hall,stephaniegarcia@example.com,UK,2023-11-19,Standard,10794.66
9050,Shawn Brown,jennifer67@example.org,India,2020-12-12,Premium,16236.17
9051,Matthew Roberts,daniel50@example.com,USA,2020-05-07,Premium,43042.63
9052,Christine Stanton,carl63@example.com,France,2021-06-14,Basic,19557.73
9053,Jacob Ramirez,olivia76@example.org,UK,2020-01-04,Standard,32025.03
9054,Samantha Mann,kimberly67@example.org,USA,2022-04-11,Standard,38748.97
9055,Cathy Mann,hmyers@example.com,USA,2024-02-19,Standard,20344.45
9056,Ricky Turner,castillolauren@example.org,UK,2021-10-19,Basic,9414.57
9057,Gregory Lamb,andrew82@example.net,India,2022-12-04,Standard,1706.46
9058,Lisa Smith MD,nicholasbooth@example.net,USA,2023-05-27,Standard,354.94
9059,Thomas Garcia,westjesse@example.com,Germany,2022-10-21,Standard,43402.29
9060,Elizabeth Atkins,hendersonaaron@example.net,UK,2022-05-17,Standard,21415.61
9061,Ana Patel,mthompson@example.com,Australia,2020-03-28,Standard,3024.05
9062,Anthony Watson,elizabethjackson@example.com,Germany,2024-07-13,Standard,13882.61
9063,Leah Burton,christinawolf@example.com,Germany,2021-06-14,Basic,6214.03
9064,John Watkins,albertgates@example.org,Canada,2020-07-09,Premium,4145.08
9065,Jordan Hebert,johndavis@example.net,USA,2024-06-02,Basic,2309.56
9066,Kevin Dunn,osnow@example.net,Canada,2023-11-16,Basic,40825.78
9067,John Thompson,robert19@example.com,UK,2020-12-16,Standard,17622.28
9068,John Murphy,brendagrant@example.org,Canada,2021-03-27,Basic,35576.76
9069,Wayne Estes,kelly46@example.net,France,2020-03-18,Standard,45156.75
9070,Christina Myers,tracy68@example.net,India,2022-08-20,Basic,15204.63
9071,Ronald Ellis,nixonjillian@example.net,UK,2021-12-17,Standard,10821.38
9072,James Mcintosh,thomasmitchell@example.net,UK,2021-07-07,Basic,20857.6
9073,Phillip Ruiz,larsenmelissa@example.org,Canada,2023-07-21,Standard,5110.82
9074,Eric Rivera,leecraig@example.org,USA,2023-07-19,Standard,37485.49
9075,Sandra Soto,kristincarr@example.org,Canada,2023-08-05,Premium,29347.44
9076,Amanda Griffin,pamela85@example.net,Canada,2024-01-04,Standard,39511.94
9077,Angelica Jensen,davidheath@example.com,India,2024-12-25,Basic,44225.45
9078,Dr. Rebecca Pineda MD,joseburch@example.net,India,2022-02-24,Basic,40551.27
9079,Javier Miller,pwilson@example.net,Canada,2020-04-05,Premium,27144.66
9080,Alison Smith,tina90@example.net,Australia,2022-06-29,Standard,19299.87
9081,Andrea Kirk,andrew76@example.com,Australia,2020-02-07,Basic,29927.1
9082,Matthew Smith,randalllee@example.com,France,2023-05-12,Basic,5885.2
9083,Jaime Taylor,bradley74@example.com,Australia,2022-03-06,Standard,36228.77
9084,Joshua Andrews,sherridaniels@example.org,India,2023-09-20,Standard,6128.63
9085,David Jones,annette07@example.org,India,2022-12-13,Basic,40546.91
9086,John Wilson,sjones@example.net,USA,2020-02-15,Basic,20648.03
9087,Christopher Olsen,melanie67@example.org,Germany,2024-07-11,Standard,39768.17
9088,Brian Williams,acruz@example.org,Germany,2022-03-14,Standard,26859.77
9089,Casey Perry,joshua98@example.net,France,2021-10-30,Standard,7465.4
9090,Angela Perez,kennethmartinez@example.org,Canada,2021-03-18,Basic,37585.56
9091,Gerald Mack,danielalvarez@example.net,Australia,2020-08-24,Basic,45367.9
9092,Ivan Aguilar,millerjill@example.com,Australia,2023-11-18,Basic,49462.52
9093,Nicole Mays,cbass@example.net,India,2024-11-21,Basic,35129.54
9094,Gloria Carey,ilawson@example.org,France,2021-12-13,Premium,48145.66
9095,Steven Caldwell,josejones@example.net,USA,2024-03-24,Basic,3803.87
9096,Johnathan Robinson,beckerjulia@example.org,USA,2021-08-21,Standard,8243.35
9097,Rebecca Ramirez,claytonquinn@example.org,India,2020-06-21,Standard,47106.42
9098,Tracy White,brendagreen@example.com,Canada,2024-05-26,Standard,33319.69
9099,Matthew Flores,robin32@example.org,Australia,2020-10-07,Basic,23952.22
9100,Heather Shepherd,james44@example.net,France,2021-01-28,Basic,23612.11
9101,Carrie Hays,montoyamark@example.org,UK,2024-03-11,Standard,19329.31
9102,Melissa Harper,jessica08@example.net,Canada,2023-09-12,Standard,444.56
9103,Zachary Martin,richardsanchez@example.org,UK,2023-09-09,Premium,45915.14
9104,Daniel Brooks,lisa34@example.net,Australia,2021-01-22,Premium,20784.25
9105,Stephen Vargas,cooperpatricia@example.org,Australia,2024-06-12,Premium,1737.97
9106,Brendan Hill,robert78@example.org,USA,2020-08-07,Premium,19477.65
9107,Mr. Gabriel Perez,smithjacob@example.org,Australia,2022-12-17,Standard,3764.26
9108,Anne Koch,nicholashernandez@example.org,UK,2023-10-26,Standard,8484.11
9109,Joshua Rodriguez,cwatkins@example.com,India,2024-09-16,Standard,41589.97
9110,Christina Moreno,benjamin90@example.net,India,2023-03-03,Premium,6159.8
9111,James Moore,normanmary@example.net,Canada,2023-06-23,Basic,35551.73
9112,Alicia Thompson,ashleypetersen@example.org,Canada,2023-10-08,Basic,30767.6
9113,Renee Mendez,daniel58@example.org,France,2020-09-10,Standard,3058.44
9114,Sharon Mullins,charles08@example.net,UK,2024-06-12,Standard,37302.44
9115,Larry Cunningham,hugheslaurie@example.net,Canada,2023-12-09,Standard,45772.24
9116,Gloria Wall,michelle08@example.net,India,2020-06-27,Basic,11135.97
9117,Betty Day,ismith@example.net,Canada,2020-10-12,Basic,17108.1
9118,Patrick Baker,housejohn@example.net,Germany,2023-08-19,Standard,25294.27
9119,Edward Cantu,donna89@example.com,France,2021-12-29,Basic,5362.23
9120,Bryan Johnson,sfoster@example.org,India,2023-06-19,Standard,19406.46
9121,Justin Johnson,baileysara@example.com,India,2020-04-05,Basic,43022.88
9122,Danielle Roy,daniel67@example.net,India,2024-12-04,Standard,1638.99
9123,Alexander Torres,wmarshall@example.net,USA,2022-11-22,Premium,37751.27
9124,Wendy Velazquez,isanchez@example.net,Canada,2021-07-02,Basic,393.7
9125,Veronica Flores,christopher12@example.com,India,2021-04-19,Basic,38821.11
9126,Marie Garcia,robertcasey@example.net,Australia,2021-11-03,Basic,38457.1
9127,Allison Patterson,ssmith@example.net,USA,2022-10-26,Basic,40382.92
9128,Cheryl Humphrey,johnstonkatrina@example.com,Canada,2021-11-15,Basic,35103.32
9129,William Schmidt,robert02@example.net,France,2022-03-21,Standard,5200.12
9130,Robert Howell,fmcguire@example.org,India,2022-07-13,Basic,42054.93
9131,Dr. Audrey Anderson MD,cbaldwin@example.org,USA,2024-10-03,Standard,13254.24
9132,Crystal Barnes,williamselizabeth@example.org,Germany,2020-04-27,Standard,41029.32
9133,Eugene Hawkins,logannelson@example.org,India,2020-12-02,Standard,42497.25
9134,Margaret Kelly,gibsonkelly@example.net,UK,2024-11-12,Basic,25124.96
9135,Hayden Russell,thomasromero@example.org,UK,2020-06-13,Premium,47238.76
9136,Lydia Osborn,cohensamuel@example.com,USA,2021-03-19,Standard,29746.64
9137,Jacqueline Kirby,lfischer@example.com,USA,2021-05-02,Standard,27364.46
9138,Nicole Smith,frederick28@example.com,Canada,2020-06-06,Standard,2127.02
9139,Beth Thomas,bennetttimothy@example.net,USA,2020-10-17,Standard,13781.56
9140,Susan Cannon,lthomas@example.com,UK,2020-07-09,Standard,32930.47
9141,Morgan Mclean DDS,chunter@example.com,UK,2020-11-03,Standard,46502.64
9142,Kayla Carlson,linda86@example.com,Australia,2023-06-16,Standard,21610.81
9143,Barbara Obrien,sarah57@example.org,UK,2022-05-17,Premium,38078.68
9144,Keith Ford,lindsayhaney@example.org,Germany,2021-10-18,Standard,37662.19
9145,Phillip Cook,rebecca46@example.com,France,2023-01-12,Basic,40340.46
9146,Ana Gonzalez,wheelerbrooke@example.com,USA,2021-02-21,Premium,46913.93
9147,Kenneth Wilkinson,brennanwendy@example.net,Australia,2021-03-30,Standard,26269.38
9148,Jorge House,jose33@example.net,France,2022-07-07,Premium,49462.5
9149,Jonathan Munoz,xmitchell@example.org,France,2022-07-26,Standard,25985.76
9150,Lori Mcgee,egray@example.org,France,2024-02-29,Premium,48307.74
9151,Mary Delacruz,kevincabrera@example.org,Australia,2023-01-24,Standard,30476.64
9152,Kelly Rodriguez,diamondnorman@example.net,Germany,2021-02-24,Standard,6135.89
9153,Debbie Ortega,lori00@example.com,UK,2021-07-12,Premium,35986.1
9154,Ryan Chen,stevensonroy@example.org,UK,2020-01-15,Premium,9563.08
9155,Dr. Michael Stone II,rhall@example.net,France,2021-12-30,Premium,40414.89
9156,Jeffrey Gardner,zguzman@example.org,UK,2021-06-17,Standard,45882.73
9157,Mark Spencer,amybaker@example.org,Australia,2024-11-24,Standard,24207.53
9158,Jeremy Ruiz,michellelee@example.org,India,2023-10-29,Standard,18986.1
9159,Austin Hunter,bwelch@example.net,Canada,2020-03-20,Basic,41093.85
9160,Christopher Dawson,wellsscott@example.com,UK,2021-05-14,Premium,44852.61
9161,Jennifer Smith,natalie42@example.org,Canada,2021-09-20,Standard,6693.63
9162,Kim Macias,browndesiree@example.com,India,2024-09-11,Basic,16182.24
9163,Cathy Mckay,gilbertalan@example.com,USA,2024-02-29,Basic,17076.12
9164,Sonya Brady,aguilarlaura@example.org,UK,2021-03-25,Basic,41574.0
9165,Nancy Bruce,janebailey@example.com,India,2021-09-10,Standard,41862.18
9166,Deborah Johnson,svargas@example.org,Canada,2023-03-22,Standard,19584.9
9167,Brenda Smith,benjamincolleen@example.com,India,2023-12-01,Premium,18162.08
9168,Robert Valenzuela,matthewrobinson@example.com,Canada,2022-02-06,Standard,7594.92
9169,Matthew Harrington,haleyharrison@example.org,France,2023-12-02,Basic,44864.99
9170,Robert Torres,fowlerrobyn@example.com,UK,2020-10-04,Basic,9502.05
9171,Gabriel Elliott,erin84@example.com,India,2023-03-25,Standard,45935.25
9172,Paul Armstrong,robertchandler@example.com,India,2023-05-20,Standard,41483.12
9173,William Powers,xnichols@example.org,USA,2024-05-23,Standard,12185.8
9174,Bruce Diaz,hullcynthia@example.com,India,2024-05-16,Basic,6266.62
9175,Douglas Smith,washingtonjake@example.org,France,2022-04-16,Basic,46075.7
9176,Ann Walsh,olyons@example.org,France,2023-10-23,Basic,44466.38
9177,Christine Morgan,ajohnson@example.org,USA,2020-06-26,Premium,40737.84
9178,Leonard Garner,lynn42@example.com,Australia,2023-06-20,Standard,3847.73
9179,Chad Ward,tsmith@example.org,Australia,2020-02-22,Basic,26958.6
9180,Heather Poole,denise44@example.org,Canada,2022-09-29,Standard,13335.44
9181,Kevin Stewart,diamondstone@example.org,Australia,2023-03-23,Basic,34077.6
9182,Shannon Riley,alopez@example.net,France,2021-03-05,Basic,24137.5
9183,Karen Mendoza,daniel88@example.org,Canada,2020-12-19,Premium,43706.15
9184,Leslie Sanchez,fritzgregory@example.com,India,2021-02-14,Premium,46405.72
9185,Jennifer Vargas,kenneth99@example.net,UK,2022-06-05,Standard,11481.49
9186,Scott Roberts,amandaatkins@example.org,USA,2021-03-16,Standard,28335.89
9187,Amanda Martinez,hamptontiffany@example.net,France,2021-08-08,Basic,4132.44
9188,Virginia Torres,vanessathomas@example.com,India,2022-08-23,Premium,2227.47
9189,Jessica Carpenter,cbennett@example.com,France,2022-11-16,Standard,43089.62
9190,Amber Kelly,danielkim@example.org,USA,2022-11-27,Standard,49669.64
9191,Christina Sims,nnewton@example.com,Germany,2021-10-15,Standard,40296.08
9192,Mr. Richard Valdez,aliciacurry@example.net,Canada,2021-06-08,Standard,18144.93
9193,Laurie Jones,megan75@example.net,Germany,2023-08-06,Basic,38837.46
9194,Joseph Ortiz,richardsonheather@example.com,Australia,2021-07-25,Basic,20908.87
9195,Christopher Ford,bonillajoy@example.net,Canada,2020-06-03,Standard,26181.65
9196,Martha Johnson,aaronwilliams@example.com,Germany,2023-04-19,Premium,37884.05
9197,Karen Maddox,hreid@example.com,Germany,2021-02-09,Standard,15796.9
9198,Eric Pittman,shumphrey@example.net,UK,2024-12-12,Premium,32005.79
9199,Jessica Todd,robbinsbobby@example.org,USA,2023-01-14,Premium,44961.91
9200,Mathew Wood,jessica28@example.org,Australia,2021-06-23,Standard,37885.63
9201,Brian Sawyer,maryharrison@example.org,Germany,2022-10-11,Standard,49246.75
9202,Jose Simpson,danielcraig@example.net,USA,2022-09-15,Standard,27745.54
9203,Jeffrey James,kimberly87@example.net,Germany,2021-06-09,Standard,23639.18
9204,Jesse Gonzalez,davidrussell@example.org,India,2021-05-23,Standard,19895.83
9205,Amanda Levine,vmitchell@example.net,Germany,2023-05-24,Basic,35458.71
9206,Daniel Pope,wayneburns@example.com,Germany,2024-10-11,Standard,48496.46
9207,William Roberts,sanfordmark@example.org,UK,2021-06-06,Basic,41407.0
9208,Sandra Gomez,jenniferlynn@example.com,Germany,2021-09-27,Basic,6556.16
9209,Roy Cochran,alexander26@example.net,France,2020-11-11,Standard,3705.53
9210,Melissa Phelps,ronaldruiz@example.org,Canada,2021-10-31,Standard,45574.16
9211,Joseph Stephens,nicolethompson@example.net,Germany,2022-07-15,Standard,5225.88
9212,Charles Roy,fchristensen@example.org,Canada,2023-01-05,Basic,19867.01
9213,Carolyn Moore,brendawagner@example.com,India,2024-02-26,Standard,24090.16
9214,Wayne Newman,cody22@example.com,UK,2022-02-06,Basic,4201.76
9215,April Heath,ahess@example.com,Canada,2020-01-14,Standard,289.25
9216,Michael Roberts,,Canada,2022-06-20,Premium,19445.72
9217,Todd Wood,jenniferodonnell@example.org,USA,2020-11-15,Standard,7202.6
9218,Kathryn Wilson,amoss@example.com,Canada,2021-05-05,Standard,46575.55
9219,Benjamin Garcia,nicholastaylor@example.com,UK,2021-05-09,Standard,13633.92
9220,Linda Solomon,fmorales@example.com,USA,2021-12-06,Premium,39805.26
9221,Alexander Hayes,carrolljesse@example.org,Canada,2021-09-05,Premium,6211.85
9222,Madeline Wade,judy11@example.com,Canada,2021-07-13,Standard,40952.52
9223,Deborah Vazquez,michelle04@example.com,Australia,2024-08-01,Basic,46648.56
9224,Cindy Bridges,kevin22@example.net,USA,2022-10-22,Standard,30801.68
9225,Michele Fisher,ashleyholland@example.net,India,2023-09-24,Premium,2380.83
9226,Patricia Johnson,stephen68@example.com,USA,2023-05-07,Standard,11391.7
9227,Daniel Cooper,garciaandrea@example.com,UK,2021-12-21,Standard,18278.4
9228,Anthony Khan,mhuff@example.org,France,2020-10-25,Basic,40704.77
9229,Theresa Coleman,john81@example.net,Canada,2024-02-28,Standard,36709.72
9230,Krista Weiss,gharvey@example.net,Germany,2022-03-20,Premium,46636.31
9231,Joseph Hawkins,cynthiahawkins@example.com,Germany,2021-09-21,Premium,35556.68
9232,Ashley Waters,patriciapowell@example.com,Australia,2021-03-07,Basic,5868.62
9233,Kimberly Smith,ricegerald@example.com,France,2023-11-09,Premium,30389.52
9234,Johnathan Ramirez,williamskaren@example.org,USA,2021-10-29,Standard,45923.75
9235,Sarah Young,mccannlaura@example.org,Germany,2023-09-01,Standard,14494.46
9236,Debra Wood,ppark@example.org,Australia,2024-04-21,Basic,10611.74
9237,Sherry Walker,gilmorejohn@example.org,India,2023-12-25,Premium,11532.68
9238,James Hooper III,ryan59@example.org,France,2020-02-19,Standard,2143.77
9239,Christopher Andrews,gdouglas@example.com,Australia,2023-04-26,Premium,22578.4
9240,Denise Nunez,noblenatalie@example.org,France,2022-07-09,Basic,36618.61
9241,Fred Solomon,charlessmith@example.com,Australia,2023-07-28,Basic,26315.48
9242,Wanda Perez,elizabeth99@example.com,Canada,2020-08-12,Standard,15551.73
9243,Jeremy Roy,sreyes@example.org,Germany,2024-06-18,Basic,12866.33
9244,James Thompson,james45@example.com,Germany,2022-04-10,Standard,19311.3
9245,Brenda Orr,shawcandice@example.org,Australia,2022-06-22,Basic,17727.29
9246,Gregory Cabrera,myersamanda@example.net,India,2021-01-02,Standard,22519.11
9247,Ethan Rodriguez MD,molinabrandon@example.org,Australia,2022-06-26,Premium,42754.89
9248,Cynthia Russo,sgomez@example.com,Germany,2021-12-27,Premium,43286.26
9249,Rachel Ward,lisathompson@example.net,USA,2024-06-22,Standard,26984.43
9250,Emily Gonzalez,kevin78@example.net,India,2020-04-12,Basic,10705.08
9251,Jeffrey Sandoval,yphillips@example.net,Canada,2023-07-28,Standard,47923.5
9252,Jose Boyd,wball@example.com,USA,2022-03-28,Standard,13153.3
9253,Todd Sutton,kbernard@example.net,Germany,2020-05-27,Standard,35444.91
9254,Harold Gates,haroldgonzalez@example.org,USA,2021-04-25,Standard,42539.33
9255,Maria Daniel,farmermadeline@example.com,Australia,2021-04-27,Basic,18071.64
9256,Erin Elliott,kristen65@example.com,France,2021-08-26,Basic,28539.02
9257,Brittany Olson,stephenlopez@example.com,France,2020-07-27,Premium,20174.59
9258,Laurie Lynch,gary18@example.com,France,2024-08-30,Standard,44383.47
9259,Kevin Brown,fsmith@example.org,Germany,2024-04-12,Basic,4815.59
9260,Victoria Krause,anthony28@example.org,USA,2024-09-19,Standard,13304.73
9261,Timothy Johnson,taylorhall@example.com,Australia,2020-10-06,Standard,36377.51
9262,Sara Mathis,jjohnson@example.net,France,2024-10-02,Basic,4669.46
9263,Brooke Weaver,tracy15@example.com,Australia,2022-06-15,Standard,49074.2
9264,Tiffany Murphy,cperez@example.net,Canada,2023-11-07,Standard,7785.61
9265,Amanda Long,john68@example.org,USA,2020-10-18,Premium,43658.62
9266,Mary Donaldson,laguilar@example.com,Canada,2022-03-16,Standard,34142.25
9267,Travis Clark,schwartzanthony@example.com,Germany,2021-11-22,Basic,15415.79
9268,Frank Wheeler,hsingleton@example.org,France,2023-04-13,Basic,39485.3
9269,Emily Schneider,rosevega@example.org,USA,2024-12-27,Basic,4832.89
9270,Mary Lambert,reesedavid@example.org,France,2021-08-19,Basic,29011.27
9271,Robert Glass DVM,fergusonjason@example.com,Australia,2024-08-02,Basic,41031.36
9272,Jamie Lopez,elawrence@example.org,Canada,2024-11-19,Basic,28678.54
9273,Shannon Watkins,brianphillips@example.org,USA,2022-01-12,Premium,12412.52
9274,David Hinton,timothy01@example.com,France,2022-09-19,Premium,5309.62
9275,Wanda Russell,carrollmichael@example.net,Canada,2022-03-01,Standard,45488.54
9276,Michael Martin,alam@example.net,UK,2022-08-17,Standard,8945.58
9277,Brenda Lowe,annaoconnor@example.net,UK,2023-10-17,Standard,24669.31
9278,Christopher Smith,harrissharon@example.org,Germany,2024-03-08,Standard,18107.91
9279,Christine Willis,douglasmichael@example.com,Germany,2022-06-05,Premium,41689.11
9280,Gina Vega,davidgrimes@example.net,UK,2021-05-15,Standard,49921.15
9281,Melissa Walker,watkinsjose@example.net,India,2020-02-20,Standard,38744.05
9282,Tyler Bray,joshuamelton@example.org,Australia,2023-03-16,Premium,27431.52
9283,Jason Thomas,rshelton@example.org,Germany,2024-01-10,Standard,21674.42
9284,Ashley Fletcher,jessicaharmon@example.org,Germany,2022-05-04,Premium,10104.15
9285,Carrie Black,amanda09@example.org,France,2023-04-13,Standard,24551.42
9286,Terry Ford,eileen98@example.com,UK,2020-08-29,Standard,1475.66
9287,Jason Bautista,rsanchez@example.org,India,2023-02-18,Premium,30528.5
9288,Amy Watson,michaelmeyer@example.org,UK,2024-11-28,Standard,111.11
9289,Amy Taylor,jonesphillip@example.com,USA,2021-11-03,Basic,20693.64
9290,Benjamin Baker,wrasmussen@example.org,USA,2021-03-19,Standard,37931.22
9291,William Jordan,ncampbell@example.net,USA,2023-04-14,Standard,737.04
9292,Mackenzie Stout,robinsonmichael@example.com,India,2021-11-30,Basic,47542.97
9293,Amber Barajas,floresdennis@example.com,India,2021-09-29,Basic,38889.14
9294,Jenna Wright,xpetersen@example.net,Australia,2022-07-04,Standard,23067.44
9295,Maurice Barajas,imccullough@example.org,France,2022-12-09,Standard,31479.14
9296,Lisa Travis,heather63@example.net,Canada,2024-11-03,Standard,47790.43
9297,David Perkins,pjones@example.com,UK,2021-02-06,Basic,11286.17
9298,Bruce Walker,qespinoza@example.net,France,2022-05-02,Premium,22764.05
9299,Jennifer Austin DVM,zunigadanielle@example.net,Australia,2022-04-30,Standard,33348.71
9300,Jennifer Cruz,josephmiller@example.com,UK,2024-04-05,Premium,1924.8
9301,John Rhodes,david74@example.org,France,2020-03-04,Premium,40068.08
9302,Jessica Roth,gregory71@example.com,Canada,2024-08-27,Standard,21674.19
9303,Jeffrey Cooper,jcain@example.com,USA,2024-02-15,Premium,18255.29
9304,Ashley Wilcox,ihill@example.net,Canada,2024-06-10,Standard,21997.7
9305,Angela Murray,andradewilliam@example.com,USA,2023-06-13,Standard,18217.3
9306,Amy Moore,frostangela@example.org,Australia,2022-10-15,Premium,42228.08
9307,Jennifer Jackson,rhonda34@example.com,France,2020-05-06,Standard,34133.0
9308,Patricia Haley,gregjones@example.net,France,2020-09-02,Premium,43834.54
9309,Mark Berry,eduardorose@example.net,Germany,2024-08-30,Premium,34096.4
9310,Patrick Harper,amcintosh@example.org,UK,2021-03-15,Standard,41693.49
9311,Suzanne Walker,wintersalexander@example.org,Germany,2020-11-06,Standard,31304.98
9312,Carla Thomas,,USA,2021-05-09,Basic,20744.07
9313,Mr. Joseph Williams,ladams@example.net,Canada,2022-07-23,Standard,25448.02
9314,Danielle Vazquez,fieldstammy@example.net,UK,2020-01-29,Standard,26848.43
9315,Julie Willis,wilcoxlori@example.com,France,2020-03-26,Standard,37740.8
9316,Charlotte Hood,kimmiranda@example.net,India,2024-05-12,Basic,17216.82
9317,Joyce Martin,vmartin@example.com,France,2021-01-25,Standard,17403.77
9318,Melissa Burns,jeremiah40@example.org,UK,2023-09-25,Basic,43113.42
9319,Derek Austin,robert32@example.net,Canada,2020-01-18,Basic,14737.82
9320,Evelyn Dean,davidtravis@example.net,USA,2021-03-12,Standard,9807.91
9321,Stacy Thompson,yfranklin@example.net,Canada,2024-09-11,Standard,44197.03
9322,Sara Torres,qyoung@example.net,India,2023-09-16,Standard,7604.0
9323,Daniel Khan,ryanzuniga@example.org,UK,2022-01-31,Standard,21272.42
9324,Catherine Johnson,harpersteven@example.net,Canada,2023-09-27,Basic,29766.95
9325,Makayla Gilbert,duane04@example.com,Canada,2023-11-20,Basic,36794.06
9326,Matthew Brown,robertvasquez@example.net,Germany,2023-03-29,Standard,19423.58
9327,Theresa Newman,pramsey@example.org,France,2023-02-28,Basic,31687.36
9328,Karen Reyes,kelly00@example.org,Australia,2024-01-31,Basic,17508.64
9329,Christopher Fletcher,jcarrillo@example.net,Canada,2023-12-23,Basic,12006.81
9330,Ashley Woods,anthonytracy@example.net,Canada,2020-10-18,Basic,43190.37
9331,Alex Frazier,aprilwhite@example.org,France,2020-04-09,Basic,6572.45
9332,Claudia Smith,rodriguezangie@example.org,India,2022-11-01,Standard,22189.91
9333,Justin Jackson,gonzalezsusan@example.net,USA,2022-05-28,Standard,28001.99
9334,Brian Roberts,kgordon@example.com,USA,2021-11-01,Basic,26258.49
9335,Rebecca Salas,sthompson@example.org,UK,2022-12-21,Basic,32119.97
9336,Stephanie Richardson,williamwilliams@example.com,USA,2024-10-02,Basic,11927.47
9337,Matthew Moore,samanthagarner@example.org,Canada,2021-10-18,Standard,27742.89
9338,Theresa Erickson,terrancehorton@example.net,Australia,2024-07-28,Basic,24153.77
9339,David Bishop,hunteranthony@example.com,India,2024-08-13,Standard,10874.02
9340,Anthony Washington,william22@example.org,Canada,2024-03-09,Standard,20205.39
9341,Brian Carter,bestsylvia@example.com,USA,2023-03-16,Basic,6131.19
9342,Monica Mclaughlin,qbanks@example.net,UK,2021-03-22,Standard,48803.29
9343,Brian Haley,sarajohnson@example.net,Germany,2024-01-22,Standard,13907.14
9344,Ryan Harris,vincent15@example.org,Canada,2024-10-14,Standard,22984.04
9345,Vanessa Martinez,sharonwright@example.org,India,2023-06-05,Basic,13814.34
9346,Ashley Miller,scott39@example.net,UK,2024-05-22,Basic,19377.56
9347,Danny Carpenter,higginsdonna@example.com,USA,2024-02-13,Basic,12952.63
9348,Mike Hughes,deborah18@example.org,India,2022-02-12,Premium,40128.06
9349,Chelsea Wilson,melissathomas@example.org,Australia,2023-03-01,Standard,25874.61
9350,Laura Ford,jacquelineberry@example.net,Australia,2021-02-22,Standard,29113.15
9351,Sherri Adams,rogersluis@example.net,USA,2021-12-05,Basic,46233.81
9352,Angie White,smithkathryn@example.com,Germany,2023-11-17,Standard,13397.25
9353,Natasha Barr,aspencer@example.org,Australia,2024-03-12,Basic,45050.19
9354,Paula Evans,cbarnes@example.net,Australia,2022-06-10,Basic,12457.24
9355,Jordan Silva MD,kcohen@example.net,Canada,2022-01-25,Basic,45181.1
9356,Colleen Gonzalez,lori25@example.net,USA,2022-07-23,Basic,31004.62
9357,Matthew Holt,garrett58@example.org,USA,2024-05-13,Standard,7417.17
9358,Rachel Walker,leah13@example.org,India,2021-01-22,Basic,28820.75
9359,Andrea Cummings,dorothy51@example.com,Canada,2021-05-03,Premium,43868.58
9360,Theresa Obrien,sarahmccoy@example.org,India,2020-05-23,Standard,21866.91
9361,Jo Watts,dancox@example.org,Germany,2022-02-19,Standard,34134.87
9362,Cody Mora,amclaughlin@example.org,France,2022-11-06,Premium,15021.58
9363,Tammy Baker,ghurst@example.org,Germany,2022-02-12,Standard,23128.04
9364,Robin Washington,rebecca54@example.net,Germany,2024-03-15,Standard,25966.64
9365,Jennifer Newman,bob85@example.com,Australia,2020-07-21,Basic,1184.22
9366,Mark Harrington,huffmanjames@example.com,India,2023-06-07,Standard,44483.38
9367,John Brown,steven70@example.org,Germany,2023-02-18,Standard,13552.62
9368,Paul Davis,danielle71@example.org,Australia,2020-04-21,Standard,10597.64
9369,James Jordan,hamiltonedwin@example.net,UK,2023-09-28,Basic,45573.11
9370,Kristin Juarez,jennifer56@example.net,France,2020-04-22,Basic,34344.27
9371,Sharon Benton,riverakaren@example.com,UK,2020-11-25,Premium,23420.37
9372,Mary Franklin,bennettdana@example.com,Canada,2020-12-26,Basic,23571.52
9373,Sonya Myers,kim16@example.org,Germany,2021-02-07,Standard,24096.18
9374,Dr. Abigail Parker,kimberly20@example.net,France,2023-10-08,Basic,27133.4
9375,Aaron Rivas,vhunt@example.net,Australia,2023-06-06,Basic,30025.74
9376,Rachel Hall,robertsrichard@example.net,USA,2022-07-18,Basic,46129.78
9377,Joshua Pruitt III,barrettsara@example.org,Australia,2024-05-11,Standard,6456.06
9378,Karen Williams,monicagarrett@example.com,Germany,2022-09-17,Standard,29951.26
9379,Beth Cannon,gonzalezalexis@example.net,France,2024-06-15,Basic,48001.68
9380,Alison Hanson,cookderek@example.net,India,2021-07-22,Basic,10434.36
9381,David Richards,rodriguezdarin@example.com,Australia,2022-12-14,Standard,46765.19
9382,Stephanie Miller,emily23@example.com,Germany,2020-01-14,Standard,34701.84
9383,Jason Young,heidicarlson@example.com,Canada,2020-07-07,Premium,28981.1
9384,Cody Suarez,maria40@example.net,Canada,2020-12-22,Standard,37716.39
9385,James Dixon,rberry@example.net,Canada,2020-04-11,Standard,44333.74
9386,Robert Watson,mmcdaniel@example.org,Canada,2023-08-21,Standard,24848.3
9387,Lisa Wright,vflores@example.com,Australia,2024-01-10,Standard,38091.46
9388,Janice Miller MD,jerrydonaldson@example.com,France,2021-03-05,Standard,26592.31
9389,David Davis,toddbarber@example.org,USA,2021-09-25,Basic,40295.98
9390,Cheryl Mcgrath,laura49@example.org,USA,2023-10-14,Standard,38461.63
9391,Maria Davis MD,dylan61@example.net,Germany,2021-12-21,Standard,43316.85
9392,David Taylor,agarner@example.org,France,2021-11-01,Standard,461.22
9393,Julie Thomas,mriddle@example.org,UK,2021-10-10,Standard,6551.88
9394,Adam Palmer,danielrobinson@example.com,USA,2021-07-19,Premium,593.56
9395,Cindy Herman,sharon82@example.org,India,2023-01-10,Standard,43469.83
9396,Patricia Brewer,mcknighttaylor@example.net,Germany,2022-07-31,Basic,39315.17
9397,Victoria Orozco,maydylan@example.net,Canada,2022-10-29,Standard,36993.92
9398,Shawn Williams,wjackson@example.com,India,2021-07-06,Standard,26010.94
9399,Christopher Johnson,benjaminfitzgerald@example.com,Canada,2024-06-12,Standard,13422.3
9400,Charles Jimenez,jefferybeck@example.com,USA,2022-07-12,Standard,2178.14
9401,Patricia Ingram,gonzalezsamuel@example.org,Germany,2024-02-04,Standard,15840.99
9402,Justin Simpson,davidthompson@example.com,Canada,2023-09-11,Standard,10075.16
9403,Kimberly Chavez,phillipsstephen@example.com,USA,2022-12-01,Standard,23112.27
9404,Jeffery Kelly,kathleen07@example.net,Australia,2020-10-12,Standard,42252.61
9405,Jeffery Wheeler,claudia53@example.org,Canada,2021-04-23,Premium,31003.76
9406,Patricia Miller,devans@example.com,Canada,2021-03-27,Premium,18143.99
9407,Maria Harvey,mendozaaaron@example.org,USA,2023-02-13,Basic,1984.43
9408,Amy Suarez,ashleyfreeman@example.com,India,2024-12-27,Basic,32953.98
9409,Penny Smith,elizabethhinton@example.net,UK,2022-02-01,Premium,1164.41
9410,Cynthia Aguilar,barbara46@example.net,France,2021-03-20,Basic,45521.7
9411,Tyrone Klein,brandybyrd@example.net,UK,2020-04-01,Basic,17695.95
9412,Kathryn Smith,kyoung@example.org,Australia,2022-08-05,Basic,1564.65
9413,Lori Martinez,austinheather@example.com,France,2024-06-28,Standard,40181.97
9414,Amanda Vega,gibsonjessica@example.com,USA,2021-06-14,Basic,3100.06
9415,Alicia Walsh,sarah68@example.net,USA,2022-02-19,Standard,46227.13
9416,Richard Crawford,normanbrian@example.net,India,2020-12-13,Premium,48736.73
9417,Kim Johnston,lrandolph@example.org,France,2021-04-01,Standard,27965.47
9418,Bruce Freeman,beverly46@example.com,Australia,2022-12-12,Premium,14681.09
9419,Robert Sampson,driley@example.net,USA,2022-10-30,Standard,26631.83
9420,Lauren Myers,alicia33@example.net,France,2021-11-13,Basic,34674.11
9421,Michael Rojas,crystal05@example.net,UK,2021-06-14,Standard,40406.61
9422,Eric Khan,jennifer31@example.net,India,2024-08-07,Standard,6309.85
9423,Hannah Grant,andrew64@example.org,France,2020-09-11,Standard,45511.38
9424,Ann Hunter,jasonjames@example.org,India,2020-02-03,Basic,14936.35
9425,Scott Rogers,thomas91@example.com,UK,2021-11-08,Standard,45769.52
9426,Christopher Chapman,rickythomas@example.net,UK,2020-02-20,Basic,24322.13
9427,Mark Thomas,esmith@example.com,Germany,2020-06-11,Standard,40586.29
9428,William Parker,cookamy@example.org,Australia,2024-03-24,Premium,41568.28
9429,Amy Ruiz,mshelton@example.net,UK,2023-02-10,Standard,11911.44
9430,Laura Austin,robleskaren@example.net,Canada,2022-07-31,Standard,4323.82
9431,Laura Thompson,xwhite@example.net,USA,2021-02-20,Premium,33956.71
9432,Vanessa James,brian65@example.com,Canada,2024-12-18,Basic,21885.88
9433,Robert Parrish,brandicampos@example.com,USA,2020-02-15,Premium,17816.29
9434,Steven Lee,jason17@example.com,Australia,2020-04-18,Standard,9314.83
9435,Melissa Vasquez,plarson@example.com,UK,2023-08-19,Standard,34309.5
9436,Becky Greene,bradleyabbott@example.com,Canada,2021-11-17,Basic,33103.03
9437,Taylor Vasquez,wscott@example.com,India,2023-10-11,Basic,29628.26
9438,Craig Cain,erin19@example.org,USA,2020-06-09,Basic,6284.28
9439,Wendy Riley,james94@example.org,UK,2023-11-02,Basic,41545.39
9440,Deanna Brown,michael72@example.org,UK,2021-09-25,Standard,37112.89
9441,Christopher Keith,kaitlynsoto@example.org,Germany,2022-04-27,Premium,39980.44
9442,Martha Duncan,gellis@example.org,India,2024-06-18,Basic,14779.14
9443,Kelsey Fletcher,pattersonlauren@example.org,Germany,2023-11-15,Standard,5844.92
9444,Carl Hunter,jenningswendy@example.org,France,2020-12-26,Standard,1619.4
9445,Mrs. Catherine Newton,kellymelissa@example.org,France,2022-03-01,Standard,14476.53
9446,Caroline Porter,johnsonjason@example.net,France,2023-11-28,Premium,45880.76
9447,Sandra Adams,clarkmichael@example.net,India,2021-11-08,Basic,20707.37
9448,Joseph Blanchard,gregorybishop@example.net,Australia,2022-03-18,Standard,17679.61
9449,Ashley Wood,joseph98@example.org,France,2020-07-30,Basic,10595.47
9450,Alexis Hansen,rkim@example.org,Australia,2023-08-15,Standard,3982.37
9451,Krista Liu,baldwineric@example.org,India,2021-07-01,Basic,6791.81
9452,Mr. Juan Phillips,rodrigueztina@example.com,USA,2024-01-29,Standard,16553.8
9453,Terry Sexton,jamespeterson@example.com,Germany,2024-03-13,Basic,31416.51
9454,Shawn Stevens,lee09@example.com,Australia,2024-05-17,Standard,28763.75
9455,Jillian Miller,arichards@example.net,USA,2024-05-23,Standard,35431.17
9456,Jeremy Henderson,rbrown@example.com,India,2023-09-01,Standard,7504.4
9457,Mitchell Castillo,nathan79@example.com,UK,2023-10-09,Standard,40589.88
9458,Ronald Pierce,saguirre@example.org,Germany,2023-07-18,Standard,2023.02
9459,Kristina Ingram,david95@example.net,Germany,2022-09-06,Basic,43720.88
9460,Colleen Young,brent37@example.com,Australia,2021-12-19,Standard,14282.0
9461,Ronald Parrish,bruce84@example.net,Canada,2022-03-12,Standard,36886.86
9462,Abigail Barnes,elee@example.com,Germany,2021-03-28,Standard,36009.43
9463,Todd Calhoun,heatherbrown@example.net,Australia,2020-08-07,Standard,6715.33
9464,Dylan Gomez,gkelly@example.org,France,2020-02-25,Standard,21146.5
9465,Ryan Walker,bennetttanya@example.net,Canada,2020-07-27,Premium,16561.62
9466,Gerald Taylor,zhubbard@example.com,France,2023-03-27,Standard,1590.62
9467,Joyce Chan,mmiller@example.com,USA,2022-08-28,Standard,22392.9
9468,David Hughes,tammylee@example.com,France,2022-10-21,Basic,18842.64
9469,Mary Roberts,alicia22@example.net,India,2024-08-05,Premium,38812.83
9470,Richard Rivera,kfriedman@example.net,USA,2024-05-05,Premium,24185.51
9471,David Miller,caseyzoe@example.com,UK,2023-12-30,Basic,47101.5
9472,Joseph Bates,sherri52@example.com,Canada,2024-12-07,Basic,34702.2
9473,Jill Holt,foxbilly@example.net,USA,2024-02-21,Premium,45329.46
9474,Ryan Mendoza,lauragordon@example.net,France,2022-12-27,Premium,17015.34
9475,Robert Torres,taylorvillarreal@example.org,Australia,2024-12-19,Standard,12108.92
9476,Brent Gonzales,opennington@example.org,UK,2023-02-20,Standard,48174.95
9477,Tammy Day,brownrobert@example.com,Australia,2020-05-15,Standard,21813.56
9478,Renee Simmons,crystalatkins@example.net,USA,2024-08-03,Premium,49605.93
9479,Sean Avila,amber47@example.org,Australia,2021-03-07,Standard,10256.51
9480,Eric Boyer,william36@example.net,Canada,2024-08-09,Basic,24234.35
9481,Carl Rogers,hartjay@example.net,Australia,2024-08-07,Basic,20796.59
9482,Matthew Chan,theodoreadams@example.org,India,2021-07-09,Basic,30676.8
9483,Paul Johnson,david10@example.com,Canada,2022-01-06,Standard,40196.29
9484,Marc Watkins,richardrodriguez@example.net,France,2021-06-28,Premium,20927.02
9485,Thomas Manning,zcaldwell@example.org,Canada,2023-07-07,Standard,4064.94
9486,Richard Gonzalez,reedchristian@example.com,India,2024-08-28,Basic,34056.58
9487,Larry Chase,shawn54@example.net,Germany,2023-06-23,Basic,4765.14
9488,Ethan Mullins,zmartinez@example.com,Canada,2021-10-28,Standard,11652.53
9489,Jacob Thomas,garciaapril@example.net,UK,2024-04-30,Standard,2406.67
9490,Adam Decker,geraldfrederick@example.net,Australia,2020-12-22,Standard,12204.24
9491,Christopher Hayes,jennifer48@example.org,India,2021-10-06,Standard,1898.74
9492,Michelle Vargas,nlopez@example.com,France,2022-08-06,Basic,25930.9
9493,Taylor Rogers,williamsjohn@example.org,Germany,2023-01-16,Standard,33992.92
9494,Teresa Larson,xsutton@example.net,Australia,2024-05-19,Premium,18653.1
9495,Jamie Armstrong,nicholemurphy@example.org,Canada,2021-05-06,Premium,4006.12
9496,Anthony Fowler,laurenwilson@example.org,India,2024-02-18,Basic,8743.26
9497,Pamela Smith,brentrodriguez@example.org,USA,2021-03-22,Standard,1745.62
9498,David Harper,lrobertson@example.com,France,2022-02-17,Standard,36705.03
9499,Karen Levy,jill15@example.net,France,2021-03-13,Basic,21728.11
9500,Rebekah Miller,paulamiller@example.org,Germany,2021-04-08,Premium,45491.39
9501,Patricia Conway,bartlettrobert@example.org,France,2021-05-03,Basic,27212.83
9502,Richard Miles,jonathan69@example.com,France,2021-07-06,Standard,47187.49
9503,Michelle Smith,nsmith@example.net,Australia,2020-03-22,Premium,26661.56
9504,Mark Johnson,robertbeasley@example.net,USA,2020-06-12,Standard,47634.32
9505,Mark Peters,johnsonandrew@example.com,Germany,2021-05-20,Premium,37820.46
9506,Peter Irwin,kperez@example.net,Canada,2022-11-24,Standard,12498.45
9507,Eric Shea,jessica97@example.net,Australia,2020-03-24,Basic,40238.8
9508,Mary Walters,markbrown@example.com,Canada,2020-07-19,Standard,15018.98
9509,Jorge Baldwin,cglass@example.org,France,2022-01-24,Premium,9398.76
9510,Sara Rubio,curtislopez@example.net,Canada,2020-02-15,Standard,24088.66
9511,Tiffany Calhoun,eoconnell@example.net,USA,2023-07-16,Basic,15417.01
9512,Jonathan House,schroederlisa@example.net,Canada,2024-03-11,Standard,32447.38
9513,Laura Harris,sarahsuarez@example.net,USA,2021-03-05,Standard,8406.04
9514,Martin Poole,parsonsjacqueline@example.net,Germany,2020-07-01,Basic,20382.61
9515,Joe Bishop,justin57@example.org,Germany,2022-09-11,Basic,16430.36
9516,Brian Lopez,grahamrachel@example.net,India,2020-06-28,Standard,23771.14
9517,Pamela Andrade,jason10@example.com,Canada,2022-06-30,Standard,30508.26
9518,James Chapman,lhooper@example.com,USA,2023-07-15,Standard,22348.62
9519,Sarah Wells,harrisonjohn@example.org,India,2021-12-27,Basic,12936.47
9520,Michelle Humphrey,eferguson@example.org,Canada,2023-12-05,Standard,39679.16
9521,Kathryn Roberts,solsen@example.net,France,2024-01-04,Standard,4683.39
9522,Angel Mason,nathan56@example.com,UK,2021-11-22,Basic,20228.43
9523,Mr. Matthew Smith,sandra11@example.com,France,2023-04-30,Premium,14029.52
9524,Linda Davis DVM,keithrichmond@example.com,Australia,2020-09-21,Standard,39632.71
9525,Jeff Cameron,lstanley@example.com,France,2022-11-07,Premium,27820.41
9526,Jennifer Simmons,williamstanner@example.org,Germany,2022-07-07,Standard,38307.05
9527,Jennifer Kaufman,danny37@example.net,France,2024-04-29,Standard,33416.83
9528,Denise Williams,jwilliams@example.org,Canada,2021-07-10,Premium,44878.98
9529,Benjamin Garcia,michael70@example.org,France,2022-09-10,Standard,42005.13
9530,Michael Kennedy,cheyenne08@example.org,France,2023-10-01,Basic,12225.36
9531,Jamie Sutton DDS,samantha20@example.org,Canada,2024-09-14,Standard,44063.11
9532,Brittany Colon,jamesmack@example.org,India,2023-04-01,Standard,24583.2
9533,David Hayes,melissahubbard@example.com,USA,2024-10-27,Premium,23438.75
9534,Christopher Owens,andersondaniel@example.com,USA,2024-07-19,Basic,38699.54
9535,Emily Davidson,xhall@example.org,India,2021-08-11,Standard,35643.7
9536,Vicki James,chamilton@example.net,USA,2024-12-15,Standard,46003.88
9537,John Thomas,keithrojas@example.net,France,2024-02-04,Basic,48186.7
9538,Deborah Murphy,rpeterson@example.com,Germany,2024-03-07,Standard,46419.29
9539,Sara Johnson,earldavidson@example.com,Canada,2023-03-07,Standard,19313.6
9540,Jeffrey Spears,jonesmary@example.net,Canada,2022-08-07,Basic,33821.4
9541,Mitchell Curry,claire78@example.org,Germany,2024-06-08,Standard,40990.35
9542,Cynthia Ferguson,oholloway@example.com,Australia,2021-08-04,Basic,41301.17
9543,Ryan Jones,holdenpatrick@example.org,Germany,2021-07-26,Standard,33882.37
9544,Jose Cantu,frederickhernandez@example.org,India,2021-11-22,Standard,3448.48
9545,Joshua Velasquez,vmathis@example.org,Canada,2024-11-29,Basic,31896.35
9546,Elizabeth Gardner,dustin79@example.org,Germany,2023-09-08,Standard,31993.47
9547,Kathryn Davis,cray@example.net,Australia,2021-06-29,Standard,48408.95
9548,Sydney Henson,caitlinmiller@example.com,Australia,2022-09-01,Premium,1917.41
9549,Kathleen Myers,,UK,2022-08-05,Standard,21776.21
9550,Matthew Mccoy,sellersscott@example.org,USA,2024-11-29,Standard,12734.42
9551,Mrs. Andrea Lopez,fishermichael@example.com,India,2023-01-06,Standard,4480.23
9552,Eric Griffin,brittany56@example.net,France,2021-05-08,Standard,12577.99
9553,Michelle Anderson,jared54@example.org,Canada,2021-04-21,Basic,6950.67
9554,Mark Solis,guy73@example.com,USA,2020-12-18,Premium,28764.5
9555,Steven Lang,john04@example.net,France,2021-02-13,Standard,33566.43
9556,Doris Walker,bartongeorge@example.net,France,2020-03-23,Basic,20501.51
9557,Edward Sparks,dharper@example.org,France,2024-10-06,Standard,15898.28
9558,Frank May,tiffany91@example.com,Canada,2020-09-30,Standard,27216.81
9559,Rodney Thomas,lynchcarolyn@example.com,France,2020-11-08,Basic,45630.81
9560,Larry Fernandez,mmedina@example.org,Canada,2021-03-03,Basic,25085.14
9561,Jackson Hanna,ewise@example.org,Australia,2021-10-11,Basic,20596.75
9562,Charles Wolfe,rhondamora@example.com,Australia,2023-02-06,Premium,24549.43
9563,John Tapia,johnsonlisa@example.net,France,2020-03-24,Basic,38992.83
9564,Nicholas Castaneda,chavezdebra@example.com,India,2022-09-24,Standard,4879.85
9565,Krista Walker,daviswilliam@example.com,UK,2022-10-02,Basic,37224.85
9566,Andrew Taylor,dawn40@example.net,Germany,2024-05-28,Basic,36860.26
9567,Glenn Parker,rhondahumphrey@example.org,Germany,2020-03-31,Premium,7639.95
9568,Gabrielle Smith,cookgabriella@example.com,France,2024-08-31,Standard,17543.63
9569,Raymond Warner,mjackson@example.net,Australia,2024-07-04,Standard,41689.59
9570,Candice Smith,williamflores@example.org,UK,2020-06-19,Basic,20380.82
9571,Justin Stone,eric09@example.com,France,2020-06-19,Premium,42377.51
9572,Donald Reynolds,tiffanywilliams@example.org,Germany,2021-07-15,Basic,17632.22
9573,Kathryn Hutchinson DDS,flee@example.org,France,2024-07-05,Premium,5741.91
9574,Tiffany Petersen,rodriguezwilliam@example.net,UK,2024-12-22,Standard,49007.59
9575,Patricia Newman,elizabethwalker@example.net,Canada,2020-03-06,Premium,47114.6
9576,Joseph Cooper,mflowers@example.org,India,2021-02-28,Standard,36605.51
9577,Bradley Jordan,arroyologan@example.com,Canada,2022-02-18,Standard,11119.18
9578,Joy Yang,dbennett@example.com,UK,2024-12-15,Premium,37583.41
9579,Julie Cross,ochandler@example.com,Australia,2024-10-23,Basic,5525.87
9580,Veronica Young,robert57@example.org,Germany,2021-09-30,Standard,17023.7
9581,Melissa Davis,markcortez@example.com,Australia,2022-07-22,Basic,5600.53
9582,Vanessa Robinson,markbrown@example.org,Australia,2023-03-10,Standard,41735.2
9583,Matthew Wilkins,diana52@example.com,India,2024-06-02,Standard,30518.5
9584,Jessica Frazier,suzannebraun@example.org,Germany,2020-11-21,Standard,4440.73
9585,Christopher Lee,marianoble@example.org,UK,2020-12-04,Standard,19967.36
9586,Cody Patton MD,albert00@example.com,India,2021-10-10,Standard,20145.14
9587,Donald Li,loriporter@example.net,Australia,2024-07-08,Basic,17053.65
9588,Brandi Jones,timothyhill@example.org,India,2020-12-26,Basic,12602.28
9589,Christopher Smith,justin76@example.org,UK,2023-03-10,Standard,21107.22
9590,Gabrielle Richardson,lauren48@example.org,Australia,2023-09-26,Basic,33755.16
9591,Hannah Hughes,caitlin76@example.net,UK,2023-09-26,Basic,37394.75
9592,Paige Wright,sanfordsharon@example.org,USA,2022-07-13,Basic,5725.46
9593,Rebecca Gonzales,hendersonjeffrey@example.net,India,2023-03-29,Basic,45180.68
9594,Daniel Rodriguez,emilybaker@example.com,Canada,2024-03-06,Basic,46172.83
9595,Megan Carpenter,ykhan@example.net,Germany,2023-04-27,Premium,28994.46
9596,Michael Smith,snyderdeborah@example.com,UK,2023-12-29,Basic,38652.81
9597,Zachary Young,perkinsdaniel@example.org,Australia,2022-04-20,Premium,26175.25
9598,Michael Huff,xtrujillo@example.net,Canada,2021-07-18,Standard,34438.99
9599,Angela Hawkins,gabriel54@example.net,USA,2023-03-09,Premium,12122.31
9600,Timothy Richardson,joseph41@example.com,Canada,2022-07-24,Premium,40192.8
9601,Kyle Peterson,thompsoneric@example.net,Canada,2021-08-24,Basic,933.23
9602,Nancy Bates,gpace@example.org,Australia,2020-05-16,Standard,14165.62
9603,Heather Calderon,collinsbryan@example.net,France,2022-03-16,Standard,4186.84
9604,Autumn Watson,angela00@example.com,Australia,2023-08-26,Standard,40903.2
9605,Jessica Ingram,warrenalexander@example.net,Australia,2020-10-10,Standard,9498.44
9606,Monica Thomas,ashley93@example.com,Australia,2020-08-27,Basic,11437.39
9607,Debra Guzman,stephen22@example.net,USA,2023-12-13,Premium,34201.87
9608,Billy Sullivan,christina37@example.org,UK,2022-12-17,Standard,16782.97
9609,Thomas Randolph,austinclark@example.org,Australia,2022-01-09,Standard,5607.4
9610,Ronnie Mathews,mwood@example.net,India,2023-10-29,Basic,15298.9
9611,Oscar Villegas,peter85@example.net,Canada,2024-01-14,Standard,3333.18
9612,Jason Johnson,barrettmelissa@example.com,France,2022-05-08,Standard,1735.58
9613,Stephanie Ruiz,jillbird@example.net,UK,2023-05-17,Premium,11145.74
9614,Joseph Garrett,howellbilly@example.com,USA,2022-07-03,Basic,36197.91
9615,Jennifer Howard,beverlymiller@example.net,USA,2022-12-04,Standard,38221.25
9616,Joseph Diaz,brentcruz@example.net,India,2020-09-06,Standard,38635.08
9617,Sue King,raymondthomas@example.com,France,2021-05-18,Premium,35057.81
9618,Anna Robbins,christina27@example.com,India,2021-03-31,Standard,27058.94
9619,Jennifer Landry,amber07@example.org,USA,2020-05-01,Standard,49543.61
9620,Elizabeth Yates,markstewart@example.org,USA,2021-05-19,Basic,1746.94
9621,Natalie Watson DDS,chungmadison@example.net,France,2024-12-21,Premium,23174.86
9622,Jordan Newman,aaronsantos@example.org,Canada,2021-04-13,Basic,22097.72
9623,Isaiah Bender,,India,2023-04-11,Premium,35217.81
9624,Marvin Edwards,stephaniejohnson@example.org,Australia,2023-01-29,Premium,44936.28
9625,Gabriella Foster,xtaylor@example.net,Canada,2020-09-05,Standard,10687.26
9626,Mike Hahn,nathanielmartinez@example.com,Australia,2022-11-26,Basic,37268.02
9627,Tanya King,shannonpatel@example.net,India,2024-07-08,Standard,42357.81
9628,Rebecca Smith,tina52@example.com,UK,2024-08-08,Standard,22755.27
9629,Adam Doyle,elizabeth18@example.net,France,2023-03-20,Standard,17794.84
9630,Christy Burgess,scruz@example.net,India,2021-06-29,Basic,11914.06
9631,Leslie Gibson,paulwalton@example.net,France,2022-11-25,Standard,1623.28
9632,Jared Waters,jenkinselizabeth@example.com,France,2021-11-28,Basic,34313.0
9633,Claire Graham,elizabethfitzgerald@example.net,Canada,2022-09-18,Basic,29524.13
9634,Jessica Underwood,sreyes@example.org,Canada,2021-06-18,Standard,27454.99
9635,Elizabeth Anthony,longpamela@example.com,USA,2021-02-11,Standard,24457.49
9636,Franklin Schwartz,mark40@example.com,USA,2024-12-08,Basic,14447.37
9637,Jennifer Nichols,davidbaker@example.org,Germany,2023-05-07,Standard,35698.05
9638,Julie Douglas,glenneric@example.org,USA,2024-08-19,Standard,19346.78
9639,Donald Jackson,regina12@example.com,France,2021-02-12,Basic,14871.16
9640,Tina Stevenson DDS,anthonyburgess@example.net,Australia,2024-03-13,Standard,7547.18
9641,Mariah Cruz,vdavis@example.org,Canada,2021-11-23,Standard,46576.65
9642,Zachary Parker,david85@example.net,UK,2024-10-11,Premium,24923.4
9643,Emily Palmer,heatherdavis@example.org,Australia,2020-02-16,Standard,18496.69
9644,Thomas Newton,xhunt@example.net,France,2024-01-22,Standard,43480.49
9645,Christopher Singh,umclean@example.net,Germany,2024-03-11,Basic,16084.86
9646,Jonathan Grimes,teresa39@example.org,USA,2024-01-08,Basic,9196.16
9647,Eric Moran,zporter@example.org,India,2020-10-28,Standard,8089.75
9648,Keith Brock,hoganwilliam@example.org,India,2021-05-18,Premium,46622.87
9649,Joel Caldwell,erica21@example.org,France,2022-12-04,Standard,37006.88
9650,Lauren Brown,gwatts@example.com,Australia,2020-12-25,Premium,21861.89
9651,Sandra Davis,paula94@example.org,Australia,2023-06-03,Premium,5965.25
9652,Kayla Ayers,rthomas@example.org,Australia,2024-12-21,Basic,39418.58
9653,Crystal Miller,ryan13@example.com,Germany,2024-12-02,Premium,32502.72
9654,Ashley Vargas,zholland@example.com,France,2023-02-19,Basic,274.06
9655,Susan Vega,ipierce@example.net,Germany,2021-09-17,Standard,2543.04
9656,James Green,owhite@example.org,Australia,2024-07-03,Basic,25029.75
9657,Matthew Wolfe,nhall@example.org,UK,2023-08-07,Premium,1303.75
9658,Thomas Ford,collin29@example.net,Australia,2022-02-21,Basic,33382.22
9659,Michele Wells,wyattjonathon@example.com,Germany,2023-11-30,Standard,24598.28
9660,Karen Johnson,trevorstein@example.org,Germany,2020-06-28,Premium,13948.76
9661,Sarah Hammond,jestrada@example.net,France,2024-07-03,Premium,19346.29
9662,Christian Osborne MD,katiepeterson@example.org,India,2024-04-16,Basic,5348.54
9663,Patrick Cantu,monica83@example.com,UK,2022-02-08,Standard,38668.12
9664,Luke Henry,susanosborne@example.net,France,2021-08-22,Standard,21757.3
9665,Benjamin Rogers,jacob39@example.net,Australia,2024-03-15,Standard,31823.42
9666,Gina Zimmerman,haydenmichael@example.org,Australia,2022-09-21,Standard,34798.67
9667,Mrs. Karen Logan,kbuchanan@example.net,Germany,2024-09-18,Premium,29682.83
9668,Justin Rodriguez,hsmith@example.net,USA,2022-10-17,Premium,43279.5
9669,Thomas Walker,garciavictoria@example.org,Australia,2024-06-18,Premium,10312.15
9670,Alex Foster,jeremyhill@example.com,UK,2024-04-21,Basic,36493.71
9671,Jennifer Morrow MD,schaefercarrie@example.net,Germany,2021-06-07,Basic,23032.23
9672,Robert Jacobs,fowlerdaniel@example.org,USA,2021-01-29,Standard,33543.93
9673,Daisy Perkins,nelsonmercedes@example.org,USA,2020-01-10,Premium,24849.86
9674,Dr. Shirley Barr,jasonharvey@example.net,India,2023-04-20,Standard,13357.62
9675,John Clark,tylermelissa@example.net,Canada,2023-10-07,Standard,31984.21
9676,Scott Murphy DDS,phillipsrebecca@example.org,USA,2020-01-07,Standard,27594.74
9677,Austin Rich,wjohnson@example.org,Canada,2020-09-07,Standard,24882.21
9678,John Sanchez,james42@example.net,Germany,2021-03-25,Basic,14179.43
9679,Daniel Saunders,nathan49@example.org,Germany,2020-08-17,Standard,43179.49
9680,Janet Bryan,kevinmiller@example.net,France,2021-09-02,Standard,33936.9
9681,Ashley Gilbert,ymorris@example.net,UK,2021-09-09,Standard,10886.39
9682,Veronica Underwood,deborahmiller@example.com,USA,2020-08-05,Standard,28976.58
9683,John Lawson,henry28@example.org,Germany,2020-04-30,Premium,17598.33
9684,Ryan Cole,ischmidt@example.org,Canada,2020-09-21,Basic,30620.54
9685,Stephanie Rodriguez,nicholas75@example.org,India,2024-11-04,Standard,12783.22
9686,Ernest Tucker,michael01@example.com,France,2021-03-23,Premium,19138.03
9687,Alison Miranda,nchavez@example.net,Germany,2024-08-08,Standard,28473.0
9688,Jorge Hill,alan28@example.org,Australia,2020-08-22,Standard,10619.86
9689,Alexander Jacobs,christopher84@example.org,USA,2023-12-03,Premium,31392.97
9690,Lisa Russell,aphillips@example.org,USA,2023-08-11,Standard,27884.89
9691,Tracy Harris,robert21@example.org,India,2023-02-27,Standard,26565.43
9692,Steven Barber,alexander55@example.org,Germany,2022-03-03,Basic,39168.07
9693,Betty Jacobs,jsloan@example.net,UK,2020-05-05,Standard,42170.82
9694,Philip Gill,sarahramirez@example.com,USA,2020-06-08,Standard,2757.84
9695,Jennifer Kelley,brianrichard@example.net,France,2024-04-12,Standard,27488.14
9696,Sarah Madden,bmorgan@example.com,Germany,2023-12-04,Standard,6282.12
9697,Janice Patel,nicolegaines@example.com,USA,2020-05-26,Premium,29585.43
9698,Peter Lee,hlee@example.com,France,2024-11-11,Premium,37325.83
9699,Jonathan Madden,oellis@example.org,India,2023-12-18,Standard,48680.37
9700,Barbara Weaver DDS,anne67@example.org,Canada,2024-11-11,Premium,11129.31
9701,Emily Lee,mendozaanna@example.net,Germany,2024-03-25,Standard,21631.92
9702,Jessica Fritz,vsmall@example.net,Australia,2021-11-18,Premium,12290.32
9703,Lisa Rodriguez,xdaniel@example.com,France,2024-12-13,Standard,40574.7
9704,Lucas Wilson,karla82@example.org,Germany,2021-05-17,Basic,32244.09
9705,Caroline Oliver,jkaiser@example.org,India,2023-05-15,Standard,24169.54
9706,Sarah Barber,davidvalenzuela@example.org,France,2023-07-22,Basic,39070.64
9707,Joseph Steele,urobinson@example.net,Germany,2024-08-06,Standard,10271.62
9708,Victoria Williams,mistyharper@example.com,Australia,2021-10-13,Standard,10662.98
9709,Jonathon Obrien,jorge28@example.org,France,2023-11-06,Standard,12456.99
9710,Linda Craig,michael77@example.net,Australia,2020-02-12,Premium,34527.71
9711,Benjamin Malone,ashley50@example.com,Germany,2021-04-01,Premium,29421.76
9712,Janice Mclean,clambert@example.com,Australia,2022-10-11,Standard,2603.18
9713,Crystal Campbell,jamesmary@example.com,USA,2022-11-06,Premium,39382.16
9714,Jacob Taylor,murphytimothy@example.org,UK,2021-06-10,Basic,18720.68
9715,Jane Long,robert39@example.net,France,2024-07-16,Basic,9404.02
9716,Julie George,mosssara@example.org,France,2021-05-28,Premium,28873.23
9717,Anthony Villarreal,erin26@example.net,UK,2020-07-04,Standard,41356.5
9718,Breanna Evans,gonzaleznicole@example.com,Germany,2020-10-20,Premium,26090.62
9719,Michael Blevins,harveychristian@example.com,UK,2023-09-10,Premium,28674.24
9720,Jennifer Hart,kenneth89@example.org,USA,2023-07-10,Basic,29002.57
9721,Christopher Joseph,bakeranthony@example.net,Australia,2020-06-06,Standard,5397.14
9722,Joseph Morales,alexandrahall@example.net,Canada,2022-12-05,Premium,15062.11
9723,Ryan Carter,luisjefferson@example.org,Australia,2020-12-02,Basic,29690.93
9724,Daniel Jones,edwardwagner@example.net,USA,2023-08-25,Premium,13992.41
9725,Chad Mcdonald,qbailey@example.org,France,2022-01-10,Premium,47890.43
9726,Timothy Frazier,igross@example.com,India,2021-07-09,Standard,3643.08
9727,Joe Duran,perryjoseph@example.net,Germany,2024-04-29,Standard,20841.38
9728,Justin Jackson,,Australia,2023-06-19,Standard,5769.85
9729,William Cabrera,nguyenjason@example.com,Australia,2021-10-28,Basic,43146.72
9730,Valerie Hess,anna04@example.net,France,2023-02-28,Standard,48559.42
9731,Pamela Page,jacobsonchristian@example.net,UK,2023-01-28,Standard,39849.07
9732,Julie Newman,bduncan@example.com,Australia,2024-06-14,Premium,4548.71
9733,Joanna Gonzalez,brittanyberg@example.net,Canada,2021-11-29,Premium,9513.74
9734,Jacqueline Mullen,banksjames@example.com,Germany,2023-08-02,Standard,32186.98
9735,Derek Rodgers,hamptonjacob@example.net,Australia,2021-08-24,Basic,14385.99
9736,William Williams,cody97@example.com,Australia,2022-06-23,Standard,19278.98
9737,Travis Patel,gwright@example.com,UK,2023-12-19,Basic,45438.71
9738,Cynthia Davis,brandon47@example.net,USA,2022-10-20,Basic,262.0
9739,Heidi Parks,lopezamber@example.org,USA,2023-10-16,Premium,11602.69
9740,Ryan Hernandez,wdennis@example.org,France,2022-03-17,Basic,31186.88
9741,Sonya Johnson,victor08@example.net,France,2022-03-24,Premium,12572.93
9742,Earl Miller,eortega@example.net,USA,2020-12-14,Standard,43018.81
9743,Chris Horton,dawn79@example.com,Canada,2024-06-11,Standard,14825.68
9744,Brenda Smith,johnsonbenjamin@example.net,USA,2023-12-15,Standard,3196.74
9745,Daniel Rogers,fgarner@example.com,Australia,2021-05-24,Standard,17091.99
9746,Haley Klein,glennlewis@example.com,Australia,2020-01-16,Standard,2574.41
9747,Melissa King PhD,randerson@example.com,France,2022-11-23,Standard,39825.7
9748,Brooke Garcia,david95@example.net,USA,2024-05-06,Standard,42676.33
9749,Robert Sims,lisa81@example.net,India,2022-07-21,Standard,49761.11
9750,Larry Guerrero,mcleanbrittany@example.org,UK,2023-07-07,Standard,16931.12
9751,Eric Taylor,charris@example.org,India,2021-07-06,Standard,36933.15
9752,Monica Decker,james89@example.com,Canada,2021-03-26,Premium,8605.8
9753,Sharon Fisher,trevor05@example.com,UK,2023-06-06,Premium,16963.9
9754,Tristan Duncan,walkerhayley@example.net,India,2023-05-13,Standard,45281.76
9755,Jessica Ward,ruizjeffrey@example.net,UK,2022-07-07,Standard,41517.05
9756,Mary Romero,erik24@example.com,Germany,2024-10-15,Basic,16855.23
9757,Kristy Lee,rebecca17@example.org,India,2022-04-29,Standard,9933.24
9758,Kristen Anderson,donovantamara@example.org,UK,2022-03-21,Basic,715.42
9759,Nathan Harris,smithkathryn@example.net,Germany,2021-09-02,Basic,29904.39
9760,Elizabeth Smith,wking@example.org,Australia,2021-02-01,Standard,21611.61
9761,Jeremy Richardson,qharris@example.com,Canada,2020-07-24,Standard,5916.98
9762,Travis White,roger20@example.net,France,2021-05-11,Premium,18723.2
9763,Dominique Davidson,mackangela@example.org,Germany,2022-08-18,Premium,3071.27
9764,Daniel Shaw,james72@example.org,UK,2020-05-14,Basic,15270.49
9765,Thomas Jones,pamela75@example.net,USA,2021-03-15,Premium,29286.33
9766,Lisa Mendoza,greenjasmine@example.com,India,2023-12-11,Standard,32555.45
9767,Annette Hernandez,renee29@example.net,USA,2024-02-19,Standard,30419.45
9768,Vincent Sweeney,gregorymclean@example.com,Germany,2023-07-06,Standard,14283.76
9769,Holly Guerrero,ocastaneda@example.net,Canada,2023-03-16,Standard,25710.15
9770,Daniel Collins,aosborn@example.com,UK,2023-09-17,Basic,45073.9
9771,Rhonda Cox,lmccarthy@example.com,France,2021-07-26,Standard,14297.04
9772,Patricia Nichols,sheltontammy@example.com,USA,2021-04-02,Standard,385.51
9773,Mary Williams,porterlaura@example.com,India,2021-03-04,Premium,35559.06
9774,Taylor Montgomery,henrythomas@example.net,India,2024-10-13,Standard,2243.63
9775,Bruce Zhang,jamesparks@example.net,India,2021-07-10,Basic,32365.45
9776,Michael Bonilla,davidroy@example.com,France,2022-03-28,Standard,48986.66
9777,Jesse Davis,brad41@example.net,Germany,2024-12-19,Standard,20221.95
9778,Courtney Johnson,esmith@example.org,France,2024-02-25,Standard,34582.48
9779,Tonya Chavez,shaunbass@example.net,USA,2023-08-05,Premium,39984.57
9780,Jacqueline Fields,bbeck@example.net,India,2021-01-27,Standard,22907.4
9781,Barbara Clark,marquezsherri@example.net,France,2023-01-09,Basic,47587.15
9782,Christopher Perez,kaitlyn80@example.org,Australia,2020-03-31,Standard,13728.22
9783,Ralph Kim,marie63@example.com,France,2022-08-30,Premium,45452.04
9784,Joseph Beck,johnsoncrystal@example.net,UK,2024-03-28,Basic,35994.22
9785,Patricia Baker,christinelevine@example.com,Germany,2020-01-20,Premium,4845.65
9786,Daniel Rodgers,wgonzalez@example.com,USA,2020-10-04,Standard,44145.18
9787,Kevin Hernandez,thomascarpenter@example.org,USA,2024-10-01,Standard,41458.18
9788,Matthew Herrera,terri83@example.org,Germany,2024-10-11,Premium,48235.75
9789,Adrienne George,weberjacob@example.org,UK,2024-06-08,Standard,46710.9
9790,Christopher Myers Jr.,williambailey@example.com,Australia,2021-10-15,Basic,7462.82
9791,Michele Bright,peggybenson@example.org,Canada,2024-02-16,Basic,12664.72
9792,Joshua Morton,taylormark@example.com,USA,2023-02-12,Standard,41698.18
9793,Jade Richards,gmoore@example.org,France,2022-09-05,Basic,7989.11
9794,Edward Marshall,gina18@example.net,Australia,2021-11-01,Standard,46870.96
9795,Kyle Jefferson,james52@example.org,Australia,2024-02-17,Basic,8030.41
9796,Holly Rodriguez,ebooth@example.net,Germany,2020-05-26,Standard,2063.79
9797,Isabella Larson,vfitzgerald@example.net,Germany,2021-05-28,Standard,15615.75
9798,Travis Sanchez,damon24@example.org,India,2022-01-25,Basic,9975.36
9799,Katie Gross,nicholaswilson@example.com,Australia,2022-01-23,Basic,33067.78
9800,Heather Fischer,perezrichard@example.org,Canada,2023-02-08,Standard,35333.35
9801,Nicholas Bennett,caleb65@example.com,Australia,2024-11-04,Basic,45506.76
9802,Dr. Kristopher Perkins,aaronlee@example.com,UK,2024-06-10,Basic,35069.92
9803,Jamie Webb,christopherhammond@example.net,Australia,2022-08-04,Standard,43176.58
9804,Austin Stein,dbutler@example.org,India,2024-08-18,Standard,16968.26
9805,Juan Lewis,gmunoz@example.org,Canada,2024-05-11,Basic,2682.78
9806,Thomas Moore,wjones@example.org,USA,2021-01-30,Standard,1886.2
9807,Claudia Reynolds,davistracy@example.net,Canada,2020-12-13,Basic,1031.64
9808,Jonathan Clayton,ktate@example.org,France,2022-09-12,Basic,29957.5
9809,Andrew Garcia,rangelfelicia@example.org,Australia,2022-01-08,Basic,7317.58
9810,Devin Lucas,igrimes@example.org,Canada,2021-04-12,Basic,6964.7
9811,Brandi Schultz,qcherry@example.net,USA,2023-07-13,Standard,14538.05
9812,Julie Baker,douglas03@example.org,India,2024-12-07,Basic,33354.68
9813,William Byrd,nortonchristopher@example.com,Germany,2021-07-09,Standard,29717.04
9814,David Foster,fweber@example.org,Germany,2022-07-27,Basic,37647.54
9815,Dustin Gilbert,patrick47@example.org,Australia,2021-10-09,Basic,11773.28
9816,Robert Coleman,lee05@example.net,Germany,2023-10-08,Standard,11054.57
9817,Joseph Carpenter,luisbarnes@example.net,France,2020-08-11,Basic,8546.05
9818,Mark Glass,odaniels@example.org,Australia,2023-08-04,Standard,45401.0
9819,Linda Lozano,austin41@example.org,France,2024-06-22,Basic,31365.26
9820,Kathryn Williams,wmarshall@example.org,Canada,2021-08-05,Standard,32580.41
9821,Rebecca Warner,fwhite@example.org,Germany,2020-01-28,Standard,49191.56
9822,Ray Jones,cherylyoder@example.org,Australia,2024-03-19,Standard,32570.6
9823,Paula Macias,sylviagibbs@example.net,USA,2022-09-21,Basic,22884.75
9824,Jacob Woodward,travisramirez@example.com,France,2023-01-04,Premium,30748.38
9825,Kelly Gomez,emilykelley@example.net,UK,2023-12-20,Standard,41048.87
9826,Todd Salinas,sloanconnie@example.com,Canada,2023-12-19,Standard,29699.22
9827,Karen Cortez,jaredwheeler@example.net,France,2022-09-12,Standard,16005.55
9828,Mario Reed,mollyhiggins@example.org,UK,2023-08-07,Standard,2945.72
9829,Dale Barnes,alexa82@example.net,India,2021-04-21,Standard,42748.22
9830,Antonio Nelson,allengriffin@example.net,France,2020-03-12,Standard,18810.32
9831,Lori Barnes,beverlymills@example.org,Canada,2023-02-27,Standard,38738.9
9832,Michael Jimenez,sschneider@example.net,UK,2021-01-07,Standard,28935.65
9833,Scott Pham,antonioweeks@example.com,France,2020-10-23,Basic,9971.21
9834,Joshua Sanchez,collinskathryn@example.net,UK,2022-09-15,Standard,20865.82
9835,Edwin Johnson,natalietaylor@example.net,Australia,2021-01-20,Premium,3627.57
9836,Michael Le,rojascatherine@example.net,Germany,2022-10-23,Premium,16335.22
9837,Kevin Sanchez,michaelbennett@example.com,France,2020-06-22,Premium,39079.0
9838,Angela Clay,elizabeth13@example.org,USA,2020-02-28,Standard,18013.88
9839,Michael Jones,anthonymiller@example.net,Canada,2021-08-30,Premium,18602.29
9840,Monica Yang,foleyjon@example.com,UK,2023-12-13,Premium,40874.87
9841,Ricky Griffith,johnalvarado@example.org,Canada,2024-09-10,Basic,37150.55
9842,Becky English,makayla63@example.net,France,2020-01-30,Standard,4903.74
9843,Jordan Rogers,erica19@example.org,UK,2024-03-13,Standard,17783.92
9844,Victoria Phillips,phillipsbobby@example.org,Australia,2022-05-24,Basic,45844.88
9845,Elizabeth Rodriguez,jgomez@example.net,India,2022-10-13,Standard,15500.26
9846,Christina Spencer,tgreen@example.net,India,2022-09-06,Standard,43042.06
9847,Jennifer Friedman,scott77@example.net,Australia,2023-10-19,Standard,37839.86
9848,Benjamin Fitzgerald,nchavez@example.org,Canada,2023-07-13,Premium,42689.75
9849,Eugene Reynolds,shannonboyer@example.org,Canada,2021-06-11,Standard,24612.69
9850,James Wood,murphytaylor@example.net,Germany,2022-09-16,Basic,7203.89
9851,Jessica Robinson,brian14@example.org,USA,2020-07-01,Premium,43322.01
9852,Luis Boyd,jeffreyhuff@example.org,Germany,2020-10-04,Standard,40511.06
9853,Charles Esparza,joanna29@example.net,Australia,2020-04-14,Basic,49653.04
9854,Christopher Thomas,anthonydeleon@example.org,USA,2023-05-06,Basic,33953.64
9855,Rebecca Harrison,jeffreythomas@example.net,USA,2023-03-14,Basic,5690.64
9856,Stephen Ramirez,craig74@example.net,Germany,2022-09-20,Standard,44353.47
9857,Hunter Scott,williamstaylor@example.org,Australia,2024-04-30,Basic,32726.67
9858,Ruth Banks,kirk30@example.net,Germany,2023-07-05,Standard,47232.24
9859,Candice Gonzalez,pamelabailey@example.net,UK,2020-11-01,Standard,34131.32
9860,Catherine Bowers,edwinwilliams@example.net,Canada,2022-01-28,Basic,47715.47
9861,Travis Patrick,randallmitchell@example.com,India,2020-04-09,Basic,22117.67
9862,Judith Alexander,mezajeffrey@example.net,UK,2024-11-05,Standard,12284.0
9863,Dr. Eric White,tonypreston@example.org,Canada,2020-01-17,Basic,10951.13
9864,Amy Curry,williammartin@example.net,India,2024-10-13,Standard,47703.17
9865,Sheryl Henson MD,christopherbenton@example.com,USA,2023-03-18,Basic,44893.51
9866,Travis Fry,shannon26@example.org,Australia,2023-11-05,Standard,8182.5
9867,Robert Villarreal,hendersonmichael@example.net,USA,2023-02-19,Basic,36626.96
9868,Rachel Gonzales,taylorkara@example.com,UK,2023-11-03,Basic,44442.14
9869,Joseph Smith,markdillon@example.com,France,2024-12-18,Premium,11820.33
9870,Bethany Ray,david21@example.org,Australia,2024-10-06,Premium,40078.21
9871,Jennifer Navarro,omiller@example.com,USA,2020-06-03,Standard,27402.37
9872,Kyle Graves,zblake@example.org,UK,2024-12-24,Premium,1967.98
9873,Ryan Vang,richardelizabeth@example.org,India,2024-09-04,Premium,7737.99
9874,Kayla Fox,eporter@example.com,India,2020-05-14,Standard,27244.27
9875,Kevin Williams,stephaniedelgado@example.org,Germany,2020-01-20,Premium,13163.35
9876,Lori Chaney,melissa31@example.com,UK,2023-01-07,Standard,27552.62
9877,Shawn Spencer,wintersvirginia@example.org,Germany,2021-10-16,Standard,31653.56
9878,Rachel Oliver,leachjoe@example.com,USA,2022-02-27,Premium,28436.81
9879,Tiffany Williams,sarahhall@example.com,France,2022-04-11,Basic,42716.41
9880,Rachel Osborne,chadreed@example.net,USA,2024-05-09,Premium,1127.93
9881,Jennifer Kennedy,,USA,2024-06-04,Standard,24829.22
9882,Mary Diaz,natalie33@example.net,USA,2024-01-01,Standard,15341.22
9883,Brittney Melendez,karen42@example.net,India,2021-01-28,Standard,3410.53
9884,Lisa Howe,millerjennifer@example.net,India,2023-11-25,Premium,42188.43
9885,Kathryn Espinoza,nataliedavis@example.org,India,2022-06-12,Premium,14685.57
9886,Diane Fernandez,arthurcrawford@example.com,USA,2023-04-19,Standard,18382.71
9887,Douglas Hunt,palmerrandy@example.net,Australia,2022-12-12,Standard,15242.73
9888,Dylan Lynn,jonesjudith@example.org,India,2024-07-15,Standard,48791.0
9889,Ariel Davis,paulachen@example.com,USA,2022-01-06,Standard,33982.86
9890,Anthony Armstrong,mariabauer@example.com,France,2022-12-06,Standard,37775.53
9891,Brittany Burns,brandon33@example.net,Australia,2020-10-17,Standard,32881.14
9892,Christian Clark,ortizjulia@example.net,Germany,2021-04-22,Basic,3930.08
9893,Anthony Flores,paul93@example.com,Germany,2020-08-14,Basic,44571.99
9894,Aaron Franklin,maria20@example.net,Germany,2024-11-28,Standard,24891.17
9895,Randy Valdez,lauracollins@example.org,Germany,2022-09-18,Basic,22752.37
9896,Meredith Davis,madisonwalker@example.com,UK,2024-08-20,Basic,45899.45
9897,Gina Mckinney,jacqueline46@example.net,Australia,2023-05-02,Standard,24071.11
9898,Pamela Webster,robert90@example.org,France,2024-07-05,Premium,10732.85
9899,Gregory Stewart,walshtimothy@example.org,Germany,2021-07-02,Standard,28730.66
9900,Jacqueline Phillips,ericharris@example.org,France,2024-01-25,Standard,40014.08
9901,Tina Brown,geraldholland@example.org,India,2023-12-21,Standard,11318.75
9902,Tyrone Gibson,nelsonjason@example.net,USA,2022-02-07,Premium,12720.34
9903,Travis Hansen,jaimemurray@example.org,UK,2021-04-02,Standard,46476.7
9904,Robert Parker,austinsheila@example.net,Canada,2020-10-24,Premium,36853.57
9905,Joshua Peck,douglasjustin@example.org,Germany,2023-04-10,Basic,14099.41
9906,Karla Cooley,estewart@example.net,Germany,2022-04-20,Basic,1627.99
9907,Katherine Irwin,michaelwilliams@example.net,Australia,2020-06-11,Standard,20196.71
9908,Jonathan Webb,kjones@example.com,UK,2024-05-21,Standard,12473.96
9909,Debbie Vasquez,npeterson@example.org,France,2021-11-30,Premium,43831.0
9910,Rachael Austin,jordannoah@example.net,Canada,2023-01-29,Standard,31028.84
9911,Heather Rogers,brian28@example.net,Australia,2020-09-28,Premium,49224.52
9912,Eddie Cook,zacevedo@example.com,France,2022-10-20,Standard,19625.75
9913,Carla Everett,robert45@example.com,India,2021-05-12,Standard,14018.49
9914,Shari Aguirre,usaunders@example.net,UK,2021-11-02,Premium,11853.36
9915,Kenneth Knox,clarencebailey@example.org,USA,2022-12-17,Premium,28220.69
9916,Jason Reyes,janicekelly@example.com,USA,2022-03-13,Basic,11472.4
9917,Aaron Murphy,deborah43@example.net,UK,2022-01-21,Standard,22858.72
9918,Traci Aguilar,wtorres@example.com,India,2022-11-22,Premium,23466.22
9919,Kathy Wells,xweaver@example.org,France,2022-07-26,Basic,9941.27
9920,Teresa Forbes,pattersontodd@example.net,Germany,2021-10-29,Standard,2852.97
9921,Jennifer Haynes,patriciavang@example.com,Australia,2022-10-13,Standard,32479.16
9922,David Robinson,prattkimberly@example.com,Canada,2020-09-14,Basic,33721.11
9923,David Trujillo,andrewsjamie@example.com,USA,2023-12-31,Basic,42486.02
9924,Brian Bryant,sotoandrew@example.org,Germany,2023-06-15,Basic,25855.81
9925,Lisa Munoz,brandonbean@example.com,France,2021-07-31,Standard,23452.41
9926,Peter Taylor,melanie40@example.org,Australia,2023-02-01,Basic,26948.53
9927,Carl Anderson,jmartin@example.com,Canada,2021-02-13,Basic,8320.65
9928,Steven Butler,floresamanda@example.net,Canada,2020-09-17,Basic,48750.23
9929,Anthony Ross,erinmitchell@example.org,Canada,2022-11-23,Basic,1661.05
9930,George Reyes,dustinsmith@example.net,India,2022-08-30,Basic,33988.9
9931,Jillian Watson,hpark@example.net,India,2024-01-10,Standard,38474.52
9932,April Williams,tanya94@example.net,France,2023-11-01,Standard,48498.13
9933,Brandon Watson,zachary88@example.org,Australia,2024-06-18,Basic,14822.75
9934,Sheri Jones,katrinabrown@example.net,India,2023-04-19,Standard,33466.46
9935,John Murphy,schneiderjoshua@example.com,Germany,2022-07-28,Premium,47184.93
9936,Randall Powell,ggalloway@example.org,India,2020-11-12,Basic,47632.96
9937,Gary Taylor,ibaker@example.net,Australia,2021-12-15,Standard,20501.86
9938,Bruce Munoz,thompsontheresa@example.net,India,2021-11-22,Standard,47556.7
9939,Richard Griffin,paynestacey@example.net,USA,2022-04-19,Standard,38502.59
9940,Mr. John Knox MD,brittneyoconnor@example.com,UK,2021-10-04,Basic,24928.5
9941,James Carey,tylerespinoza@example.net,France,2023-12-16,Standard,20779.96
9942,Darlene Bowen,rodriguezjustin@example.org,India,2023-01-21,Basic,48985.14
9943,Sara Daniels,qpatrick@example.org,Germany,2023-04-06,Standard,787.61
9944,Jason Carlson,tristan41@example.org,USA,2022-07-31,Standard,38850.25
9945,Jeff Martinez,kaiserphillip@example.com,France,2020-11-18,Standard,11284.03
9946,Lisa Graham,raymond10@example.net,Canada,2023-05-04,Standard,6816.73
9947,Emma Knight,ijohnson@example.com,Canada,2024-09-03,Standard,38656.62
9948,Dr. Carol Johnson DDS,mistyarnold@example.net,Germany,2024-07-27,Standard,24195.94
9949,Michelle Hicks,fmccormick@example.com,Australia,2020-04-05,Standard,40562.65
9950,Sharon Garrett,kanediane@example.com,India,2020-05-29,Standard,38812.36
9951,Joanne Johnson,ycarter@example.com,USA,2020-08-30,Basic,25719.98
9952,Elizabeth Lee,millerkyle@example.org,India,2024-11-17,Standard,31253.95
9953,David Evans,rickey24@example.org,Australia,2020-07-06,Standard,29535.48
9954,Tracy Vazquez,zblankenship@example.com,India,2022-02-06,Standard,28723.16
9955,Donna Ibarra,milesjill@example.com,USA,2024-07-15,Premium,42768.15
9956,Ronald Stephens,kevincastillo@example.net,India,2023-12-20,Basic,34036.35
9957,Danny Sawyer,lawrencehanson@example.net,India,2021-08-23,Standard,38413.41
9958,Philip Zimmerman,bennettjessica@example.com,UK,2023-10-05,Premium,4278.52
9959,Peter Smith,dharper@example.net,USA,2024-09-03,Standard,19009.88
9960,Leonard Cisneros,austinbeck@example.org,UK,2020-05-02,Standard,6322.45
9961,Jeffrey Meadows,marialopez@example.net,Germany,2020-03-26,Standard,44887.08
9962,Patrick Campbell,pearsonjillian@example.net,Germany,2024-12-29,Premium,13634.24
9963,Megan Gibson,zmcgee@example.org,Australia,2024-10-14,Standard,9970.74
9964,Carrie Smith,robert21@example.net,Canada,2023-05-09,Standard,19128.52
9965,Karen Bailey,michaelking@example.net,France,2020-04-21,Standard,48627.99
9966,Christine Howell,joseph25@example.org,Canada,2024-07-24,Basic,16597.12
9967,Barbara Anderson,xburton@example.net,UK,2024-05-22,Standard,43779.43
9968,Keith Mendoza,jensenjason@example.com,France,2023-02-21,Standard,3744.67
9969,Jill Morales,jonathan51@example.org,UK,2024-10-02,Premium,3416.43
9970,Rhonda Moore,lori36@example.org,France,2020-08-13,Basic,1448.25
9971,Matthew Rose,gsmith@example.com,India,2022-02-16,Standard,24491.13
9972,Timothy Calderon,andersonrichard@example.net,USA,2021-08-13,Standard,29194.57
9973,William Stevens,matthew99@example.org,India,2020-03-01,Premium,43570.05
9974,Brandy Harper,colemannicole@example.com,USA,2024-06-23,Basic,15533.67
9975,Brenda Hall,ispencer@example.com,USA,2020-01-13,Basic,39230.37
9976,Edward Schroeder,millertaylor@example.com,Germany,2022-03-29,Basic,12292.77
9977,Adam Valencia,bennettnicholas@example.org,Canada,2020-09-15,Basic,28070.85
9978,Cody Green,sheryllevy@example.net,France,2024-09-01,Standard,21278.56
9979,Jonathan Owen,kdonovan@example.com,India,2024-04-22,Standard,48169.7
9980,Dawn Williams,meredithcampbell@example.org,UK,2024-11-27,Basic,28586.68
9981,Lauren Richards,arose@example.org,France,2024-04-10,Standard,7169.29
9982,Matthew Johnson,itaylor@example.org,Canada,2021-12-10,Premium,13833.09
9983,Yesenia Blanchard,nicolewatkins@example.net,Canada,2024-12-18,Standard,21985.56
9984,Rebecca Downs,ptaylor@example.net,Canada,2024-09-18,Basic,26812.22
9985,Phyllis Lester,angelascott@example.net,USA,2023-11-03,Standard,36019.85
9986,Pamela Thompson,johngarcia@example.org,France,2020-05-24,Premium,5412.67
9987,Lauren Ellis,taylorbryan@example.net,Canada,2021-10-01,Standard,42619.74
9988,Corey Gomez,tmercado@example.net,UK,2021-11-20,Premium,39973.71
9989,James Parker,vhenry@example.net,India,2021-06-04,Standard,18584.86
9990,Elizabeth Lutz,christopher61@example.net,USA,2024-08-22,Standard,2892.58
9991,Ray Stewart,stephen23@example.org,USA,2021-02-17,Standard,46654.24
9992,Patricia Bennett,stephanie45@example.com,UK,2024-07-10,Standard,25448.37
9993,Susan Simpson,petersonbrittany@example.net,India,2022-05-26,Premium,40312.66
9994,Adrian Harris,paula16@example.org,UK,2021-07-07,Basic,35831.97
9995,Carol Williams,vjohnson@example.org,Germany,2020-05-19,Standard,44137.73
9996,John Cox,richardrichardson@example.org,France,2023-11-19,Standard,10669.75
9997,Robert Miller,robertjackson@example.com,USA,2023-01-01,Basic,14805.05
9998,Lori Yang,steven59@example.com,India,2023-10-14,Premium,35216.83
9999,Lindsay Calderon,matthewgreen@example.org,Germany,2024-12-20,Standard,12730.29
10000,Billy White,durhamlaura@example.com,Canada,2020-07-16,Standard,19586.87
6253,Angela Hale,kgrant@example.com,India,2022-08-11,Standard,27886.16
4685,Andrew Dawson,amandaaguilar@example.com,India,2023-07-23,Premium,26148.88
1732,Douglas Santos,kevin89@example.com,France,2024-08-05,Standard,29950.45
4743,Mark King,karenjohnson@example.com,India,2024-04-27,Standard,6403.79
4522,Joseph Dixon,sallen@example.net,Canada,2023-04-28,Standard,46714.02
6341,Cody Moran,kfarmer@example.org,Australia,2023-07-24,Basic,12958.6
577,Renee Gonzales,andrewgray@example.net,France,2020-09-03,Standard,45362.95
5203,Kimberly Horton,flewis@example.org,France,2021-03-07,Standard,7637.42
6364,Tina Sims,ehines@example.org,UK,2022-09-15,Premium,36591.24
440,Sara Caldwell,stacychan@example.org,France,2023-08-14,Basic,10716.76
